0557-BLACK-10,557,BLK,,EMBLSHD SKRT ST,69928640067,,,,,,,,,,,,SIZE,,,
0557-BLACK-12,557,BLK,,EMBLSHD SKRT ST,69928640075,,,,,,,,,,,,,,557,BLK
0557-BLACK-14,557,BLK,,EMBLSHD SKRT ST,69928640083,,,,,,,,,,,,,,557,RED
0557-BLACK-16,557,BLK,,EMBLSHD SKRT ST,69928640091,,,,,,,,,,,,,,0557W,BLK
0557-BLACK-18,557,BLK,,EMBLSHD SKRT ST,69928640109,,,,,,,,,,,,,,0557W,RED
0557-RED-10,557,RED,,EMBLSHD SKRT ST,69928640265,,,,,,,,,,,,,,0557W,WHT
0557-RED-12,557,RED,,EMBLSHD SKRT ST,69928640273,,,,,,,,,,,,,,,
0557-RED-14,557,RED,,EMBLSHD SKRT ST,69928640281,,,,,,,,,,,,,,,
0557-RED-16,557,RED,,EMBLSHD SKRT ST,69928640299,,,,,,,,,,,,,,,
0557-RED-18,557,RED,,EMBLSHD SKRT ST,69928640307,,,,,,,,,,,,,,,
0557-RED-8,557,RED,,EMBLSHD SKRT ST,69928640257,,,,,,,,,,,,,,,
0557W-BLACK-14W,0557W,BLK,,EMBLSHD SKRT ST,87602660018,,,,,,,,,,,,,,,
0557W-BLACK-16W,0557W,BLK,,EMBLSHD SKRT ST,87602660026,,,,,,,,,,,,,,,
0557W-BLACK-18W,0557W,BLK,,EMBLSHD SKRT ST,87602660034,,,,,,,,,,,,,,,
0557W-BLACK-20W,0557W,BLK,,EMBLSHD SKRT ST,87602660042,,,,,,,,,,,,,,,
0557W-BLACK-22W,0557W,BLK,,EMBLSHD SKRT ST,87602660059,,,,,,,,,,,,,,,
0557W-BLACK-24W,0557W,BLK,,EMBLSHD SKRT ST,87602660067,,,,,,,,,,,,,,,
0557W-BLACK-26W,0557W,BLK,,EMBLSHD SKRT ST,87602660075,,,,,,,,,,,,,,,
0557-WHITE-10,,,,EMBLSHD SKRT ST,69928640463,557,WHT,,,,,,,,,,,,,
0557-WHITE-12,,,,EMBLSHD SKRT ST,69928640471,557,WHT,,,,,,,,,,,,,
0557-WHITE-14,,,,EMBLSHD SKRT ST,69928640489,557,WHT,,,,,,,,,,,,,
0557-WHITE-16,,,,EMBLSHD SKRT ST,69928640497,557,WHT,,,,,,,,,,,,,
0557-WHITE-18,,,,EMBLSHD SKRT ST,69928640505,557,WHT,,,,,,,,,,,,,
0557W-RED-14W,0557W,RED,,EMBLSHD SKRT ST,87602660216,,,,,,,,,,,,,,,
0557W-RED-16W,0557W,RED,,EMBLSHD SKRT ST,87602660224,,,,,,,,,,,,,,,
0557W-RED-18W,0557W,RED,,EMBLSHD SKRT ST,87602660232,,,,,,,,,,,,,,,
0557W-RED-20W,0557W,RED,,EMBLSHD SKRT ST,87602660240,,,,,,,,,,,,,,,
0557W-RED-22W,0557W,RED,,EMBLSHD SKRT ST,87602660257,,,,,,,,,,,,,,,
0557W-RED-24W,0557W,RED,,EMBLSHD SKRT ST,87602660265,,,,,,,,,,,,,,,
0557W-RED-26W,0557W,RED,,EMBLSHD SKRT ST,87602660273,,,,,,,,,,,,,,,
0557W-WHITE-14W,,,,EMBLSHD SKRT ST,87602660414,0557W,WHT,,,,,,,,,,,,,
0557W-WHITE-16W,,,,EMBLSHD SKRT ST,87602660422,0557W,WHT,,,,,,,,,,,,,
0557W-WHITE-18W,,,,EMBLSHD SKRT ST,87602660430,0557W,WHT,,,,,,,,,,,,,
0557W-WHITE-20W,,,,EMBLSHD SKRT ST,87602660448,0557W,WHT,,,,,,,,,,,,,
0557W-WHITE-22W,,,,EMBLSHD SKRT ST,87602660455,0557W,WHT,,,,,,,,,,,,,
0557W-WHITE-24W,,,,EMBLSHD SKRT ST,87602660463,0557W,WHT,,,,,,,,,,,,,
0557W-WHITE-26W,,,,EMBLSHD SKRT ST,87602660471,0557W,WHT,,,,,,,,,,,,,
0650-BLACK-10,650,BLK,,3 PC SKRT SUIT,69928670067,,,,,,,,,,,,,,,
0650-BLACK-12,650,BLK,,3 PC SKRT SUIT,69928670075,,,,,,,,,,,,,,650,BLK
0650-BLACK-14,650,BLK,,3 PC SKRT SUIT,69928670083,,,,,,,,,,,,,,650,CHOCO
0650-BLACK-16,650,BLK,,3 PC SKRT SUIT,69928670091,,,,,,,,,,,,,,650,RYL
0650-BLACK-18,650,BLK,,3 PC SKRT SUIT,69928670109,,,,,,,,,,,,,,650,SIL
0650-BLACK-8,650,BLK,,3 PC SKRT SUIT,69928670059,,,,,,,,,,,,,,650,WHT
0650-CHOCOLATE-10,650,CHOCO,,3 PC SKRT SUIT,69928670265,,,,,,,,,,,,,,0650W,BLK
0650-CHOCOLATE-14,650,CHOCO,,3 PC SKRT SUIT,69928670281,,,,,,,,,,,,,,0650W,CHOCO
0650-CHOCOLATE-16,650,CHOCO,,3 PC SKRT SUIT,69928670299,,,,,,,,,,,,,,0650W,RYL
0650-CHOCOLATE-18,650,CHOCO,,3 PC SKRT SUIT,69928670307,,,,,,,,,,,,,,0650W,SIL
0650-CHOCOLATE-8,650,CHOCO,,3 PC SKRT SUIT,69928670257,,,,,,,,,,,,,,0650W,WHT
0650-ROYAL-10,650,RYL,,3 PC SKRT SUIT,69928670463,,,,,,,,,,,,,,,
0650-ROYAL-12,650,RYL,,3 PC SKRT SUIT,69928670471,,,,,,,,,,,,,,,
0650-ROYAL-14,650,RYL,,3 PC SKRT SUIT,69928670489,,,,,,,,,,,,,,,
0650-ROYAL-16,650,RYL,,3 PC SKRT SUIT,69928670497,,,,,,,,,,,,,,,
0650-ROYAL-18,650,RYL,,3 PC SKRT SUIT,69928670505,,,,,,,,,,,,,,,
0650-ROYAL-8,650,RYL,,3 PC SKRT SUIT,69928670455,,,,,,,,,,,,,,,
0650-SILVER-10,650,SIL,,3 PC SKRT SUIT,69928670661,,,,,,,,,,,,,,,
0650-SILVER-12,650,SIL,,3 PC SKRT SUIT,69928670679,,,,,,,,,,,,,,,
0650-SILVER-14,650,SIL,,3 PC SKRT SUIT,69928670687,,,,,,,,,,,,,,,
0650-SILVER-16,650,SIL,,3 PC SKRT SUIT,69928670695,,,,,,,,,,,,,,,
0650-SILVER-18,650,SIL,,3 PC SKRT SUIT,69928670703,,,,,,,,,,,,,,,
0650-SILVER-8,650,SIL,,3 PC SKRT SUIT,69928670653,,,,,,,,,,,,,,,
0650W-BLACK-14W,0650W,BLK,,3 PC SKRT SUIT,87602700018,,,,,,,,,,,,,,,
0650W-BLACK-16W,0650W,BLK,,3 PC SKRT SUIT,87602700026,,,,,,,,,,,,,,,
0650W-BLACK-18W,0650W,BLK,,3 PC SKRT SUIT,87602700034,,,,,,,,,,,,,,,
0650W-BLACK-20W,0650W,BLK,,3 PC SKRT SUIT,87602700042,,,,,,,,,,,,,,,
0650W-BLACK-22W,0650W,BLK,,3 PC SKRT SUIT,87602700059,,,,,,,,,,,,,,,
0650W-BLACK-24W,0650W,BLK,,3 PC SKRT SUIT,87602700067,,,,,,,,,,,,,,,
0650W-BLACK-26W,0650W,BLK,,3 PC SKRT SUIT,87602700075,,,,,,,,,,,,,,,
0650W-BLACK-28W,0650W,BLK,,3 PC SKRT SUIT,87602700083,,,,,,,,,,,,,,,
0650W-BLACK-30W,0650W,BLK,,3 PC SKRT SUIT,87602700091,,,,,,,,,,,,,,,
0650W-CHOCOLATE-14W,0650W,CHOCO,,3 PC SKRT SUIT,87602700216,,,,,,,,,,,,,,,
0650W-CHOCOLATE-16W,0650W,CHOCO,,3 PC SKRT SUIT,87602700224,,,,,,,,,,,,,,,
0650W-CHOCOLATE-18W,0650W,CHOCO,,3 PC SKRT SUIT,87602700232,,,,,,,,,,,,,,,
0650W-CHOCOLATE-20W,0650W,CHOCO,,3 PC SKRT SUIT,87602700240,,,,,,,,,,,,,,,
0650W-CHOCOLATE-22W,0650W,CHOCO,,3 PC SKRT SUIT,87602700257,,,,,,,,,,,,,,,
0650W-CHOCOLATE-24W,0650W,CHOCO,,3 PC SKRT SUIT,87602700265,,,,,,,,,,,,,,,
0650W-CHOCOLATE-26W,0650W,CHOCO,,3 PC SKRT SUIT,87602700273,,,,,,,,,,,,,,,
0650-WHITE-10,650,WHT,,3 PC SKRT SUIT,69928670869,,,,,,,,,,,,,,,
0650-WHITE-12,650,WHT,,3 PC SKRT SUIT,69928670877,,,,,,,,,,,,,,,
0650-WHITE-14,650,WHT,,3 PC SKRT SUIT,69928670885,,,,,,,,,,,,,,,
0650-WHITE-16,650,WHT,,3 PC SKRT SUIT,69928670893,,,,,,,,,,,,,,,
0650-WHITE-18,650,WHT,,3 PC SKRT SUIT,69928670901,,,,,,,,,,,,,,,
0650-WHITE-8,650,WHT,,3 PC SKRT SUIT,69928670851,,,,,,,,,,,,,,,
0650W-ROYAL-14W,0650W,RYL,,3 PC SKRT SUIT,87602700414,,,,,,,,,,,,,,,
0650W-ROYAL-16W,0650W,RYL,,3 PC SKRT SUIT,87602700422,,,,,,,,,,,,,,,
0650W-ROYAL-18W,0650W,RYL,,3 PC SKRT SUIT,87602700430,,,,,,,,,,,,,,,
0650W-ROYAL-20W,0650W,RYL,,3 PC SKRT SUIT,87602700448,,,,,,,,,,,,,,,
0650W-ROYAL-22W,0650W,RYL,,3 PC SKRT SUIT,87602700455,,,,,,,,,,,,,,,
0650W-ROYAL-24W,0650W,RYL,,3 PC SKRT SUIT,87602700463,,,,,,,,,,,,,,,
0650W-ROYAL-26W,0650W,RYL,,3 PC SKRT SUIT,87602700471,,,,,,,,,,,,,,,
0650W-ROYAL-28W,0650W,RYL,,3 PC SKRT SUIT,87602700489,,,,,,,,,,,,,,,
0650W-ROYAL-30W,0650W,RYL,,3 PC SKRT SUIT,87602700497,,,,,,,,,,,,,,,
0650W-SILVER-14W,0650W,SIL,,3 PC SKRT SUIT,87602700612,,,,,,,,,,,,,,,
0650W-SILVER-16W,0650W,SIL,,3 PC SKRT SUIT,87602700620,,,,,,,,,,,,,,,
0650W-SILVER-18W,0650W,SIL,,3 PC SKRT SUIT,87602700638,,,,,,,,,,,,,,,
0650W-SILVER-20W,0650W,SIL,,3 PC SKRT SUIT,87602700646,,,,,,,,,,,,,,,
0650W-SILVER-22W,0650W,SIL,,3 PC SKRT SUIT,87602700653,,,,,,,,,,,,,,,
0650W-SILVER-24W,0650W,SIL,,3 PC SKRT SUIT,87602700661,,,,,,,,,,,,,,,
0650W-SILVER-26W,0650W,SIL,,3 PC SKRT SUIT,87602700679,,,,,,,,,,,,,,,
0650W-WHITE-14W,0650W,WHT,,3 PC SKRT SUIT,87602700810,,,,,,,,,,,,,,,
0650W-WHITE-16W,0650W,WHT,,3 PC SKRT SUIT,87602700828,,,,,,,,,,,,,,,
0650W-WHITE-18W,0650W,WHT,,3 PC SKRT SUIT,87602700836,,,,,,,,,,,,,,,
0650W-WHITE-20W,0650W,WHT,,3 PC SKRT SUIT,87602700844,,,,,,,,,,,,,,,
0650W-WHITE-22W,0650W,WHT,,3 PC SKRT SUIT,87602700851,,,,,,,,,,,,,,,
0650W-WHITE-24W,0650W,WHT,,3 PC SKRT SUIT,87602700869,,,,,,,,,,,,,,,
0650W-WHITE-26W,0650W,WHT,,3 PC SKRT SUIT,87602700877,,,,,,,,,,,,,,,
0650W-WHITE-28W,0650W,WHT,,3 PC SKRT SUIT,87602700885,,,,,,,,,,,,,,,
0650W-WHITE-30W,0650W,WHT,,3 PC SKRT SUIT,87602700893,,,,,,,,,,,,,,,
0654-BLACK-10,654,BLK,,2 PC SKRT SUIT,69928680067,,,,,,,,,,,,,,,
0654-BLACK-12,654,BLK,,2 PC SKRT SUIT,69928680075,,,,,,,,,,,,,654,BLK,
0654-BLACK-18,654,BLK,,2 PC SKRT SUIT,69928680109,,,,,,,,,,,,,654,PURPLE,
0654-BLACK-8,654,BLK,,2 PC SKRT SUIT,69928680059,,,,,,,,,,,,,654,RED,
0654-PURPLE-10,654,PURPLE,,2 PC SKRT SUIT,69928680265,,,,,,,,,,,,,654,RYL,
0654-PURPLE-12,654,PURPLE,,2 PC SKRT SUIT,69928680273,,,,,,,,,,,,,0654W,BLK,
0654-PURPLE-14,654,PURPLE,,2 PC SKRT SUIT,69928680281,,,,,,,,,,,,,0654W,PURPLE,
0654-PURPLE-16,654,PURPLE,,2 PC SKRT SUIT,69928680299,,,,,,,,,,,,,0654W,RED,
0654-PURPLE-18,654,PURPLE,,2 PC SKRT SUIT,69928680307,,,,,,,,,,,,,0654W,RYL,
0654-PURPLE-8,654,PURPLE,,2 PC SKRT SUIT,69928680257,,,,,,,,,,,,,0654W,WHT,
0654-RED-10,654,RED,,2 PC SKRT SUIT,69928680463,,,,,,,,,,,,,,,
0654-RED-12,654,RED,,2 PC SKRT SUIT,69928680471,,,,,,,,,,,,,,,
0654-RED-14,654,RED,,2 PC SKRT SUIT,69928680489,,,,,,,,,,,,,,,
0654-RED-16,654,RED,,2 PC SKRT SUIT,69928680497,,,,,,,,,,,,,,,
0654-RED-18,654,RED,,2 PC SKRT SUIT,69928680505,,,,,,,,,,,,,,,
0654-ROYAL-10,,,,2 PC SKRT SUIT,69928680869,654,RYL,,,,,,,,,,,,,
0654-ROYAL-12,,,,2 PC SKRT SUIT,69928680877,654,RYL,,,,,,,,,,,,,
0654-ROYAL-14,,,,2 PC SKRT SUIT,69928680885,654,RYL,,,,,,,,,,,,,
0654-ROYAL-16,,,,2 PC SKRT SUIT,69928680893,654,RYL,,,,,,,,,,,,,
0654-ROYAL-18,,,,2 PC SKRT SUIT,69928680901,654,RYL,,,,,,,,,,,,,
0654-ROYAL-8,,,,2 PC SKRT SUIT,69928680851,654,RYL,,,,,,,,,,,,,
0654W-BLACK-14W,0654W,BLK,,2 PC SKRT SUIT,87602710018,,,,,,,,,,,,,,,
0654W-BLACK-16W,0654W,BLK,,2 PC SKRT SUIT,87602710026,,,,,,,,,,,,,,,
0654W-BLACK-18W,0654W,BLK,,2 PC SKRT SUIT,87602710034,,,,,,,,,,,,,,,
0654W-BLACK-20W,0654W,BLK,,2 PC SKRT SUIT,87602710042,,,,,,,,,,,,,,,
0654W-BLACK-22W,0654W,BLK,,2 PC SKRT SUIT,87602710059,,,,,,,,,,,,,,,
0654W-BLACK-24W,0654W,BLK,,2 PC SKRT SUIT,87602710067,,,,,,,,,,,,,,,
0654W-BLACK-26W,0654W,BLK,,2 PC SKRT SUIT,87602710075,,,,,,,,,,,,,,,
0654-WHITE-10,,,,2 PC SKRT SUIT,69928680661,654,WHT,,,,,,,,,,,,,
0654-WHITE-12,,,,2 PC SKRT SUIT,69928680679,654,WHT,,,,,,,,,,,,,
0654-WHITE-14,,,,2 PC SKRT SUIT,69928680687,654,WHT,,,,,,,,,,,,,
0654-WHITE-16,,,,2 PC SKRT SUIT,69928680695,654,WHT,,,,,,,,,,,,,
0654-WHITE-18,,,,2 PC SKRT SUIT,69928680703,654,WHT,,,,,,,,,,,,,
0654-WHITE-8,,,,2 PC SKRT SUIT,69928680653,654,WHT,,,,,,,,,,,,,
0654W-PURPLE-14W,0654W,PURPLE,,2 PC SKRT SUIT,87602710216,,,,,,,,,,,,,,,
0654W-PURPLE-16W,0654W,PURPLE,,2 PC SKRT SUIT,87602710224,,,,,,,,,,,,,,,
0654W-PURPLE-18W,0654W,PURPLE,,2 PC SKRT SUIT,87602710232,,,,,,,,,,,,,,,
0654W-PURPLE-20W,0654W,PURPLE,,2 PC SKRT SUIT,87602710240,,,,,,,,,,,,,,,
0654W-PURPLE-22W,0654W,PURPLE,,2 PC SKRT SUIT,87602710257,,,,,,,,,,,,,,,
0654W-PURPLE-24W,0654W,PURPLE,,2 PC SKRT SUIT,87602710265,,,,,,,,,,,,,,,
0654W-PURPLE-26W,0654W,PURPLE,,2 PC SKRT SUIT,87602710273,,,,,,,,,,,,,,,
0654W-RED-14W,0654W,RED,,2 PC SKRT SUIT,87602710414,,,,,,,,,,,,,,,
0654W-RED-16W,0654W,RED,,2 PC SKRT SUIT,87602710422,,,,,,,,,,,,,,,
0654W-RED-18W,0654W,RED,,2 PC SKRT SUIT,87602710430,,,,,,,,,,,,,,,
0654W-RED-20W,0654W,RED,,2 PC SKRT SUIT,87602710448,,,,,,,,,,,,,,,
0654W-RED-22W,0654W,RED,,2 PC SKRT SUIT,87602710455,,,,,,,,,,,,,,,
0654W-RED-24W,0654W,RED,,2 PC SKRT SUIT,87602710463,,,,,,,,,,,,,,,
0654W-RED-26W,0654W,RED,,2 PC SKRT SUIT,87602710471,,,,,,,,,,,,,,,
0654W-ROYAL-14W,0654W,RYL,,2 PC SKRT SUIT,87602710810,,,,,,,,,,,,,,,
0654W-ROYAL-16W,0654W,RYL,,2 PC SKRT SUIT,87602710828,,,,,,,,,,,,,,,
0654W-ROYAL-18W,0654W,RYL,,2 PC SKRT SUIT,87602710836,,,,,,,,,,,,,,,
0654W-ROYAL-20W,0654W,RYL,,2 PC SKRT SUIT,87602710844,,,,,,,,,,,,,,,
0654W-ROYAL-22W,0654W,RYL,,2 PC SKRT SUIT,87602710851,,,,,,,,,,,,,,,
0654W-ROYAL-24W,0654W,RYL,,2 PC SKRT SUIT,87602710869,,,,,,,,,,,,,,,
0654W-ROYAL-26W,0654W,RYL,,2 PC SKRT SUIT,87602710877,,,,,,,,,,,,,,,
0654W-WHITE-14W,,,,2 PC SKRT SUIT,87602710612,0654W,WHT,,,,,,,,,,,,,
0654W-WHITE-16W,,,,2 PC SKRT SUIT,87602710620,0654W,WHT,,,,,,,,,,,,,
0654W-WHITE-18W,,,,2 PC SKRT SUIT,87602710638,0654W,WHT,,,,,,,,,,,,,
0654W-WHITE-20W,,,,2 PC SKRT SUIT,87602710646,0654W,WHT,,,,,,,,,,,,,
0654W-WHITE-22W,,,,2 PC SKRT SUIT,87602710653,0654W,WHT,,,,,,,,,,,,,
0654W-WHITE-24W,,,,2 PC SKRT SUIT,87602710661,0654W,WHT,,,,,,,,,,,,,
0654W-WHITE-26W,,,,2 PC SKRT SUIT,87602710679,0654W,WHT,,,,,,,,,,,,,
0711-LIME-10,0711A,LIME,,2PC SKRT SUIT,81501570067,,,,,,,,,,,,,,,
0711-LIME-12,0711A,LIME,,2PC SKRT SUIT,81501570075,,,,,,,,,,,,,,D1494,IVY
0711-LIME-14,0711A,LIME,,2PC SKRT SUIT,81501570083,,,,,,,,,,,,,,D1494,PINK
0711-LIME-16,0711A,LIME,,2PC SKRT SUIT,81501570091,,,,,,,,,,,,,,D1494W,IVY
0711-LIME-18,0711A,LIME,,2PC SKRT SUIT,81501570109,,,,,,,,,,,,,,D1494W,PINK
0711-NAVY-10,0711A,NAVY,,2PC SKRT SUIT,81501570265,,,,,,,,,,,,,,,
0711-NAVY-12,0711A,NAVY,,2PC SKRT SUIT,81501570273,,,,,,,,,,,,,,,
0711-NAVY-14,0711A,NAVY,,2PC SKRT SUIT,81501570281,,,,,,,,,,,,,,,
0711-NAVY-16,0711A,NAVY,,2PC SKRT SUIT,81501570299,,,,,,,,,,,,,,,
0711-NAVY-18,0711A,NAVY,,2PC SKRT SUIT,81501570307,,,,,,,,,,,,,,,
0711-NAVY-8,0711A,NAVY,,2PC SKRT SUIT,81501570257,,,,,,,,,,,,,,,
0711W-LIME-14W,0711W,LIME,,2PC SKRT SUIT,81501580018,,,,,,,,,,,,,,,
0711W-LIME-16W,0711W,LIME,,2PC SKRT SUIT,81501580026,,,,,,,,,,,,,,,
0711W-LIME-18W,0711W,LIME,,2PC SKRT SUIT,81501580034,,,,,,,,,,,,,,,
0711W-LIME-20W,0711W,LIME,,2PC SKRT SUIT,81501580042,,,,,,,,,,,,,,,
0711W-LIME-22W,0711W,LIME,,2PC SKRT SUIT,81501580059,,,,,,,,,,,,,,,
0711W-LIME-24W,0711W,LIME,,2PC SKRT SUIT,81501580067,,,,,,,,,,,,,,,
0711W-NAVY-14W,0711W,NAVY,,2PC SKRT SUIT,81501580216,,,,,,,,,,,,,,,
0711W-NAVY-16W,0711W,NAVY,,2PC SKRT SUIT,81501580224,,,,,,,,,,,,,,,
0711W-NAVY-18W,0711W,NAVY,,2PC SKRT SUIT,81501580232,,,,,,,,,,,,,,,
0711W-NAVY-20W,0711W,NAVY,,2PC SKRT SUIT,81501580240,,,,,,,,,,,,,,,
0711W-NAVY-22W,0711W,NAVY,,2PC SKRT SUIT,81501580257,,,,,,,,,,,,,,,
0711W-NAVY-24W,0711W,NAVY,,2PC SKRT SUIT,81501580265,,,,,,,,,,,,,,,
0711W-NAVY-26W,0711W,NAVY,,2PC SKRT SUIT,81501580273,,,,,,,,,,,,,,,
0825-BLACK-10,825,BLK,,3PC SKRT SUIT,81501590067,,,,,,,,,,,,,,,
0825-BLACK-12,825,BLK,,3PC SKRT SUIT,81501590075,,,,,,,,,,,,,D1495,NAVY,
0825-BLACK-14,825,BLK,,3PC SKRT SUIT,81501590083,,,,,,,,,,,,,D1495,WHT,
0825-BLACK-16,825,BLK,,3PC SKRT SUIT,81501590091,,,,,,,,,,,,,D1495W,NAVY,
0825-BLACK-18,825,BLK,,3PC SKRT SUIT,81501590109,,,,,,,,,,,,,D1495W,WHT,
0825-BLACK-8,825,BLK,,3PC SKRT SUIT,81501590059,,,,,,,,,,,,,,,
0825-CHOCO-10,825,CHOCO,,3PC SKRT SUIT,81501590265,,,,,,,,,,,,,,,
0825-CHOCO-12,825,CHOCO,,3PC SKRT SUIT,81501590273,,,,,,,,,,,,,,,
0825-CHOCO-14,825,CHOCO,,3PC SKRT SUIT,81501590281,,,,,,,,,,,,,,,
0825-CHOCO-16,825,CHOCO,,3PC SKRT SUIT,81501590299,,,,,,,,,,,,,,,
0825-CHOCO-18,825,CHOCO,,3PC SKRT SUIT,81501590307,,,,,,,,,,,,,,,
0825-CHOCO-8,825,CHOCO,,3PC SKRT SUIT,81501590257,,,,,,,,,,,,,,,
0825W-BLACK-14W,0825W,BLK,,3PC SKRT SUIT,81501600018,,,,,,,,,,,,,,,
0825W-BLACK-16W,0825W,BLK,,3PC SKRT SUIT,81501600026,,,,,,,,,,,,,,,
0825W-BLACK-18W,0825W,BLK,,3PC SKRT SUIT,81501600034,,,,,,,,,,,,,,,
0825W-BLACK-20W,0825W,BLK,,3PC SKRT SUIT,81501600042,,,,,,,,,,,,,,,
0825W-BLACK-22W,0825W,BLK,,3PC SKRT SUIT,81501600059,,,,,,,,,,,,,,,
0825W-BLACK-24W,0825W,BLK,,3PC SKRT SUIT,81501600067,,,,,,,,,,,,,,,
0825W-BLACK-26W,0825W,BLK,,3PC SKRT SUIT,81501600075,,,,,,,,,,,,,,,
0825W-CHOCO-14W,0825W,CHOCO,,3PC SKRT SUIT,81501600216,,,,,,,,,,,,,,,
0825W-CHOCO-16W,0825W,CHOCO,,3PC SKRT SUIT,81501600224,,,,,,,,,,,,,,,
0825W-CHOCO-18W,0825W,CHOCO,,3PC SKRT SUIT,81501600232,,,,,,,,,,,,,,,
0825W-CHOCO-20W,0825W,CHOCO,,3PC SKRT SUIT,81501600240,,,,,,,,,,,,,,,
0825W-CHOCO-22W,0825W,CHOCO,,3PC SKRT SUIT,81501600257,,,,,,,,,,,,,,,
0825W-CHOCO-24W,0825W,CHOCO,,3PC SKRT SUIT,81501600265,,,,,,,,,,,,,,,
0825W-CHOCO-26W,0825W,CHOCO,,3PC SKRT SUIT,81501600273,,,,,,,,,,,,,D1496,BLUE,
0825-WHITE-10,825,WHT,,3PC SKRT SUIT,81501620067,,,,,,,,,,,,,D1496W,BLUE,
0825-WHITE-12,825,WHT,,3PC SKRT SUIT,81501620075,,,,,,,,,,,,,,,
0825-WHITE-14,825,WHT,,3PC SKRT SUIT,81501620083,,,,,,,,,,,,,,,
0825-WHITE-16,825,WHT,,3PC SKRT SUIT,81501620091,,,,,,,,,,,,,,,
0825-WHITE-18,825,WHT,,3PC SKRT SUIT,81501620109,,,,,,,,,,,,,,,
0825-WHITE-8,825,WHT,,3PC SKRT SUIT,81501620059,,,,,,,,,,,,,,,
0825W-WHITE-14W,0825W,WHT,,3PC SKRT SUIT,81501630018,,,,,,,,,,,,,,,
0825W-WHITE-16W,0825W,WHT,,3PC SKRT SUIT,81501630026,,,,,,,,,,,,,,,
0825W-WHITE-18W,0825W,WHT,,3PC SKRT SUIT,81501630034,,,,,,,,,,,,,,,
0825W-WHITE-20W,0825W,WHT,,3PC SKRT SUIT,81501630042,,,,,,,,,,,,,,,
0825W-WHITE-22W,0825W,WHT,,3PC SKRT SUIT,81501630059,,,,,,,,,,,,,,,
0825W-WHITE-24W,0825W,WHT,,3PC SKRT SUIT,81501630067,,,,,,,,,,,,,,,
0825W-WHITE-26W,0825W,WHT,,3PC SKRT SUIT,81501630075,,,,,,,,,,,,,D1497,LIME GREEN,
D1486-NAVY-10,D1486,NAVY,,1PC SHIFT DRS,22002740067,,,,,,,,,,,,,D1497W,LIME GREEN,
D1486-NAVY-12,D1486,NAVY,,1PC SHIFT DRS,22002740075,,,,,,,,,,,,,,,
D1486-NAVY-14,D1486,NAVY,,1PC SHIFT DRS,22002740083,,,,,,,,,,,,,,,
D1486-NAVY-16,D1486,NAVY,,1PC SHIFT DRS,22002740091,,,,,,,,,,,,,,,
D1486-NAVY-18,D1486,NAVY,,1PC SHIFT DRS,22002740109,,,,,,,,,,,,,,,
D1486-WHITE-10,D1486,WHT,,1PC SHIFT DRS,22002740265,,,,,,,,,,,,,,,
D1486-WHITE-12,D1486,WHT,,1PC SHIFT DRS,22002740273,,,,,,,,,,,,,,,
D1486-WHITE-14,D1486,WHT,,1PC SHIFT DRS,22002740281,,,,,,,,,,,,,,,
D1486-WHITE-16,D1486,WHT,,1PC SHIFT DRS,22002740299,,,,,,,,,,,,,,,
D1486-WHITE-18,D1486,WHT,,1PC SHIFT DRS,22002740307,,,,,,,,,,,,,,,
D1486W-NAVY-14W,D1486W,NAVY,,1PC SHIFT DRS,87607640018,,,,,,,,,,,,,D1498,NAVY,
D1486W-NAVY-16W,D1486W,NAVY,,1PC SHIFT DRS,87607640026,,,,,,,,,,,,,D1498W,NAVY,
D1486W-NAVY-18W,D1486W,NAVY,,1PC SHIFT DRS,87607640034,,,,,,,,,,,,,,,
D1486W-NAVY-20W,D1486W,NAVY,,1PC SHIFT DRS,87607640042,,,,,,,,,,,,,,,
D1486W-NAVY-22W,D1486W,NAVY,,1PC SHIFT DRS,87607640059,,,,,,,,,,,,,,,
D1486W-NAVY-24W,D1486W,NAVY,,1PC SHIFT DRS,87607640067,,,,,,,,,,,,,,,
D1486W-NAVY-26W,D1486W,NAVY,,1PC SHIFT DRS,87607640075,,,,,,,,,,,,,,,
D1486W-WHITE-14W,D1486W,WHT,,1PC SHIFT DRS,87607640216,,,,,,,,,,,,,,,
D1486W-WHITE-16W,D1486W,WHT,,1PC SHIFT DRS,87607640224,,,,,,,,,,,,,,,
D1486W-WHITE-18W,D1486W,WHT,,1PC SHIFT DRS,87607640232,,,,,,,,,,,,,,,
D1486W-WHITE-20W,D1486W,WHT,,1PC SHIFT DRS,87607640240,,,,,,,,,,,,,,,
D1486W-WHITE-22W,D1486W,WHT,,1PC SHIFT DRS,87607640257,,,,,,,,,,,,,G0844,BLK,
D1486W-WHITE-24W,D1486W,WHT,,1PC SHIFT DRS,87607640265,,,,,,,,,,,,,G0844,GLD/BLK,
D1486W-WHITE-26W,D1486W,WHT,,1PC SHIFT DRS,87607640273,,,,,,,,,,,,,G0844,SIL,
D1491-CHAMP-10,D1491,CHAM,,1PC BRCD DRS,22002750067,,,,,,,,,,,,,G0844W,BLK,
D1491-CHAMP-12,D1491,CHAM,,1PC BRCD DRS,22002750075,,,,,,,,,,,,,G0844W,CHAM,
D1491-CHAMP-14,D1491,CHAM,,1PC BRCD DRS,22002750083,,,,,,,,,,,,,G0844W,GLD/BLK,
D1491-CHAMP-16,D1491,CHAM,,1PC BRCD DRS,22002750091,,,,,,,,,,,,,G0844W,ICE BLUE,
D1491-CHAMP-18,D1491,CHAM,,1PC BRCD DRS,22002750109,,,,,,,,,,,,,G0844W,IVY,
D1491-CHAMP-8,D1491,CHAM,,1PC BRCD DRS,22002750059,,,,,,,,,,,,,G0844W,SIL,
D1491W-CHAMP-14W,D1491W,CHAM,,1PC BRCD DRS,87607650018,,,,,,,,,,,,,G0844W,WHT,
D1491W-CHAMP-16W,D1491W,CHAM,,1PC BRCD DRS,87607650026,,,,,,,,,,,,,,,
D1491W-CHAMP-18W,D1491W,CHAM,,1PC BRCD DRS,87607650034,,,,,,,,,,,,,,,
D1491W-CHAMP-20W,D1491W,CHAM,,1PC BRCD DRS,87607650042,,,,,,,,,,,,,,,
D1491W-CHAMP-22W,D1491W,CHAM,,1PC BRCD DRS,87607650059,,,,,,,,,,,,,,,
D1491W-CHAMP-24W,D1491W,CHAM,,1PC BRCD DRS,87607650067,,,,,,,,,,,,,,,
D1494-IVORY-10,D1494,IVY,,1PC A-LINE DRS,22002700067,,,,,,,,,,,,,,,
D1494-IVORY-12,D1494,IVY,,1PC A-LINE DRS,22002700075,,,,,,,,,,,,,,,
D1494-IVORY-14,D1494,IVY,,1PC A-LINE DRS,22002700083,,,,,,,,,,,,,,,
D1494-IVORY-16,D1494,IVY,,1PC A-LINE DRS,22002700091,,,,,,,,,,,,,,,
D1494-IVORY-18,D1494,IVY,,1PC A-LINE DRS,22002700109,,,,,,,,,,,,,,,
D1494-PINK-10,D1494,PINK,,1PC A-LINE DRS,22002700265,,,,,,,,,,,,,,,
D1494-PINK-12,D1494,PINK,,1PC A-LINE DRS,22002700273,,,,,,,,,,,,,,,
D1494-PINK-14,D1494,PINK,,1PC A-LINE DRS,22002700281,,,,,,,,,,,,,,,
D1494-PINK-16,D1494,PINK,,1PC A-LINE DRS,22002700299,,,,,,,,,,,,,,,
D1494-PINK-18,D1494,PINK,,1PC A-LINE DRS,22002700307,,,,,,,,,,,,,,,
D1494W-IVORY-14W,D1494W,IVY,,1PC A-LINE DRS,87607570018,,,,,,,,,,,,,,,
D1494W-IVORY-16W,D1494W,IVY,,1PC A-LINE DRS,87607570026,,,,,,,,,,,,,,,
D1494W-IVORY-18W,D1494W,IVY,,1PC A-LINE DRS,87607570034,,,,,,,,,,,,,,,
D1494W-IVORY-20W,D1494W,IVY,,1PC A-LINE DRS,87607570042,,,,,,,,,,,,,,,
D1494W-IVORY-22W,D1494W,IVY,,1PC A-LINE DRS,87607570059,,,,,,,,,,,,,,,
D1494W-IVORY-24W,D1494W,IVY,,1PC A-LINE DRS,87607570067,,,,,,,,,,,,,,,
D1494W-IVORY-26W,D1494W,IVY,,1PC A-LINE DRS,87607570075,,,,,,,,,,,,,,,
D1494W-PINK-14W,D1494W,PINK,,1PC A-LINE DRS,87607570216,,,,,,,,,,,,,,,
D1494W-PINK-16W,D1494W,PINK,,1PC A-LINE DRS,87607570224,,,,,,,,,,,,,,,
D1494W-PINK-18W,D1494W,PINK,,1PC A-LINE DRS,87607570232,,,,,,,,,,,,,,,
D1494W-PINK-20W,D1494W,PINK,,1PC A-LINE DRS,87607570240,,,,,,,,,,,,,,,
D1494W-PINK-22W,D1494W,PINK,,1PC A-LINE DRS,87607570257,,,,,,,,,,,,,,,
D1494W-PINK-24W,D1494W,PINK,,1PC A-LINE DRS,87607570265,,,,,,,,,,,,,,,
D1494W-PINK-26W,D1494W,PINK,,1PC A-LINE DRS,87607570273,,,,,,,,,,,,,,,
D1495-NAVY-10,D1495,NAVY,,1PC SHEATH DRS,22002690067,,,,,,,,,,,,,,,
D1495-NAVY-12,D1495,NAVY,,1PC SHEATH DRS,22002690075,,,,,,,,,,,,,,,
D1495-NAVY-14,D1495,NAVY,,1PC SHEATH DRS,22002690083,,,,,,,,,,,,,,,
D1495-NAVY-16,D1495,NAVY,,1PC SHEATH DRS,22002690091,,,,,,,,,,,,,,,
D1495-NAVY-18,D1495,NAVY,,1PC SHEATH DRS,22002690109,,,,,,,,,,,,,,,
D1495-WHITE-10,D1495,WHT,,1PC SHEATH DRS,22002690265,,,,,,,,,,,,,,,
D1495-WHITE-12,D1495,WHT,,1PC SHEATH DRS,22002690273,,,,,,,,,,,,,,,
D1495-WHITE-14,D1495,WHT,,1PC SHEATH DRS,22002690281,,,,,,,,,,,,,,,
D1495-WHITE-16,D1495,WHT,,1PC SHEATH DRS,22002690299,,,,,,,,,,,,,,,
D1495-WHITE-18,D1495,WHT,,1PC SHEATH DRS,22002690307,,,,,,,,,,,,,,,
D1495W-NAVY-14W,D1495W,NAVY,,1PC SHEATH DRS,87607550018,,,,,,,,,,,,,G1007,BLK,
D1495W-NAVY-16W,D1495W,NAVY,,1PC SHEATH DRS,87607550026,,,,,,,,,,,,,G1007,CHOCO,
D1495W-NAVY-18W,D1495W,NAVY,,1PC SHEATH DRS,87607550034,,,,,,,,,,,,,G1007,Emerald,
D1495W-NAVY-20W,D1495W,NAVY,,1PC SHEATH DRS,87607550042,,,,,,,,,,,,,G1007,RED,
D1495W-NAVY-22W,D1495W,NAVY,,1PC SHEATH DRS,87607550059,,,,,,,,,,,,,G1007W,BLK,
D1495W-NAVY-24W,D1495W,NAVY,,1PC SHEATH DRS,87607550067,,,,,,,,,,,,,G1007W,CHOCO,
D1495W-NAVY-26W,D1495W,NAVY,,1PC SHEATH DRS,87607550075,,,,,,,,,,,,,G1007W,Emerald,
D1495W-WHITE-14W,D1495W,WHT,,1PC SHEATH DRS,87607550216,,,,,,,,,,,,,G1007W,ICE BLUE,
D1495W-WHITE-16W,D1495W,WHT,,1PC SHEATH DRS,87607550224,,,,,,,,,,,,,G1007W,RED,
D1495W-WHITE-18W,D1495W,WHT,,1PC SHEATH DRS,87607550232,,,,,,,,,,,,,G1007W,SPK,
D1495W-WHITE-20W,D1495W,WHT,,1PC SHEATH DRS,87607550240,,,,,,,,,,,,,G1007W,WHT,
D1495W-WHITE-22W,D1495W,WHT,,1PC SHEATH DRS,87607550257,,,,,,,,,,,,,,,
D1495W-WHITE-24W,D1495W,WHT,,1PC SHEATH DRS,87607550265,,,,,,,,,,,,,,,
D1495W-WHITE-26W,D1495W,WHT,,1PC SHEATH DRS,87607550273,,,,,,,,,,,,,,,
D1496-BLUE-10,D1496,,,1PC DRESS,22001830067,,,,,,,,,,,,,,,
D1496-BLUE-12,D1496,BLUE,,1PC DRESS,22001830075,,,,,,,,,,,,,,,
D1496-BLUE-14,D1496,BLUE,,1PC DRESS,22001830083,,,,,,,,,,,,,,,
D1496-BLUE-16,D1496,BLUE,,1PC DRESS,22001830091,,,,,,,,,,,,,,,
D1496-BLUE-18,D1496,BLUE,,1PC DRESS,22001830109,,,,,,,,,,,,,,,
D1496W-BLUE-14W,D1496W,BLUE,,1PC DRESS,87605640018,,,,,,,,,,,,,,,
D1496W-BLUE-16W,D1496W,,,1PC DRESS,87605640026,,,,,,,,,,,,,,,
D1496W-BLUE-18W,D1496W,BLUE,,1PC DRESS,87605640034,,,,,,,,,,,,,,,
D1496W-BLUE-20W,D1496W,BLUE,,1PC DRESS,87605640042,,,,,,,,,,,,,,,
D1496W-BLUE-22W,D1496W,BLUE,,1PC DRESS,87605640059,,,,,,,,,,,,,,,
D1496W-BLUE-24W,D1496W,BLUE,,1PC DRESS,87605640067,,,,,,,,,,,,,,,
D1497-GREEN-10,D1497,LIME GREEN,,1PC A-LINE DRS,22002680067,,,,,,,,,,,,,,,
D1497-GREEN-12,D1497,LIME GREEN,,1PC A-LINE DRS,22002680075,,,,,,,,,,,,,,,
D1497-GREEN-14,D1497,LIME GREEN,,1PC A-LINE DRS,22002680083,,,,,,,,,,,,,,,
D1497-GREEN-16,D1497,LIME GREEN,,1PC A-LINE DRS,22002680091,,,,,,,,,,,,,,,
D1497-GREEN-18,D1497,LIME GREEN,,1PC A-LINE DRS,22002680109,,,,,,,,,,,,,,,
D1497W-GREEN-14W,D1497W,LIME GREEN,,1PC A-LINE DRS,87607560018,,,,,,,,,,,,,,,
D1497W-GREEN-16W,D1497W,LIME GREEN,,1PC A-LINE DRS,87607560026,,,,,,,,,,,,,,,
D1497W-GREEN-18W,D1497W,LIME GREEN,,1PC A-LINE DRS,87607560034,,,,,,,,,,,,,,,
D1497W-GREEN-20W,D1497W,LIME GREEN,,1PC A-LINE DRS,87607560042,,,,,,,,,,,,,,,
D1497W-GREEN-22W,D1497W,LIME GREEN,,1PC A-LINE DRS,87607560059,,,,,,,,,,,,,,,
D1497W-GREEN-24W,D1497W,LIME GREEN,,1PC A-LINE DRS,87607560067,,,,,,,,,,,,,,,
D1498-NAVY-10,D1498,NAVY,,1PC LONG DRS,22002670067,,,,,,,,,,,,,,,
D1498-NAVY-12,D1498,NAVY,,1PC LONG DRS,22002670075,,,,,,,,,,,,,,,
D1498-NAVY-14,D1498,NAVY,,1PC LONG DRS,22002670083,,,,,,,,,,,,,,,
D1498-NAVY-16,D1498,NAVY,,1PC LONG DRS,22002670091,,,,,,,,,,,,,,,
D1498-NAVY-18,D1498,NAVY,,1PC LONG DRS,22002670109,,,,,,,,,,,,,,,
D1498W-NAVY-14W,D1498W,NAVY,,1PC LONG DRS,87607540018,,,,,,,,,,,,,,,
D1498W-NAVY-16W,D1498W,NAVY,,1PC LONG DRS,87607540026,,,,,,,,,,,,,,,
D1498W-NAVY-18W,D1498W,NAVY,,1PC LONG DRS,87607540034,,,,,,,,,,,,,,,
D1498W-NAVY-20W,D1498W,NAVY,,1PC LONG DRS,87607540042,,,,,,,,,,,,,,,
D1498W-NAVY-22W,D1498W,NAVY,,1PC LONG DRS,87607540059,,,,,,,,,,,,,,,
D1498W-NAVY-24W,D1498W,NAVY,,1PC LONG DRS,87607540067,,,,,,,,,,,,,,,
G0844-BLACK-10,G0844,BLK,,3 PC SKRT SUIT,69928700067,,,,,,,,,,,,,G1018,BLK,
G0844-BLACK-12,G0844,BLK,,3 PC SKRT SUIT,69928700075,,,,,,,,,,,,,G1018,CRAN,
G0844-BLACK-14,G0844,BLK,,3 PC SKRT SUIT,69928700083,,,,,,,,,,,,,G1018,GINGER,
G0844-BLACK-16,G0844,BLK,,3 PC SKRT SUIT,69928700091,,,,,,,,,,,,,G1018,PURPLE,
G0844-BLACK-18,G0844,BLK,,3 PC SKRT SUIT,69928700109,,,,,,,,,,,,,G1018,WHT,
G0844-BLACK-8,G0844,BLK,,3 PC SKRT SUIT,69928700059,,,,,,,,,,,,,G1018W,BLK,
G0844-ICE BLUE-10,,,,3 PC SKRT SUIT,69928700265,,,,,,,,,,,,,G1018W,CRAN,
G0844-ICE BLUE-12,,,,3 PC SKRT SUIT,69928700273,,,,,,,,,,,,,G1018W,GINGER,
G0844-ICE BLUE-14,,,,3 PC SKRT SUIT,69928700281,,,,,,,,,,,,,G1018W,PURPLE,
G0844-ICE BLUE-16,,,,3 PC SKRT SUIT,69928700299,,,,,,,,,,,,,G1018W,SPK,
G0844-ICE BLUE-18,,,,3 PC SKRT SUIT,69928700307,,,,,,,,,,,,,G1018W,WHT,
G0844-ICE BLUE-8,,,,3 PC SKRT SUIT,69928700257,,,,,,,,,,,,,,,
G0844-IVORY-10,,,,3 PC SKRT SUIT,69928700463,,,,,,,,,,,,,,,
G0844-IVORY-12,,,,3 PC SKRT SUIT,69928700471,,,,,,,,,,,,,,,
G0844-IVORY-14,,,,3 PC SKRT SUIT,69928700489,,,,,,,,,,,,,,,
G0844-IVORY-16,,,,3 PC SKRT SUIT,69928700497,,,,,,,,,,,,,,,
G0844-IVORY-18,,,,3 PC SKRT SUIT,69928700505,,,,,,,,,,,,,,,
G0844-IVORY-8,,,,3 PC SKRT SUIT,69928700455,,,,,,,,,,,,,,,
G0844W-BLACK-14W,G0844W,BLK,,3 PC SKRT SUIT,87602730018,,,,,,,,,,,,,,,
G0844W-BLACK-16W,G0844W,BLK,,3 PC SKRT SUIT,87602730026,,,,,,,,,,,,,,,
G0844W-BLACK-18W,G0844W,BLK,,3 PC SKRT SUIT,87602730034,,,,,,,,,,,,,,,
G0844W-BLACK-20W,G0844W,BLK,,3 PC SKRT SUIT,87602730042,,,,,,,,,,,,,,,
G0844W-BLACK-22W,G0844W,BLK,,3 PC SKRT SUIT,87602730059,,,,,,,,,,,,,,,
G0844W-BLACK-24W,G0844W,BLK,,3 PC SKRT SUIT,87602730067,,,,,,,,,,,,,,,
G0844-WHITE-10,,,,3 PC SKRT SUIT,69928700661,,,,,,,,,,,,,,,
G0844-WHITE-12,,,,3 PC SKRT SUIT,69928700679,,,,,,,,,,,,,,,
G0844-WHITE-14,,,,3 PC SKRT SUIT,69928700687,,,,,,,,,,,,,,,
G0844-WHITE-16,,,,3 PC SKRT SUIT,69928700695,,,,,,,,,,,,,,,
G0844-WHITE-18,,,,3 PC SKRT SUIT,69928700703,,,,,,,,,,,,,,,
G0844-WHITE-8,,,,3 PC SKRT SUIT,69928700653,,,,,,,,,,,,,,,
G0844W-ICE BLUE-14W,G0844W,ICE BLUE,,3 PC SKRT SUIT,87602730216,,,,,,,,,,,,,,,
G0844W-ICE BLUE-16W,G0844W,ICE BLUE,,3 PC SKRT SUIT,87602730224,,,,,,,,,,,,,,,
G0844W-ICE BLUE-18W,G0844W,ICE BLUE,,3 PC SKRT SUIT,87602730232,,,,,,,,,,,,,,,
G0844W-ICE BLUE-20W,G0844W,ICE BLUE,,3 PC SKRT SUIT,87602730240,,,,,,,,,,,,,,,
G0844W-ICE BLUE-22W,G0844W,ICE BLUE,,3 PC SKRT SUIT,87602730257,,,,,,,,,,,,,,,
G0844W-ICE BLUE-24W,G0844W,ICE BLUE,,3 PC SKRT SUIT,87602730265,,,,,,,,,,,,,,,
G0844W-IVORY-14W,G0844W,IVY,,3 PC SKRT SUIT,87602730414,,,,,,,,,,,,,,,
G0844W-IVORY-16W,G0844W,IVY,,3 PC SKRT SUIT,87602730422,,,,,,,,,,,,,,,
G0844W-IVORY-18W,G0844W,IVY,,3 PC SKRT SUIT,87602730430,,,,,,,,,,,,,,,
G0844W-IVORY-20W,G0844W,IVY,,3 PC SKRT SUIT,87602730448,,,,,,,,,,,,,,,
G0844W-IVORY-22W,G0844W,IVY,,3 PC SKRT SUIT,87602730455,,,,,,,,,,,,,,,
G0844W-IVORY-24W,G0844W,IVY,,3 PC SKRT SUIT,87602730463,,,,,,,,,,,,,,,
G0844W-IVORY-26W,G0844W,IVY,,3 PC SKRT SUIT,87602730471,,,,,,,,,,,,,G1032,BLK/SIL,
G0844W-WHITE-14W,G0844W,WHT,,3 PC SKRT SUIT,87602730612,,,,,,,,,,,,,G1032W,BLK/SIL,
G0844W-WHITE-16W,G0844W,WHT,,3 PC SKRT SUIT,87602730620,,,,,,,,,,,,,,,
G0844W-WHITE-18W,G0844W,WHT,,3 PC SKRT SUIT,87602730638,,,,,,,,,,,,,,,
G0844W-WHITE-20W,G0844W,WHT,,3 PC SKRT SUIT,87602730646,,,,,,,,,,,,,,,
G0844W-WHITE-22W,G0844W,WHT,,3 PC SKRT SUIT,87602730653,,,,,,,,,,,,,,,
G0844W-WHITE-24W,G0844W,WHT,,3 PC SKRT SUIT,87602730661,,,,,,,,,,,,,,,
G1007-BLACK-10,G1007,BLK,,3 PC SKRT SUIT,69928660067,,,,,,,,,,,,,,,
G1007-BLACK-12,G1007,BLK,,3 PC SKRT SUIT,69928660075,,,,,,,,,,,,,,,
G1007-BLACK-14,G1007,BLK,,3 PC SKRT SUIT,69928660083,,,,,,,,,,,,,,,
G1007-BLACK-16,G1007,BLK,,3 PC SKRT SUIT,69928660091,,,,,,,,,,,,,,,
G1007-BLACK-18,G1007,BLK,,3 PC SKRT SUIT,69928660109,,,,,,,,,,,,,,,
G1007-BLACK-8,G1007,BLK,,3 PC SKRT SUIT,69928660059,,,,,,,,,,,,,G1039,BLACK/WHT,
G1007-CHOCOLATE-10,G1007,CHOCO,,3 PC SKRT SUIT,69928660265,,,,,,,,,,,,,G1039,EMERALD/WHT,
G1007-CHOCOLATE-12,G1007,CHOCO,,3 PC SKRT SUIT,69928660273,,,,,,,,,,,,,G1039W,BLACK/WHT,
G1007-CHOCOLATE-14,G1007,CHOCO,,3 PC SKRT SUIT,69928660281,,,,,,,,,,,,,G1039W,EMERALD/WHT,
G1007-CHOCOLATE-16,G1007,CHOCO,,3 PC SKRT SUIT,69928660299,,,,,,,,,,,,,G1039W,GOLD/WHT,
G1007-CHOCOLATE-18,G1007,CHOCO,,3 PC SKRT SUIT,69928660307,,,,,,,,,,,,,,,
G1007-EMERALD-10,G1007,Emerald,,3 PC SKRT SUIT,69928660463,,,,,,,,,,,,,,,
G1007-EMERALD-12,G1007,Emerald,,3 PC SKRT SUIT,69928660471,,,,,,,,,,,,,,,
G1007-EMERALD-14,G1007,Emerald,,3 PC SKRT SUIT,69928660489,,,,,,,,,,,,,,,
G1007-EMERALD-16,G1007,Emerald,,3 PC SKRT SUIT,69928660497,,,,,,,,,,,,,,,
G1007-EMERALD-18,G1007,Emerald,,3 PC SKRT SUIT,69928660505,,,,,,,,,,,,,,,
G1007-RED-10,G1007,RED,,3 PC SKRT SUIT,69928660661,,,,,,,,,,,,,,,
G1007-RED-12,G1007,RED,,3 PC SKRT SUIT,69928660679,,,,,,,,,,,,,,,
G1007-RED-14,G1007,RED,,3 PC SKRT SUIT,69928660687,,,,,,,,,,,,,,,
G1007-RED-16,G1007,RED,,3 PC SKRT SUIT,69928660695,,,,,,,,,,,,,,,
G1007-RED-18,G1007,RED,,3 PC SKRT SUIT,69928660703,,,,,,,,,,,,,,,
G1007W-BLACK-14W,G1007W,BLK,,3 PC SKRT SUIT,87602680018,,,,,,,,,,,,,,,
G1007W-BLACK-16W,G1007W,BLK,,3 PC SKRT SUIT,87602680026,,,,,,,,,,,,,,,
G1007W-BLACK-18W,G1007W,BLK,,3 PC SKRT SUIT,87602680034,,,,,,,,,,,,,,,
G1007W-BLACK-20W,G1007W,BLK,,3 PC SKRT SUIT,87602680042,,,,,,,,,,,,,,,
G1007W-BLACK-22W,G1007W,BLK,,3 PC SKRT SUIT,87602680059,,,,,,,,,,,,,,,
G1007W-BLACK-24W,G1007W,BLK,,3 PC SKRT SUIT,87602680067,,,,,,,,,,,,,,,
G1007W-BLACK-26W,G1007W,BLK,,3 PC SKRT SUIT,87602680075,,,,,,,,,,,,,,,
G1007W-CHOCOLATE-14W,G1007W,CHOCO,,3 PC SKRT SUIT,87602680216,,,,,,,,,,,,,,,
G1007W-CHOCOLATE-16W,G1007W,CHOCO,,3 PC SKRT SUIT,87602680224,,,,,,,,,,,,,,,
G1007W-CHOCOLATE-18W,G1007W,CHOCO,,3 PC SKRT SUIT,87602680232,,,,,,,,,,,,,,,
G1007W-CHOCOLATE-20W,G1007W,CHOCO,,3 PC SKRT SUIT,87602680240,,,,,,,,,,,,,,,
G1007W-CHOCOLATE-22W,G1007W,CHOCO,,3 PC SKRT SUIT,87602680257,,,,,,,,,,,,,,,
G1007W-CHOCOLATE-24W,G1007W,CHOCO,,3 PC SKRT SUIT,87602680265,,,,,,,,,,,,,,,
G1007W-EMERALD-14W,G1007W,Emerald,,3 PC SKRT SUIT,87602680414,,,,,,,,,,,,,G1042,EMERALD/WHT,
G1007W-EMERALD-16W,G1007W,Emerald,,3 PC SKRT SUIT,87602680422,,,,,,,,,,,,,G1042,GOLD/WHT,
G1007W-EMERALD-18W,G1007W,Emerald,,3 PC SKRT SUIT,87602680430,,,,,,,,,,,,,G1042,WHT,
G1007W-EMERALD-20W,G1007W,Emerald,,3 PC SKRT SUIT,87602680448,,,,,,,,,,,,,G1042W,EMERALD/WHT,
G1007W-EMERALD-22W,G1007W,Emerald,,3 PC SKRT SUIT,87602680455,,,,,,,,,,,,,G1042W,GOLD/WHT,
G1007W-EMERALD-24W,G1007W,Emerald,,3 PC SKRT SUIT,87602680463,,,,,,,,,,,,,G1042W,WHT,
G1007W-RED-14W,G1007W,RED,,3 PC SKRT SUIT,87602680612,,,,,,,,,,,,,,,
G1007W-RED-16W,G1007W,RED,,3 PC SKRT SUIT,87602680620,,,,,,,,,,,,,,,
G1007W-RED-18W,G1007W,RED,,3 PC SKRT SUIT,87602680638,,,,,,,,,,,,,,,
G1007W-RED-20W,G1007W,RED,,3 PC SKRT SUIT,87602680646,,,,,,,,,,,,,,,
G1007W-RED-22W,G1007W,RED,,3 PC SKRT SUIT,87602680653,,,,,,,,,,,,,,,
G1007W-RED-24W,G1007W,RED,,3 PC SKRT SUIT,87602680661,,,,,,,,,,,,,,,
G1007W-RED-26W,G1007W,RED,,3 PC SKRT SUIT,87602680679,,,,,,,,,,,,,,,
G1018-BLACK-10,G1018,BLK,,3 PC SKRT SUIT,69928650067,,,,,,,,,,,,,,,
G1018-BLACK-12,G1018,BLK,,3 PC SKRT SUIT,69928650075,,,,,,,,,,,,,,,
G1018-BLACK-14,G1018,BLK,,3 PC SKRT SUIT,69928650083,,,,,,,,,,,,,,,
G1018-BLACK-16,G1018,BLK,,3 PC SKRT SUIT,69928650091,,,,,,,,,,,,,,,
G1018-BLACK-18,G1018,BLK,,3 PC SKRT SUIT,69928650109,,,,,,,,,,,,,,,
G1018-GINGER-10,G1018,GINGER,,3 PC SKRT SUIT,69928650265,,,,,,,,,,,,,,,
G1018-GINGER-12,G1018,GINGER,,3 PC SKRT SUIT,69928650273,G1042,WHT,,,,,,,,,,,,,
G1018-GINGER-14,G1018,GINGER,,3 PC SKRT SUIT,69928650281,G1042,WHT,,,,,,,,,,,,,
G1018-GINGER-16,G1018,GINGER,,3 PC SKRT SUIT,69928650299,G1042,WHT,,,,,,,,,,,,,
G1018-GINGER-18,G1018,GINGER,,3 PC SKRT SUIT,69928650307,G1042,WHT,,,,,,,,,,,,,
G1018-NAVY-10,,,,3 PC SKRT SUIT,69928650463,G1042,WHT,,,,,,,,,,,,,
G1018-NAVY-12,,,,3 PC SKRT SUIT,69928650471,G1042W,WHT,,,,,,,,,,,,,
G1018-NAVY-14,,,,3 PC SKRT SUIT,69928650489,G1042W,WHT,,,,,,,,,,,,,
G1018-NAVY-16,,,,3 PC SKRT SUIT,69928650497,G1042W,WHT,,,,,,,,,,,,,
G1018-NAVY-18,,,,3 PC SKRT SUIT,69928650505,G1042W,WHT,,,,,,,,,,,,,
G1018W-BLACK-14W,G1018W,BLK,,3 PC SKRT SUIT,87602670018,G1042W,WHT,,,,,,,,,,,,,
G1018W-BLACK-16W,G1018W,BLK,,3 PC SKRT SUIT,87602670026,G1042W,WHT,,,,,,,,,,,,,
G1018W-BLACK-18W,G1018W,BLK,,3 PC SKRT SUIT,87602670034,,,,,,,,,,,,,,,
G1018W-BLACK-20W,G1018W,BLK,,3 PC SKRT SUIT,87602670042,,,,,,,,,,,,,,,
G1018W-BLACK-22W,G1018W,BLK,,3 PC SKRT SUIT,87602670059,,,,,,,,,,,,,,,
G1018W-BLACK-24W,G1018W,BLK,,3 PC SKRT SUIT,87602670067,,,,,,,,,,,,,G1047,Emerald,
G1018W-BLACK-26W,G1018W,BLK,,3 PC SKRT SUIT,87602670075,,,,,,,,,,,,,G1047,ICE BLUE,
G1018W-GINGER-14W,G1018W,GINGER,,3 PC SKRT SUIT,87602670216,,,,,,,,,,,,,G1047,PINK,
G1018W-GINGER-16W,G1018W,GINGER,,3 PC SKRT SUIT,87602670224,,,,,,,,,,,,,G1047,WHT,
G1018W-GINGER-18W,G1018W,GINGER,,3 PC SKRT SUIT,87602670232,,,,,,,,,,,,,G1047W,Emerald,
G1018W-GINGER-20W,G1018W,GINGER,,3 PC SKRT SUIT,87602670240,,,,,,,,,,,,,G1047W,ICE BLUE,
G1018W-GINGER-22W,G1018W,GINGER,,3 PC SKRT SUIT,87602670257,,,,,,,,,,,,,G1047W,PINK,
G1018W-GINGER-24W,G1018W,GINGER,,3 PC SKRT SUIT,87602670265,,,,,,,,,,,,,G1047W,WHT,
G1018W-GINGER-26W,G1018W,GINGER,,3 PC SKRT SUIT,87602670273,,,,,,,,,,,,,,,
G1018W-NAVY-14W,,,,3 PC SKRT SUIT,87602670414,,,,,,,,,,,,,,,
G1018W-NAVY-16W,,,,3 PC SKRT SUIT,87602670422,,,,,,,,,,,,,,,
G1018W-NAVY-18W,,,,3 PC SKRT SUIT,87602670430,,,,,,,,,,,,,,,
G1018W-NAVY-20W,,,,3 PC SKRT SUIT,87602670448,,,,,,,,,,,,,,,
G1018W-NAVY-22W,,,,3 PC SKRT SUIT,87602670455,,,,,,,,,,,,,,,
G1018W-NAVY-24W,,,,3 PC SKRT SUIT,87602670463,,,,,,,,,,,,,,,
G1018W-NAVY-26W,,,,3 PC SKRT SUIT,87602670471,,,,,,,,,,,,,,,
G1018W-WHITE-16W,G1018W,WHT,,3 PC SKRT SUIT,87602670620,,,,,,,,,,,,,,,
G1018W-WHITE-18W,G1018W,WHT,,3 PC SKRT SUIT,87602670638,,,,,,,,,,,,,,,
G1018W-WHITE-20W,G1018W,WHT,,3 PC SKRT SUIT,87602670646,,,,,,,,,,,,,,,
G1018W-WHITE-22W,G1018W,WHT,,3 PC SKRT SUIT,87602670653,,,,,,,,,,,,,,,
G1018W-WHITE-24W,G1018W,WHT,,3 PC SKRT SUIT,87602670661,,,,,,,,,,,,,,,
G1018W-WHITE-26W,G1018W,WHT,,3 PC SKRT SUIT,87602670679,,,,,,,,,,,,,,,
G1032-BLACK SILVER-10,G1032,BLK/SIL,,3 PC SKRT SUIT,69928330067,,,,,,,,,,,,,,,
G1032-BLACK SILVER-12,G1032,BLK/SIL,,3 PC SKRT SUIT,69928330075,,,,,,,,,,,,,,,
G1032-BLACK SILVER-14,G1032,BLK/SIL,,3 PC SKRT SUIT,69928330083,,,,,,,,,,,,,,,
G1032-BLACK SILVER-16,G1032,BLK/SIL,,3 PC SKRT SUIT,69928330091,,,,,,,,,,,,,,,
G1032-BLACK SILVER-18,G1032,BLK/SIL,,3 PC SKRT SUIT,69928330109,,,,,,,,,,,,,,,
G1032W-BLACK SILVER-14W,G1032W,BLK/SIL,,3 PC SKRT SUIT,87602570018,,,,,,,,,,,,,,,
G1032W-BLACK SILVER-16W,G1032W,BLK/SIL,,3 PC SKRT SUIT,87602570026,,,,,,,,,,,,,,,
G1032W-BLACK SILVER-18W,G1032W,BLK/SIL,,3 PC SKRT SUIT,87602570034,,,,,,,,,,,,,,,
G1032W-BLACK SILVER-20W,G1032W,BLK/SIL,,3 PC SKRT SUIT,87602570042,,,,,,,,,,,,,,,
G1032W-BLACK SILVER-22W,G1032W,BLK/SIL,,3 PC SKRT SUIT,87602570059,,,,,,,,,,,,,,,
G1032W-BLACK SILVER-24W,G1032W,BLK/SIL,,3 PC SKRT SUIT,87602570067,,,,,,,,,,,,,,,
G1032W-BLACK SILVER-26W,G1032W,BLK/SIL,,3 PC SKRT SUIT,87602570075,,,,,,,,,,,,,,,
G1039-BLACK WHITE-10,G1039,BLACK/WHT,,3 PC SKRT SUIT,69928350067,,,,,,,,,,,,,,,
G1039-BLACK WHITE-12,G1039,BLACK/WHT,,3 PC SKRT SUIT,69928350075,,,,,,,,,,,,,,,
G1039-BLACK WHITE-14,G1039,BLACK/WHT,,3 PC SKRT SUIT,69928350083,,,,,,,,,,,,,G1048,LEMON YEL,
G1039-BLACK WHITE-16,G1039,BLACK/WHT,,3 PC SKRT SUIT,69928350091,,,,,,,,,,,,,G1048,ROSE PINK,
G1039-BLACK WHITE-18,G1039,BLACK/WHT,,3 PC SKRT SUIT,69928350109,,,,,,,,,,,,,G1048,WHT,
G1039-EMERALD WHITE-10,G1039,EMERALD/WHT,,3 PC SKRT SUIT,69928350265,,,,,,,,,,,,,G1048W,LEMON YEL,
G1039-EMERALD WHITE-12,G1039,EMERALD/WHT,,3 PC SKRT SUIT,69928350273,,,,,,,,,,,,,G1048W,ROSE PINK,
G1039-EMERALD WHITE-14,G1039,EMERALD/WHT,,3 PC SKRT SUIT,69928350281,,,,,,,,,,,,,G1048W,WHT,
G1039-EMERALD WHITE-16,G1039,EMERALD/WHT,,3 PC SKRT SUIT,69928350299,,,,,,,,,,,,,,,
G1039-EMERALD WHITE-18,G1039,EMERALD/WHT,,3 PC SKRT SUIT,69928350307,,,,,,,,,,,,,,,
G1039-GOLD WHITE-10,,,,3 PC SKRT SUIT,69928350463,,,,,,,,,,,,,,,
G1039-GOLD WHITE-12,,,,3 PC SKRT SUIT,69928350471,,,,,,,,,,,,,,,
G1039-GOLD WHITE-14,,,,3 PC SKRT SUIT,69928350489,,,,,,,,,,,,,,,
G1039-GOLD WHITE-16,,,,3 PC SKRT SUIT,69928350497,,,,,,,,,,,,,,,
G1039-GOLD WHITE-18,,,,3 PC SKRT SUIT,69928350505,,,,,,,,,,,,,,,
G1039W-EMERALD WHITE-14W,G1039W,EMERALD/WHT,,3 PC SKRT SUIT,87602590216,,,,,,,,,,,,,,,
G1039W-EMERALD WHITE-16W,G1039W,EMERALD/WHT,,3 PC SKRT SUIT,87602590224,,,,,,,,,,,,,,,
G1039W-EMERALD WHITE-18W,G1039W,EMERALD/WHT,,3 PC SKRT SUIT,87602590232,,,,,,,,,,,,,,,
G1039W-EMERALD WHITE-20W,G1039W,EMERALD/WHT,,3 PC SKRT SUIT,87602590240,,,,,,,,,,,,,,,
G1039W-EMERALD WHITE-22W,G1039W,EMERALD/WHT,,3 PC SKRT SUIT,87602590257,,,,,,,,,,,,,,,
G1039W-EMERALD WHITE-24W,G1039W,EMERALD/WHT,,3 PC SKRT SUIT,87602590265,,,,,,,,,,,,,,,
G1039W-EMERALD WHITE-26W,G1039W,EMERALD/WHT,,3 PC SKRT SUIT,87602590273,,,,,,,,,,,,,,,
G1039W-GOLD WHITE-14W,G1039W,GOLD/WHT,,3 PC SKRT SUIT,87602590414,,,,,,,,,,,,,,,
G1039W-GOLD WHITE-16W,G1039W,GOLD/WHT,,3 PC SKRT SUIT,87602590422,,,,,,,,,,,,,,,
G1039W-GOLD WHITE-18W,G1039W,GOLD/WHT,,3 PC SKRT SUIT,87602590430,,,,,,,,,,,,,,,
G1039W-GOLD WHITE-20W,G1039W,GOLD/WHT,,3 PC SKRT SUIT,87602590448,,,,,,,,,,,,,,,
G1039W-GOLD WHITE-22W,G1039W,GOLD/WHT,,3 PC SKRT SUIT,87602590455,,,,,,,,,,,,,,,
G1039W-GOLD WHITE-24W,G1039W,GOLD/WHT,,3 PC SKRT SUIT,87602590463,,,,,,,,,,,,,,,
G1039W-GOLD WHITE-26W,G1039W,GOLD/WHT,,3 PC SKRT SUIT,87602590471,,,,,,,,,,,,,,,
G1042-EMERALD WHITE-10,G1042,EMERALD/WHT,,3 PC SKRT SUIT,69928340067,,,,,,,,,,,,,,,
G1042-EMERALD WHITE-12,G1042,EMERALD/WHT,,3 PC SKRT SUIT,69928340075,,,,,,,,,,,,,,,
G1042-EMERALD WHITE-14,G1042,EMERALD/WHT,,3 PC SKRT SUIT,69928340083,,,,,,,,,,,,,,,
G1042-EMERALD WHITE-16,G1042,EMERALD/WHT,,3 PC SKRT SUIT,69928340091,,,,,,,,,,,,,,,
G1042-EMERALD WHITE-18,G1042,EMERALD/WHT,,3 PC SKRT SUIT,69928340109,,,,,,,,,,,,,,,
G1042-GOLD WHITE-10,G1042,GOLD/WHT,,3 PC SKRT SUIT,69928340265,,,,,,,,,,,,,G1049,ROSE PINK,
G1042-GOLD WHITE-12,G1042,GOLD/WHT,,3 PC SKRT SUIT,69928340273,,,,,,,,,,,,,G1049,WHT,
G1042-GOLD WHITE-14,G1042,GOLD/WHT,,3 PC SKRT SUIT,69928340281,,,,,,,,,,,,,G1049W,ROSE PINK,
G1042-GOLD WHITE-16,G1042,GOLD/WHT,,3 PC SKRT SUIT,69928340299,,,,,,,,,,,,,G1049W,WHT,
G1042-GOLD WHITE-18,G1042,GOLD/WHT,,3 PC SKRT SUIT,69928340307,,,,,,,,,,,,,,,
G1042W-EMERALD-14W,G1042W,EMERALD/WHT,,3 PC SKRT SUIT,87602580018,,,,,,,,,,,,,,,
G1042W-EMERALD-16W,G1042W,EMERALD/WHT,,3 PC SKRT SUIT,87602580026,,,,,,,,,,,,,,,
G1042W-EMERALD-18W,G1042W,EMERALD/WHT,,3 PC SKRT SUIT,87602580034,,,,,,,,,,,,,,,
G1042W-EMERALD-20W,G1042W,EMERALD/WHT,,3 PC SKRT SUIT,87602580042,,,,,,,,,,,,,,,
G1042W-EMERALD-22W,G1042W,EMERALD/WHT,,3 PC SKRT SUIT,87602580059,,,,,,,,,,,,,,,
G1042W-EMERALD-24W,G1042W,EMERALD/WHT,,3 PC SKRT SUIT,87602580067,,,,,,,,,,,,,,,
G1042W-GOLD WHITE-14W,G1042W,GOLD/WHT,,3 PC SKRT SUIT,87602580216,,,,,,,,,,,,,,,
G1042W-GOLD WHITE-16W,G1042W,GOLD/WHT,,3 PC SKRT SUIT,87602580224,,,,,,,,,,,,,,,
G1042W-GOLD WHITE-18W,G1042W,GOLD/WHT,,3 PC SKRT SUIT,87602580232,,,,,,,,,,,,,,,
G1042W-GOLD WHITE-20W,G1042W,GOLD/WHT,,3 PC SKRT SUIT,87602580240,,,,,,,,,,,,,,,
G1042W-GOLD WHITE-22W,G1042W,GOLD/WHT,,3 PC SKRT SUIT,87602580257,,,,,,,,,,,,,,,
G1042W-GOLD WHITE-24W,G1042W,GOLD/WHT,,3 PC SKRT SUIT,87602580265,,,,,,,,,,,,,,,
G1042-WHITE-10,,,,3 PC SKRT SUIT,69928340463,,,,,,,,,,,,,,,
G1042-WHITE-12,,,,3 PC SKRT SUIT,69928340471,,,,,,,,,,,,,,,
G1042-WHITE-14,,,,3 PC SKRT SUIT,69928340489,,,,,,,,,,,,,,,
G1042-WHITE-16,,,,3 PC SKRT SUIT,69928340497,,,,,,,,,,,,,,,
G1042-WHITE-18,,,,3 PC SKRT SUIT,69928340505,,,,,,,,,,,,,,,
G1042W-WHITE-14W,,,,3 PC SKRT SUIT,87602580414,,,,,,,,,,,,,,,
G1042W-WHITE-16W,,,,3 PC SKRT SUIT,87602580422,,,,,,,,,,,,,,,
G1042W-WHITE-18W,,,,3 PC SKRT SUIT,87602580430,,,,,,,,,,,,,,,
G1042W-WHITE-20W,,,,3 PC SKRT SUIT,87602580448,,,,,,,,,,,,,,,
G1042W-WHITE-22W,,,,3 PC SKRT SUIT,87602580455,,,,,,,,,,,,,G1053,NVY/W,
G1042W-WHITE-24W,,,,3 PC SKRT SUIT,87602580463,,,,,,,,,,,,,G1053W,NVY/W,
G1047-ICEBLUE-10,G1047,ICE BLUE,,2PC JKT DRS,22001840067,,,,,,,,,,,,,,,
G1047-ICEBLUE-12,G1047,ICE BLUE,,2PC JKT DRS,22001840075,,,,,,,,,,,,,,,
G1047-ICEBLUE-14,G1047,ICE BLUE,,2PC JKT DRS,22001840083,,,,,,,,,,,,,,,
G1047-ICEBLUE-16,G1047,ICE BLUE,,2PC JKT DRS,22001840091,,,,,,,,,,,,,,,
G1047-ICEBLUE-18,G1047,ICE BLUE,,2PC JKT DRS,22001840109,,,,,,,,,,,,,,,
G1047-ICEBLUE-8,G1047,ICE BLUE,,2PC JKT DRS,22001840059,,,,,,,,,,,,,,,
G1047-PINK-10,G1047,PINK,,2PC JKT DRS,22001840265,,,,,,,,,,,,,,,
G1047-PINK-12,G1047,PINK,,2PC JKT DRS,22001840273,,,,,,,,,,,,,,,
G1047-PINK-14,G1047,PINK,,2PC JKT DRS,22001840281,,,,,,,,,,,,,,,
G1047-PINK-16,G1047,PINK,,2PC JKT DRS,22001840299,,,,,,,,,,,,,G1060,LAV,
G1047-PINK-18,G1047,PINK,,2PC JKT DRS,22001840307,,,,,,,,,,,,,G1060,OFF WHT,
G1047-PINK-8,G1047,PINK,,2PC JKT DRS,22001840257,,,,,,,,,,,,,G1060W,LAV,
G1047-WHITE-10,G1047,WHT,,2PC JKT DRS,22001840463,,,,,,,,,,,,,G1060W,OFF WHT,
G1047-WHITE-12,G1047,WHT,,2PC JKT DRS,22001840471,,,,,,,,,,,,,,,
G1047-WHITE-14,G1047,WHT,,2PC JKT DRS,22001840489,,,,,,,,,,,,,,,
G1047-WHITE-16,G1047,WHT,,2PC JKT DRS,22001840497,,,,,,,,,,,,,,,
G1047-WHITE-18,G1047,WHT,,2PC JKT DRS,22001840505,,,,,,,,,,,,,,,
G1047-WHITE-8,G1047,WHT,,2PC JKT DRS,22001840455,,,,,,,,,,,,,,,
G1047W-ICEBLUE-14W,G1047W,ICE BLUE,,2PC JKT DRS,87605650018,,,,,,,,,,,,,,,
G1047W-ICEBLUE-16W,G1047W,ICE BLUE,,2PC JKT DRS,87605650026,,,,,,,,,,,,,,,
G1047W-ICEBLUE-18W,G1047W,ICE BLUE,,2PC JKT DRS,87605650034,,,,,,,,,,,,,,,
G1047W-ICEBLUE-20W,G1047W,ICE BLUE,,2PC JKT DRS,87605650042,,,,,,,,,,,,,,,
G1047W-ICEBLUE-22W,G1047W,ICE BLUE,,2PC JKT DRS,87605650059,,,,,,,,,,,,,,,
G1047W-ICEBLUE-24W,G1047W,ICE BLUE,,2PC JKT DRS,87605650067,,,,,,,,,,,,,,,
G1047W-PINK-14W,G1047W,PINK,,2PC JKT DRS,87605650216,,,,,,,,,,,,,,,
G1047W-PINK-16W,G1047W,PINK,,2PC JKT DRS,87605650224,,,,,,,,,,,,,,,
G1047W-PINK-18W,G1047W,PINK,,2PC JKT DRS,87605650232,,,,,,,,,,,,,,,
G1047W-PINK-20W,G1047W,PINK,,2PC JKT DRS,87605650240,,,,,,,,,,,,,,,
G1047W-PINK-22W,G1047W,PINK,,2PC JKT DRS,87605650257,,,,,,,,,,,,,,,
G1047W-PINK-24W,G1047W,PINK,,2PC JKT DRS,87605650265,,,,,,,,,,,,,,,
G1047W-WHITE-14W,G1047W,WHT,,2PC JKT DRS,87605650414,,,,,,,,,,,,,,,
G1047W-WHITE-16W,G1047W,WHT,,2PC JKT DRS,87605650422,,,,,,,,,,,,,,,
G1047W-WHITE-18W,G1047W,WHT,,2PC JKT DRS,87605650430,,,,,,,,,,,,,,,
G1047W-WHITE-20W,G1047W,WHT,,2PC JKT DRS,87605650448,,,,,,,,,,,,,,,
G1047W-WHITE-22W,G1047W,WHT,,2PC JKT DRS,87605650455,,,,,,,,,,,,,,,
G1047W-WHITE-24W,G1047W,WHT,,2PC JKT DRS,87605650463,,,,,,,,,,,,,,,
G1048-LEMYELLOW-10,G1048,LEMON YEL,,2 PC LACE SUIT,81503130067,,,,,,,,,,,,,,,
G1048-LEMYELLOW-12,G1048,LEMON YEL,,2 PC LACE SUIT,81503130075,,,,,,,,,,,,,,,
G1048-LEMYELLOW-14,G1048,LEMON YEL,,2 PC LACE SUIT,81503130083,,,,,,,,,,,,,,,
G1048-LEMYELLOW-16,G1048,LEMON YEL,,2 PC LACE SUIT,81503130091,,,,,,,,,,,,,,,
G1048-LEMYELLOW-18,G1048,LEMON YEL,,2 PC LACE SUIT,81503130109,,,,,,,,,,,,,,,
G1048-ROSEPINK-10,G1048,ROSE PINK,,2 PC LACE SUIT,81503130265,,,,,,,,,,,,,,,
G1048-ROSEPINK-12,G1048,ROSE PINK,,2 PC LACE SUIT,81503130273,,,,,,,,,,,,,,,
G1048-ROSEPINK-14,G1048,ROSE PINK,,2 PC LACE SUIT,81503130281,,,,,,,,,,,,,,,
G1048-ROSEPINK-16,G1048,ROSE PINK,,2 PC LACE SUIT,81503130299,,,,,,,,,,,,,,,
G1048-ROSEPINK-18,G1048,ROSE PINK,,2 PC LACE SUIT,81503130307,,,,,,,,,,,,,,,
G1048-WHITE-10,G1048,WHT,,2 PC LACE SUIT,81503130463,,,,,,,,,,,,,,,
G1048-WHITE-12,G1048,WHT,,2 PC LACE SUIT,81503130471,,,,,,,,,,,,,,,
G1048-WHITE-14,G1048,WHT,,2 PC LACE SUIT,81503130489,,,,,,,,,,,,,,,
G1048-WHITE-16,G1048,WHT,,2 PC LACE SUIT,81503130497,,,,,,,,,,,,,HM953,RED,
G1048-WHITE-18,G1048,WHT,,2 PC LACE SUIT,81503130505,,,,,,,,,,,,,HM953,ROSE,
G1048W-LEMYELLOW-14W,G1048W,LEMON YEL,,2 PC LACE SUIT,81501310018,,,,,,,,,,,,,HM953,SAPPHIRE,
G1048W-LEMYELLOW-16W,G1048W,LEMON YEL,,2 PC LACE SUIT,81501310026,,,,,,,,,,,,,HM953,SIL,
G1048W-LEMYELLOW-18W,G1048W,LEMON YEL,,2 PC LACE SUIT,81501310034,,,,,,,,,,,,,HM954,BLK,
G1048W-LEMYELLOW-20W,G1048W,LEMON YEL,,2 PC LACE SUIT,81501310042,,,,,,,,,,,,,HM954,ICE BLUE,
G1048W-LEMYELLOW-22W,G1048W,LEMON YEL,,2 PC LACE SUIT,81501310059,,,,,,,,,,,,,HM954,PINK,
G1048W-LEMYELLOW-24W,G1048W,LEMON YEL,,2 PC LACE SUIT,81501310067,,,,,,,,,,,,,,,
G1048W-ROSEPINK-14W,G1048W,ROSE PINK,,2 PC LACE SUIT,81501310216,,,,,,,,,,,,,,,
G1048W-ROSEPINK-16W,G1048W,ROSE PINK,,2 PC LACE SUIT,81501310224,,,,,,,,,,,,,,,
G1048W-ROSEPINK-18W,G1048W,ROSE PINK,,2 PC LACE SUIT,81501310232,,,,,,,,,,,,,,,
G1048W-ROSEPINK-20W,G1048W,ROSE PINK,,2 PC LACE SUIT,81501310240,,,,,,,,,,,,,,,
G1048W-ROSEPINK-22W,G1048W,ROSE PINK,,2 PC LACE SUIT,81501310257,,,,,,,,,,,,,,,
G1048W-ROSEPINK-24W,G1048W,ROSE PINK,,2 PC LACE SUIT,81501310265,,,,,,,,,,,,,,,
G1048W-WHITE-16W,G1048W,WHT,,2 PC LACE SUIT,81501310422,,,,,,,,,,,,,,,
G1048W-WHITE-18W,G1048W,WHT,,2 PC LACE SUIT,81501310430,,,,,,,,,,,,,HM960,BLK,
G1048W-WHITE-20W,G1048W,WHT,,2 PC LACE SUIT,81501310448,,,,,,,,,,,,,HM960,BLUE,
G1048W-WHITE-22W,G1048W,WHT,,2 PC LACE SUIT,81501310455,,,,,,,,,,,,,HM960,MAUVE,
G1048W-WHITE-24W,G1048W,WHT,,2 PC LACE SUIT,81501310463,,,,,,,,,,,,,HM960,PINK,
G1049-ROSEPINK-10,G1049,ROSE PINK,,3 PC SKRT SUIT,81501340067,,,,,,,,,,,,,HM960,WHT,
G1049-ROSEPINK-12,G1049,ROSE PINK,,3 PC SKRT SUIT,81501340075,,,,,,,,,,,,,HM961,LAV,
G1049-ROSEPINK-14,G1049,ROSE PINK,,3 PC SKRT SUIT,81501340083,,,,,,,,,,,,,HM961,NAVY,
G1049-ROSEPINK-16,G1049,ROSE PINK,,3 PC SKRT SUIT,81501340091,,,,,,,,,,,,,HM961,YELLOW,
G1049-ROSEPINK-18,G1049,ROSE PINK,,3 PC SKRT SUIT,81501340109,,,,,,,,,,,,,,,
G1049-ROSEPINK-8,G1049,ROSE PINK,,3 PC SKRT SUIT,81501340059,,,,,,,,,,,,,,,
G1049-WHITE-10,G1049,WHT,,3 PC SKRT SUIT,81501340265,,,,,,,,,,,,,,,
G1049-WHITE-12,G1049,WHT,,3 PC SKRT SUIT,81501340273,,,,,,,,,,,,,,,
G1049-WHITE-14,G1049,WHT,,3 PC SKRT SUIT,81501340281,,,,,,,,,,,,,,,
G1049-WHITE-16,G1049,WHT,,3 PC SKRT SUIT,81501340299,,,,,,,,,,,,,,,
G1049-WHITE-18,G1049,WHT,,3 PC SKRT SUIT,81501340307,,,,,,,,,,,,,,,
G1049-WHITE-8,G1049,WHT,,3 PC SKRT SUIT,81501340257,,,,,,,,,,,,,HR1031,CHAM,
G1049W-ROSEPINK-14W,G1049W,ROSE PINK,,3 PC SKRT SUIT,81501320018,,,,,,,,,,,,,HR1031,GREEN,
G1049W-ROSEPINK-16W,G1049W,ROSE PINK,,3 PC SKRT SUIT,81501320026,,,,,,,,,,,,,HR1031,NAVY,
G1049W-ROSEPINK-18W,G1049W,ROSE PINK,,3 PC SKRT SUIT,81501320034,,,,,,,,,,,,,HR1031,SIL,
G1049W-ROSEPINK-20W,G1049W,ROSE PINK,,3 PC SKRT SUIT,81501320042,,,,,,,,,,,,,HR1031,TURQ,
G1049W-ROSEPINK-22W,G1049W,ROSE PINK,,3 PC SKRT SUIT,81501320059,,,,,,,,,,,,,HR1031,WHT,
G1049W-ROSEPINK-24W,G1049W,ROSE PINK,,3 PC SKRT SUIT,81501320067,,,,,,,,,,,,,HR1038,CHAMP/CHOCO,
G1049W-ROSEPINK-26W,G1049W,ROSE PINK,,3 PC SKRT SUIT,81501320075,,,,,,,,,,,,,HR1038,SIL/ST,
G1049W-WHITE-14W,G1049W,WHT,,3 PC SKRT SUIT,81501320216,,,,,,,,,,,,,HR1038,W/B,
G1049W-WHITE-16W,G1049W,WHT,,3 PC SKRT SUIT,81501320224,,,,,,,,,,,,,S0301W,BLK,
G1049W-WHITE-18W,G1049W,WHT,,3 PC SKRT SUIT,81501320232,,,,,,,,,,,,,,,
G1049W-WHITE-20W,G1049W,WHT,,3 PC SKRT SUIT,81501320240,,,,,,,,,,,,,,,
G1049W-WHITE-22W,G1049W,WHT,,3 PC SKRT SUIT,81501320257,,,,,,,,,,,,,,,
G1049W-WHITE-24W,G1049W,WHT,,3 PC SKRT SUIT,81501320265,,,,,,,,,,,,,S0714,DK. CHOCO,
G1049W-WHITE-26W,G1049W,WHT,,3 PC SKRT SUIT,81501320273,,,,,,,,,,,,,S0714,PINK,
G1053-NAVY/WHT-10,G1053,NVY/W,,3 PC SKRT SUIT,81501300067,,,,,,,,,,,,,S0714,RYL BLU,
G1053-NAVY/WHT-12,G1053,NVY/W,,3 PC SKRT SUIT,81501300075,,,,,,,,,,,,,S0714W,DK. CHOCO,
G1053-NAVY/WHT-14,G1053,NVY/W,,3 PC SKRT SUIT,81501300083,,,,,,,,,,,,,S0714W,PINK,
G1053-NAVY/WHT-16,G1053,NVY/W,,3 PC SKRT SUIT,81501300091,,,,,,,,,,,,,,,
G1053-NAVY/WHT-18,G1053,NVY/W,,3 PC SKRT SUIT,81501300109,,,,,,,,,,,,,,,
G1053W-NAVY/WHT-14W,G1053W,NVY/W,,3 PC SKRT SUIT,81501290018,,,,,,,,,,,,,,,
G1053W-NAVY/WHT-16W,G1053W,NVY/W,,3 PC SKRT SUIT,81501290026,,,,,,,,,,,,,,,
G1053W-NAVY/WHT-18W,G1053W,NVY/W,,3 PC SKRT SUIT,81501290034,,,,,,,,,,,,,,,
G1053W-NAVY/WHT-20W,G1053W,NVY/W,,3 PC SKRT SUIT,81501290042,,,,,,,,,,,,,,,
G1053W-NAVY/WHT-22W,G1053W,NVY/W,,3 PC SKRT SUIT,81501290059,,,,,,,,,,,,,,,
G1053W-NAVY/WHT-24W,G1053W,NVY/W,,3 PC SKRT SUIT,81501290067,,,,,,,,,,,,,,,
G1060-LAV-10,G1060,LAV,,3PC SKRT SUIT,81501560067,,,,,,,,,,,,,,,
G1060-LAV-12,G1060,LAV,,3PC SKRT SUIT,81501560075,,,,,,,,,,,,,,,
G1060-LAV-14,G1060,LAV,,3PC SKRT SUIT,81501560083,,,,,,,,,,,,,,,
G1060-LAV-16,G1060,LAV,,3PC SKRT SUIT,81501560091,,,,,,,,,,,,,,,
G1060-LAV-18,G1060,LAV,,3PC SKRT SUIT,81501560109,,,,,,,,,,,,,,,
G1060-LAV-8,G1060,LAV,,3PC SKRT SUIT,81501560059,,,,,,,,,,,,,,,
G1060-OFFWHT-10,G1060,OFF WHT,,3PC SKRT SUIT,81501560265,,,,,,,,,,,,,,,
G1060-OFFWHT-12,G1060,OFF WHT,,3PC SKRT SUIT,81501560273,,,,,,,,,,,,,,,
G1060-OFFWHT-14,G1060,OFF WHT,,3PC SKRT SUIT,81501560281,,,,,,,,,,,,,,,
G1060-OFFWHT-16,G1060,OFF WHT,,3PC SKRT SUIT,81501560299,,,,,,,,,,,,,,,
G1060-OFFWHT-18,G1060,OFF WHT,,3PC SKRT SUIT,81501560307,,,,,,,,,,,,,,,
G1060-OFFWHT-8,G1060,OFF WHT,,3PC SKRT SUIT,81501560257,,,,,,,,,,,,,,,
G1060W-LAV-14W,G1060W,LAV,,3PC SKRT SUIT,81501550018,,,,,,,,,,,,,,,
G1060W-LAV-16W,G1060W,LAV,,3PC SKRT SUIT,81501550026,,,,,,,,,,,,,,,
G1060W-LAV-18W,G1060W,LAV,,3PC SKRT SUIT,81501550034,,,,,,,,,,,,,,,
G1060W-LAV-20W,G1060W,LAV,,3PC SKRT SUIT,81501550042,,,,,,,,,,,,,,,
G1060W-LAV-22W,G1060W,LAV,,3PC SKRT SUIT,81501550059,,,,,,,,,,,,,,,
G1060W-LAV-24W,G1060W,LAV,,3PC SKRT SUIT,81501550067,,,,,,,,,,,,,,,
G1060W-OFFWHT-14W,G1060W,OFF WHT,,3PC SKRT SUIT,81501550216,,,,,,,,,,,,,,,
G1060W-OFFWHT-16W,G1060W,OFF WHT,,3PC SKRT SUIT,81501550224,,,,,,,,,,,,,,,
G1060W-OFFWHT-18W,G1060W,OFF WHT,,3PC SKRT SUIT,81501550232,,,,,,,,,,,,,,,
G1060W-OFFWHT-20W,G1060W,OFF WHT,,3PC SKRT SUIT,81501550240,,,,,,,,,,,,,,,
G1060W-OFFWHT-22W,G1060W,OFF WHT,,3PC SKRT SUIT,81501550257,,,,,,,,,,,,,,,
G1060W-OFFWHT-24W,G1060W,OFF WHT,,3PC SKRT SUIT,81501550265,,,,,,,,,,,,,,,
G1062W-MUSTARD-14W,G1062W,MUSTARD,,2PC DRS SUIT,81501650018,,,,,,,,,,,,,,,
G1062W-MUSTARD-16W,G1062W,MUSTARD,,2PC DRS SUIT,81501650026,,,,,,,,,,,,,,,
G1062W-MUSTARD-18W,G1062W,MUSTARD,,2PC DRS SUIT,81501650034,,,,,,,,,,,,,,,
G1062W-MUSTARD-20W,G1062W,MUSTARD,,2PC DRS SUIT,81501650042,,,,,,,,,,,,,,,
G1062W-MUSTARD-22W,G1062W,MUSTARD,,2PC DRS SUIT,81501650059,,,,,,,,,,,,,,,
G1062W-MUSTARD-24W,G1062W,MUSTARD,,2PC DRS SUIT,81501650067,,,,,,,,,,,,,,,
G1063-ICEBLUE-10,G1063,ICE BLUE,,2PC SKRT SUIT,81501660067,,,,,,,,,,,,,,,
G1063-ICEBLUE-12,G1063,ICE BLUE,,2PC SKRT SUIT,81501660075,,,,,,,,,,,,,,,
G1063-ICEBLUE-14,G1063,ICE BLUE,,2PC SKRT SUIT,81501660083,,,,,,,,,,,,,,,
G1063-ICEBLUE-16,G1063,ICE BLUE,,2PC SKRT SUIT,81501660091,,,,,,,,,,,,,,,
G1063-ICEBLUE-18,G1063,ICE BLUE,,2PC SKRT SUIT,81501660109,,,,,,,,,,,,,,,
G1063-PINK-10,G1063,PINK,,2PC SKRT SUIT,81501660265,,,,,,,,,,,,,,,
G1063-PINK-12,G1063,PINK,,2PC SKRT SUIT,81501660273,,,,,,,,,,,,,,,
G1063-PINK-14,G1063,PINK,,2PC SKRT SUIT,81501660281,,,,,,,,,,,,,,,
G1063-PINK-16,G1063,PINK,,2PC SKRT SUIT,81501660299,,,,,,,,,,,,,,,
G1063-PINK-18,G1063,PINK,,2PC SKRT SUIT,81501660307,,,,,,,,,,,,,,,
G1063W-ICEBLUE-14W,G1063W,ICE BLUE,,2PC SKRT SUIT,81501670018,,,,,,,,,,,,,,,
G1063W-ICEBLUE-16W,G1063W,ICE BLUE,,2PC SKRT SUIT,81501670026,,,,,,,,,,,,,,,
G1063W-ICEBLUE-18W,G1063W,ICE BLUE,,2PC SKRT SUIT,81501670034,,,,,,,,,,,,,,,
G1063W-ICEBLUE-20W,G1063W,ICE BLUE,,2PC SKRT SUIT,81501670042,,,,,,,,,,,,,,,
G1063W-ICEBLUE-22W,G1063W,ICE BLUE,,2PC SKRT SUIT,81501670059,,,,,,,,,,,,,,,
G1063W-ICEBLUE-24W,G1063W,ICE BLUE,,2PC SKRT SUIT,81501670067,,,,,,,,,,,,,,,
G1063W-PINK-14W,G1063W,PINK,,2PC SKRT SUIT,81501670216,,,,,,,,,,,,,,,
G1063W-PINK-16W,G1063W,PINK,,2PC SKRT SUIT,81501670224,,,,,,,,,,,,,,,
G1063W-PINK-18W,G1063W,PINK,,2PC SKRT SUIT,81501670232,,,,,,,,,,,,,,,
G1063W-PINK-20W,G1063W,PINK,,2PC SKRT SUIT,81501670240,,,,,,,,,,,,,,,
G1063W-PINK-22W,G1063W,PINK,,2PC SKRT SUIT,81501670257,,,,,,,,,,,,,,,
G1063W-PINK-24W,G1063W,PINK,,2PC SKRT SUIT,81501670265,,,,,,,,,,,,,,,
HG1037/39-EMERALD/WHT,HG1037/39,EMERALD/WHT,,STRIPE HAT,10706300018,,,,,,,,,,,,,,,
HG1037/39-GOLD/WHT,HG1037/39,GOLD/WHT,,STRIPE HAT,10706300216,,,,,,,,,,,,,,,
HG1040-PEACOCK,HG1040,PEACOCK,,WIDE BRIM HAT,10706310018,,,,,,,,,,,,,,,
HG1040-VIOLET,HG1040,VIOLET,,WIDE BRIM HAT,10706310216,,,,,,,,,,,,,,,
HM1020-BLACK,HM1020,BLK,,LACE HAT,10706320018,,,,,,,,,,,,,,,
HM1020-WHITE,HM1020,WHT,,LACE HAT,10706320216,,,,,,,,,,,,,,,
HM948-BLACK,,,,WIDE BRIM HAT,10706290018,,,,,,,,,,,,,,,
HM948-CHAM,HM948,CHAM,,WIDE BRIM HAT,10706290216,,,,,,,,,,,,,,,
HM948-LILAC,HM948,LILAC,,WIDE BRIM HAT,10706290414,,,,,,,,,,,,,,,
HM948-NAVY,,,,WIDE BRIM HAT,10706290612,,,,,,,,,,,,,,,
HM948-P GREEN,HM948,PASTEL GRN,,WIDE BRIM HAT,10706290810,,,,,,,,,,,,,,,
HM948-PINK,,,,WIDE BRIM HAT,10706291016,,,,,,,,,,,,,,,
HM948-WHITE,,,,WIDE BRIM HAT,10706291214,,,,,,,,,,,,,,,
HM951-BLACK,HM951,BLK,,SATIN HAT,10706330018,,,,,,,,,,,,,,,
HM951-CHAM,,,,SATIN HAT,10706330216,,,,,,,,,,,,,,,
HM951-WHITE/NAVY,HM951,W/N,,SATIN HAT,10706330414,,,,,,,,,,,,,,,
HM953-ROSE,HM953,ROSE,,SATIN HAT,10706340018,,,,,,,,,,,,,,,
HM953-SAPPHIRE,HM953,SAPPHIRE,,SATIN HAT,10706340216,,,,,,,,,,,,,,,
HM954-ICE BLUE,HM954,ICE BLUE,,STFLWR HAT,10706350018,,,,,,,,,,,,,,,
HM954-PINK,HM954,PINK,,STFLWR HAT,10706350216,,,,,,,,,,,,,,,
HM956-BLACK,,,,ORGANZA HAT,10706360018,,,,,,,,,,,,,,,
HM956-PEACOCK,HM956,PEACOCK,,ORGANZA HAT,10706360216,,,,,,,,,,,,,,,
HM956-WHITE,,,,ORGANZA HAT,10706360414,,,,,,,,,,,,,,,
HM957-PURPLE,HM957,PURPLE,,ORGANZA HAT,10706370018,,,,,,,,,,,,,,,
HM957-RED,HM957,RED,,ORGANZA HAT,10706370216,,,,,,,,,,,,,,,
HM957-SAPPHIRE,HM957,SAPPHIRE,,ORGANZA HAT,10706370414,,,,,,,,,,,,,,,
HM957-WHITE,,,,ORGANZA HAT,10706370612,,,,,,,,,,,,,,,
HM958-BLUE,HM958,BLUE,,PRT ORGANZA HAT,10706200018,,,,,,,,,,,,,,,
HM958-PEACOCK,HM958,PEACOCK,,PRT ORGANZA HAT,10706200216,,,,,,,,,,,,,,,
HM958-PINK,HM958,PINK,,PRT ORGANZA HAT,10706200414,,,,,,,,,,,,,,,
HM959-ANIMAL,HM959,Animal,,PRT ORGANZA HAT,10706210018,,,,,,,,,,,,,,,
HM960-BLACK,HM960,BLK,,PRT ORGANZA HAT,10706220018,,,,,,,,,,,,,,,
HM960-BLUE,HM960,BLUE,,PRT ORGANZA HAT,10706220216,,,,,,,,,,,,,,,
HM960-MAUVE,HM960,MAUVE,,PRT ORGANZA HAT,10706220414,,,,,,,,,,,,,,,
HM960-PINK,HM960,PINK,,PRT ORGANZA HAT,10706220612,,,,,,,,,,,,,,,
HM960-WHITE,HM960,WHT,,PRT ORGANZA HAT,10706220810,,,,,,,,,,,,,,,
HM961-LAVENDER,HM961,LAV,,PRT ORGANZA HAT,10706230018,,,,,,,,,,,,,,,
HM961-NAVY,HM961,NAVY,,PRT ORGANZA HAT,10706230216,,,,,,,,,,,,,,,
HM961-YELLOW,HM961,YELLOW,,PRT ORGANZA HAT,10706230414,,,,,,,,,,,,,,,
HM962-LIME YELLOW,,,,ORGANZA HAT,10706240018,,,,,,,,,,,,,,,
HM962-ROSE PINK,HM962,ROSE PINK,,ORGANZA HAT,10706240216,,,,,,,,,,,,,,,
HM962-WHITE,,,,ORGANZA HAT,10706240414,,,,,,,,,,,,,,,
HM964-LIME,HM964,LIME,,FABRIC HAT,10706250018,,,,,,,,,,,,,,,
HM964-WHITE,HM964,WHT,,FABRIC HAT,10706250216,,,,,,,,,,,,,,,
HR1020-PURPLE,HR1020,PURPLE,,LACE HAT,10706260018,,,,,,,,,,,,,,,
HR1020-SILVER,HR1020,SIL,,LACE HAT,10706260216,,,,,,,,,,,,,,,
HR1031-SILVER,HR1031,SIL,,RIBBON HAT,10706270018,,,,,,,,,,,,,,,
HR1031-TURQ,HR1031,TURQ,,RIBBON HAT,10706270216,,,,,,,,,,,,,,,
HR1031-WHITE,HR1031,WHT,,RIBBON HAT,10706270414,,,,,,,,,,,,,,,
HR1038-CHAM/CHOCO,HR1038,CHAMP/CHOCO,,RIBBON HAT,10706280018,,,,,,,,,,,,,,,
HR1038-SILVER/STEEL,HR1038,SIL/ST,,RIBBON HAT,10706280216,,,,,,,,,,,,,,,
HR1038-WHITE/BLK,HR1038,W/B,,RIBBON HAT,10706280414,,,,,,,,,,,,,,,
HR1039-WHITE,,,,RIBBON HAT,10706380018,,,,,,,,,,,,,,,
HR1052-BLACK/WHT,HR1052,BLACK/WHT,,RIBBON HAT,10706390018,,,,,,,,,,,,,,,
S0301W-RED-16W,S0301W,RED,,3 PC SKRT SUIT,87602560026,,,,,,,,,,,,,,,
S0301W-RED-18W,S0301W,RED,,3 PC SKRT SUIT,87602560034,,,,,,,,,,,,,,,
S0301W-RED-20W,S0301W,RED,,3 PC SKRT SUIT,87602560042,,,,,,,,,,,,,,,
S0301W-RED-22W,S0301W,RED,,3 PC SKRT SUIT,87602560059,,,,,,,,,,,,,,,
S0301W-RED-24W,S0301W,RED,,3 PC SKRT SUIT,87602560067,,,,,,,,,,,,,,,
S0714-DARK CHOCO-10,S0714,DK. CHOCO,,3PC SKRT SUIT,69928320067,,,,,,,,,,,,,,,
S0714-DARK CHOCO-12,S0714,DK. CHOCO,,3PC SKRT SUIT,69928320075,,,,,,,,,,,,,,,
S0714-DARK CHOCO-14,S0714,DK. CHOCO,,3PC SKRT SUIT,69928320083,,,,,,,,,,,,,,,
S0714-DARK CHOCO-16,S0714,DK. CHOCO,,3PC SKRT SUIT,69928320091,,,,,,,,,,,,,,,
S0714-DARK CHOCO-18,S0714,DK. CHOCO,,3PC SKRT SUIT,69928320109,,,,,,,,,,,,,,,
S0714W-DARK CHOCO-16W,S0714W,DK. CHOCO,,3PC SKRT SUIT,87602550026,,,,,,,,,,,,,,,
S0714W-DARK CHOCO-18W,S0714W,DK. CHOCO,,3PC SKRT SUIT,87602550034,,,,,,,,,,,,,,,
S0714W-DARK CHOCO-20W,S0714W,DK. CHOCO,,3PC SKRT SUIT,87602550042,,,,,,,,,,,,,,,
S0714W-DARK CHOCO-22W,S0714W,DK. CHOCO,,3PC SKRT SUIT,87602550059,,,,,,,,,,,,,,,
S0714W-DARK CHOCO-24W,S0714W,DK. CHOCO,,3PC SKRT SUIT,87602550067,,,,,,,,,,,,,,,
S0714W-DARK CHOCO-26W,S0714W,DK. CHOCO,,3PC SKRT SUIT,87602550075,,,,,,,,,,,,,,,
