IN,Supplier Sku,YES,Quantity,Blank,Blank,Blank,Blank,Decription,Blank,Blank,Blank,Blank,Blank,Blank,Blank,Blank,Blank,Blank,Blank,Blank,Blank,SKU,JCPENNEY
IN,0557-BLACK-10,Yes,2,,,,,EMBLSHD SKRT ST,,,,,,,,,,,,,,69928640067,JCPENNEY
IN,0557-BLACK-12,Yes,0,,,,,EMBLSHD SKRT ST,,,,,,,,,,,,,,69928640075,JCPENNEY
IN,0557-BLACK-14,Yes,0,,,,,EMBLSHD SKRT ST,,,,,,,,,,,,,,69928640083,JCPENNEY
IN,0557-BLACK-16,Yes,0,,,,,EMBLSHD SKRT ST,,,,,,,,,,,,,,69928640091,JCPENNEY
IN,0557-BLACK-18,Yes,1,,,,,EMBLSHD SKRT ST,,,,,,,,,,,,,,69928640109,JCPENNEY
IN,0557-RED-10,Yes,1,,,,,EMBLSHD SKRT ST,,,,,,,,,,,,,,69928640265,JCPENNEY
IN,0557-RED-12,Yes,0,,,,,EMBLSHD SKRT ST,,,,,,,,,,,,,,69928640273,JCPENNEY
IN,0557-RED-14,Yes,0,,,,,EMBLSHD SKRT ST,,,,,,,,,,,,,,69928640281,JCPENNEY
IN,0557-RED-16,Yes,0,,,,,EMBLSHD SKRT ST,,,,,,,,,,,,,,69928640299,JCPENNEY
IN,0557-RED-18,Yes,0,,,,,EMBLSHD SKRT ST,,,,,,,,,,,,,,69928640307,JCPENNEY
IN,0557-RED-8,Yes,0,,,,,EMBLSHD SKRT ST,,,,,,,,,,,,,,69928640257,JCPENNEY
IN,0557W-BLACK-14W,Yes,0,,,,,EMBLSHD SKRT ST,,,,,,,,,,,,,,87602660018,JCPENNEY
IN,0557W-BLACK-16W,Yes,0,,,,,EMBLSHD SKRT ST,,,,,,,,,,,,,,87602660026,JCPENNEY
IN,0557W-BLACK-18W,Yes,0,,,,,EMBLSHD SKRT ST,,,,,,,,,,,,,,87602660034,JCPENNEY
IN,0557W-BLACK-20W,Yes,0,,,,,EMBLSHD SKRT ST,,,,,,,,,,,,,,87602660042,JCPENNEY
IN,0557W-BLACK-22W,Yes,2,,,,,EMBLSHD SKRT ST,,,,,,,,,,,,,,87602660059,JCPENNEY
IN,0557W-BLACK-24W,Yes,3,,,,,EMBLSHD SKRT ST,,,,,,,,,,,,,,87602660067,JCPENNEY
IN,0557W-BLACK-26W,Yes,3,,,,,EMBLSHD SKRT ST,,,,,,,,,,,,,,87602660075,JCPENNEY
IN,0557-WHITE-10,Yes,0,,,,,EMBLSHD SKRT ST,,,,,,,,,,,,,,69928640463,JCPENNEY
IN,0557-WHITE-12,Yes,0,,,,,EMBLSHD SKRT ST,,,,,,,,,,,,,,69928640471,JCPENNEY
IN,0557-WHITE-14,Yes,0,,,,,EMBLSHD SKRT ST,,,,,,,,,,,,,,69928640489,JCPENNEY
IN,0557-WHITE-16,Yes,0,,,,,EMBLSHD SKRT ST,,,,,,,,,,,,,,69928640497,JCPENNEY
IN,0557-WHITE-18,Yes,0,,,,,EMBLSHD SKRT ST,,,,,,,,,,,,,,69928640505,JCPENNEY
IN,0557W-RED-14W,Yes,0,,,,,EMBLSHD SKRT ST,,,,,,,,,,,,,,87602660216,JCPENNEY
IN,0557W-RED-16W,Yes,0,,,,,EMBLSHD SKRT ST,,,,,,,,,,,,,,87602660224,JCPENNEY
IN,0557W-RED-18W,Yes,0,,,,,EMBLSHD SKRT ST,,,,,,,,,,,,,,87602660232,JCPENNEY
IN,0557W-RED-20W,Yes,2,,,,,EMBLSHD SKRT ST,,,,,,,,,,,,,,87602660240,JCPENNEY
IN,0557W-RED-22W,Yes,2,,,,,EMBLSHD SKRT ST,,,,,,,,,,,,,,87602660257,JCPENNEY
IN,0557W-RED-24W,Yes,3,,,,,EMBLSHD SKRT ST,,,,,,,,,,,,,,87602660265,JCPENNEY
IN,0557W-RED-26W,Yes,3,,,,,EMBLSHD SKRT ST,,,,,,,,,,,,,,87602660273,JCPENNEY
IN,0557W-WHITE-14W,Yes,0,,,,,EMBLSHD SKRT ST,,,,,,,,,,,,,,87602660414,JCPENNEY
IN,0557W-WHITE-16W,Yes,0,,,,,EMBLSHD SKRT ST,,,,,,,,,,,,,,87602660422,JCPENNEY
IN,0557W-WHITE-18W,Yes,0,,,,,EMBLSHD SKRT ST,,,,,,,,,,,,,,87602660430,JCPENNEY
IN,0557W-WHITE-20W,Yes,0,,,,,EMBLSHD SKRT ST,,,,,,,,,,,,,,87602660448,JCPENNEY
IN,0557W-WHITE-22W,Yes,0,,,,,EMBLSHD SKRT ST,,,,,,,,,,,,,,87602660455,JCPENNEY
IN,0557W-WHITE-24W,Yes,0,,,,,EMBLSHD SKRT ST,,,,,,,,,,,,,,87602660463,JCPENNEY
IN,0557W-WHITE-26W,Yes,0,,,,,EMBLSHD SKRT ST,,,,,,,,,,,,,,87602660471,JCPENNEY
IN,0650-BLACK-10,Yes,3,,,,,3 PC SKRT SUIT,,,,,,,,,,,,,,69928670067,JCPENNEY
IN,0650-BLACK-12,Yes,3,,,,,3 PC SKRT SUIT,,,,,,,,,,,,,,69928670075,JCPENNEY
IN,0650-BLACK-14,Yes,0,,,,,3 PC SKRT SUIT,,,,,,,,,,,,,,69928670083,JCPENNEY
IN,0650-BLACK-16,Yes,0,,,,,3 PC SKRT SUIT,,,,,,,,,,,,,,69928670091,JCPENNEY
IN,0650-BLACK-18,Yes,2,,,,,3 PC SKRT SUIT,,,,,,,,,,,,,,69928670109,JCPENNEY
IN,0650-BLACK-8,Yes,3,,,,,3 PC SKRT SUIT,,,,,,,,,,,,,,69928670059,JCPENNEY
IN,0650-CHOCOLATE-10,Yes,2,,,,,3 PC SKRT SUIT,,,,,,,,,,,,,,69928670265,JCPENNEY
IN,0650-CHOCOLATE-14,Yes,3,,,,,3 PC SKRT SUIT,,,,,,,,,,,,,,69928670281,JCPENNEY
IN,0650-CHOCOLATE-16,Yes,3,,,,,3 PC SKRT SUIT,,,,,,,,,,,,,,69928670299,JCPENNEY
IN,0650-CHOCOLATE-18,Yes,3,,,,,3 PC SKRT SUIT,,,,,,,,,,,,,,69928670307,JCPENNEY
IN,0650-CHOCOLATE-8,Yes,2,,,,,3 PC SKRT SUIT,,,,,,,,,,,,,,69928670257,JCPENNEY
IN,0650-ROYAL-10,Yes,0,,,,,3 PC SKRT SUIT,,,,,,,,,,,,,,69928670463,JCPENNEY
IN,0650-ROYAL-12,Yes,0,,,,,3 PC SKRT SUIT,,,,,,,,,,,,,,69928670471,JCPENNEY
IN,0650-ROYAL-14,Yes,0,,,,,3 PC SKRT SUIT,,,,,,,,,,,,,,69928670489,JCPENNEY
IN,0650-ROYAL-16,Yes,0,,,,,3 PC SKRT SUIT,,,,,,,,,,,,,,69928670497,JCPENNEY
IN,0650-ROYAL-18,Yes,0,,,,,3 PC SKRT SUIT,,,,,,,,,,,,,,69928670505,JCPENNEY
IN,0650-ROYAL-8,Yes,0,,,,,3 PC SKRT SUIT,,,,,,,,,,,,,,69928670455,JCPENNEY
IN,0650-SILVER-10,Yes,2,,,,,3 PC SKRT SUIT,,,,,,,,,,,,,,69928670661,JCPENNEY
IN,0650-SILVER-12,Yes,3,,,,,3 PC SKRT SUIT,,,,,,,,,,,,,,69928670679,JCPENNEY
IN,0650-SILVER-14,Yes,2,,,,,3 PC SKRT SUIT,,,,,,,,,,,,,,69928670687,JCPENNEY
IN,0650-SILVER-16,Yes,3,,,,,3 PC SKRT SUIT,,,,,,,,,,,,,,69928670695,JCPENNEY
IN,0650-SILVER-18,Yes,3,,,,,3 PC SKRT SUIT,,,,,,,,,,,,,,69928670703,JCPENNEY
IN,0650-SILVER-8,Yes,2,,,,,3 PC SKRT SUIT,,,,,,,,,,,,,,69928670653,JCPENNEY
IN,0650W-BLACK-14W,Yes,2,,,,,3 PC SKRT SUIT,,,,,,,,,,,,,,87602700018,JCPENNEY
IN,0650W-BLACK-16W,Yes,2,,,,,3 PC SKRT SUIT,,,,,,,,,,,,,,87602700026,JCPENNEY
IN,0650W-BLACK-18W,Yes,2,,,,,3 PC SKRT SUIT,,,,,,,,,,,,,,87602700034,JCPENNEY
IN,0650W-BLACK-20W,Yes,1,,,,,3 PC SKRT SUIT,,,,,,,,,,,,,,87602700042,JCPENNEY
IN,0650W-BLACK-22W,Yes,0,,,,,3 PC SKRT SUIT,,,,,,,,,,,,,,87602700059,JCPENNEY
IN,0650W-BLACK-24W,Yes,3,,,,,3 PC SKRT SUIT,,,,,,,,,,,,,,87602700067,JCPENNEY
IN,0650W-BLACK-26W,Yes,3,,,,,3 PC SKRT SUIT,,,,,,,,,,,,,,87602700075,JCPENNEY
IN,0650W-BLACK-28W,Yes,2,,,,,3 PC SKRT SUIT,,,,,,,,,,,,,,87602700083,JCPENNEY
IN,0650W-BLACK-30W,Yes,2,,,,,3 PC SKRT SUIT,,,,,,,,,,,,,,87602700091,JCPENNEY
IN,0650W-CHOCOLATE-14W,Yes,3,,,,,3 PC SKRT SUIT,,,,,,,,,,,,,,87602700216,JCPENNEY
IN,0650W-CHOCOLATE-16W,Yes,3,,,,,3 PC SKRT SUIT,,,,,,,,,,,,,,87602700224,JCPENNEY
IN,0650W-CHOCOLATE-18W,Yes,3,,,,,3 PC SKRT SUIT,,,,,,,,,,,,,,87602700232,JCPENNEY
IN,0650W-CHOCOLATE-20W,Yes,3,,,,,3 PC SKRT SUIT,,,,,,,,,,,,,,87602700240,JCPENNEY
IN,0650W-CHOCOLATE-22W,Yes,3,,,,,3 PC SKRT SUIT,,,,,,,,,,,,,,87602700257,JCPENNEY
IN,0650W-CHOCOLATE-24W,Yes,3,,,,,3 PC SKRT SUIT,,,,,,,,,,,,,,87602700265,JCPENNEY
IN,0650W-CHOCOLATE-26W,Yes,3,,,,,3 PC SKRT SUIT,,,,,,,,,,,,,,87602700273,JCPENNEY
IN,0650-WHITE-10,Yes,2,,,,,3 PC SKRT SUIT,,,,,,,,,,,,,,69928670869,JCPENNEY
IN,0650-WHITE-12,Yes,2,,,,,3 PC SKRT SUIT,,,,,,,,,,,,,,69928670877,JCPENNEY
IN,0650-WHITE-14,Yes,2,,,,,3 PC SKRT SUIT,,,,,,,,,,,,,,69928670885,JCPENNEY
IN,0650-WHITE-16,Yes,2,,,,,3 PC SKRT SUIT,,,,,,,,,,,,,,69928670893,JCPENNEY
IN,0650-WHITE-18,Yes,3,,,,,3 PC SKRT SUIT,,,,,,,,,,,,,,69928670901,JCPENNEY
IN,0650-WHITE-8,Yes,1,,,,,3 PC SKRT SUIT,,,,,,,,,,,,,,69928670851,JCPENNEY
IN,0650W-ROYAL-14W,Yes,0,,,,,3 PC SKRT SUIT,,,,,,,,,,,,,,87602700414,JCPENNEY
IN,0650W-ROYAL-16W,Yes,1,,,,,3 PC SKRT SUIT,,,,,,,,,,,,,,87602700422,JCPENNEY
IN,0650W-ROYAL-18W,Yes,0,,,,,3 PC SKRT SUIT,,,,,,,,,,,,,,87602700430,JCPENNEY
IN,0650W-ROYAL-20W,Yes,0,,,,,3 PC SKRT SUIT,,,,,,,,,,,,,,87602700448,JCPENNEY
IN,0650W-ROYAL-22W,Yes,3,,,,,3 PC SKRT SUIT,,,,,,,,,,,,,,87602700455,JCPENNEY
IN,0650W-ROYAL-24W,Yes,3,,,,,3 PC SKRT SUIT,,,,,,,,,,,,,,87602700463,JCPENNEY
IN,0650W-ROYAL-26W,Yes,3,,,,,3 PC SKRT SUIT,,,,,,,,,,,,,,87602700471,JCPENNEY
IN,0650W-ROYAL-28W,Yes,2,,,,,3 PC SKRT SUIT,,,,,,,,,,,,,,87602700489,JCPENNEY
IN,0650W-ROYAL-30W,Yes,2,,,,,3 PC SKRT SUIT,,,,,,,,,,,,,,87602700497,JCPENNEY
IN,0650W-SILVER-14W,Yes,2,,,,,3 PC SKRT SUIT,,,,,,,,,,,,,,87602700612,JCPENNEY
IN,0650W-SILVER-16W,Yes,3,,,,,3 PC SKRT SUIT,,,,,,,,,,,,,,87602700620,JCPENNEY
IN,0650W-SILVER-18W,Yes,3,,,,,3 PC SKRT SUIT,,,,,,,,,,,,,,87602700638,JCPENNEY
IN,0650W-SILVER-20W,Yes,2,,,,,3 PC SKRT SUIT,,,,,,,,,,,,,,87602700646,JCPENNEY
IN,0650W-SILVER-22W,Yes,2,,,,,3 PC SKRT SUIT,,,,,,,,,,,,,,87602700653,JCPENNEY
IN,0650W-SILVER-24W,Yes,3,,,,,3 PC SKRT SUIT,,,,,,,,,,,,,,87602700661,JCPENNEY
IN,0650W-SILVER-26W,Yes,3,,,,,3 PC SKRT SUIT,,,,,,,,,,,,,,87602700679,JCPENNEY
IN,0650W-WHITE-14W,Yes,1,,,,,3 PC SKRT SUIT,,,,,,,,,,,,,,87602700810,JCPENNEY
IN,0650W-WHITE-16W,Yes,2,,,,,3 PC SKRT SUIT,,,,,,,,,,,,,,87602700828,JCPENNEY
IN,0650W-WHITE-18W,Yes,1,,,,,3 PC SKRT SUIT,,,,,,,,,,,,,,87602700836,JCPENNEY
IN,0650W-WHITE-20W,Yes,0,,,,,3 PC SKRT SUIT,,,,,,,,,,,,,,87602700844,JCPENNEY
IN,0650W-WHITE-22W,Yes,3,,,,,3 PC SKRT SUIT,,,,,,,,,,,,,,87602700851,JCPENNEY
IN,0650W-WHITE-24W,Yes,3,,,,,3 PC SKRT SUIT,,,,,,,,,,,,,,87602700869,JCPENNEY
IN,0650W-WHITE-26W,Yes,3,,,,,3 PC SKRT SUIT,,,,,,,,,,,,,,87602700877,JCPENNEY
IN,0650W-WHITE-28W,Yes,2,,,,,3 PC SKRT SUIT,,,,,,,,,,,,,,87602700885,JCPENNEY
IN,0650W-WHITE-30W,Yes,2,,,,,3 PC SKRT SUIT,,,,,,,,,,,,,,87602700893,JCPENNEY
IN,0654-BLACK-10,Yes,0,,,,,2 PC SKRT SUIT,,,,,,,,,,,,,,69928680067,JCPENNEY
IN,0654-BLACK-12,Yes,2,,,,,2 PC SKRT SUIT,,,,,,,,,,,,,,69928680075,JCPENNEY
IN,0654-BLACK-18,Yes,0,,,,,2 PC SKRT SUIT,,,,,,,,,,,,,,69928680109,JCPENNEY
IN,0654-BLACK-8,Yes,2,,,,,2 PC SKRT SUIT,,,,,,,,,,,,,,69928680059,JCPENNEY
IN,0654-PURPLE-10,Yes,1,,,,,2 PC SKRT SUIT,,,,,,,,,,,,,,69928680265,JCPENNEY
IN,0654-PURPLE-12,Yes,2,,,,,2 PC SKRT SUIT,,,,,,,,,,,,,,69928680273,JCPENNEY
IN,0654-PURPLE-14,Yes,1,,,,,2 PC SKRT SUIT,,,,,,,,,,,,,,69928680281,JCPENNEY
IN,0654-PURPLE-16,Yes,0,,,,,2 PC SKRT SUIT,,,,,,,,,,,,,,69928680299,JCPENNEY
IN,0654-PURPLE-18,Yes,2,,,,,2 PC SKRT SUIT,,,,,,,,,,,,,,69928680307,JCPENNEY
IN,0654-PURPLE-8,Yes,0,,,,,2 PC SKRT SUIT,,,,,,,,,,,,,,69928680257,JCPENNEY
IN,0654-RED-10,Yes,3,,,,,2 PC SKRT SUIT,,,,,,,,,,,,,,69928680463,JCPENNEY
IN,0654-RED-12,Yes,0,,,,,2 PC SKRT SUIT,,,,,,,,,,,,,,69928680471,JCPENNEY
IN,0654-RED-14,Yes,0,,,,,2 PC SKRT SUIT,,,,,,,,,,,,,,69928680489,JCPENNEY
IN,0654-RED-16,Yes,2,,,,,2 PC SKRT SUIT,,,,,,,,,,,,,,69928680497,JCPENNEY
IN,0654-RED-18,Yes,3,,,,,2 PC SKRT SUIT,,,,,,,,,,,,,,69928680505,JCPENNEY
IN,0654-ROYAL-10,Yes,0,,,,,2 PC SKRT SUIT,,,,,,,,,,,,,,69928680869,JCPENNEY
IN,0654-ROYAL-12,Yes,0,,,,,2 PC SKRT SUIT,,,,,,,,,,,,,,69928680877,JCPENNEY
IN,0654-ROYAL-14,Yes,0,,,,,2 PC SKRT SUIT,,,,,,,,,,,,,,69928680885,JCPENNEY
IN,0654-ROYAL-16,Yes,0,,,,,2 PC SKRT SUIT,,,,,,,,,,,,,,69928680893,JCPENNEY
IN,0654-ROYAL-18,Yes,0,,,,,2 PC SKRT SUIT,,,,,,,,,,,,,,69928680901,JCPENNEY
IN,0654-ROYAL-8,Yes,0,,,,,2 PC SKRT SUIT,,,,,,,,,,,,,,69928680851,JCPENNEY
IN,0654W-BLACK-14W,Yes,0,,,,,2 PC SKRT SUIT,,,,,,,,,,,,,,87602710018,JCPENNEY
IN,0654W-BLACK-16W,Yes,0,,,,,2 PC SKRT SUIT,,,,,,,,,,,,,,87602710026,JCPENNEY
IN,0654W-BLACK-18W,Yes,0,,,,,2 PC SKRT SUIT,,,,,,,,,,,,,,87602710034,JCPENNEY
IN,0654W-BLACK-20W,Yes,0,,,,,2 PC SKRT SUIT,,,,,,,,,,,,,,87602710042,JCPENNEY
IN,0654W-BLACK-22W,Yes,1,,,,,2 PC SKRT SUIT,,,,,,,,,,,,,,87602710059,JCPENNEY
IN,0654W-BLACK-24W,Yes,3,,,,,2 PC SKRT SUIT,,,,,,,,,,,,,,87602710067,JCPENNEY
IN,0654W-BLACK-26W,Yes,2,,,,,2 PC SKRT SUIT,,,,,,,,,,,,,,87602710075,JCPENNEY
IN,0654-WHITE-10,Yes,0,,,,,2 PC SKRT SUIT,,,,,,,,,,,,,,69928680661,JCPENNEY
IN,0654-WHITE-12,Yes,0,,,,,2 PC SKRT SUIT,,,,,,,,,,,,,,69928680679,JCPENNEY
IN,0654-WHITE-14,Yes,0,,,,,2 PC SKRT SUIT,,,,,,,,,,,,,,69928680687,JCPENNEY
IN,0654-WHITE-16,Yes,0,,,,,2 PC SKRT SUIT,,,,,,,,,,,,,,69928680695,JCPENNEY
IN,0654-WHITE-18,Yes,0,,,,,2 PC SKRT SUIT,,,,,,,,,,,,,,69928680703,JCPENNEY
IN,0654-WHITE-8,Yes,0,,,,,2 PC SKRT SUIT,,,,,,,,,,,,,,69928680653,JCPENNEY
IN,0654W-PURPLE-14W,Yes,2,,,,,2 PC SKRT SUIT,,,,,,,,,,,,,,87602710216,JCPENNEY
IN,0654W-PURPLE-16W,Yes,2,,,,,2 PC SKRT SUIT,,,,,,,,,,,,,,87602710224,JCPENNEY
IN,0654W-PURPLE-18W,Yes,2,,,,,2 PC SKRT SUIT,,,,,,,,,,,,,,87602710232,JCPENNEY
IN,0654W-PURPLE-20W,Yes,2,,,,,2 PC SKRT SUIT,,,,,,,,,,,,,,87602710240,JCPENNEY
IN,0654W-PURPLE-22W,Yes,3,,,,,2 PC SKRT SUIT,,,,,,,,,,,,,,87602710257,JCPENNEY
IN,0654W-PURPLE-24W,Yes,3,,,,,2 PC SKRT SUIT,,,,,,,,,,,,,,87602710265,JCPENNEY
IN,0654W-PURPLE-26W,Yes,3,,,,,2 PC SKRT SUIT,,,,,,,,,,,,,,87602710273,JCPENNEY
IN,0654W-RED-14W,Yes,0,,,,,2 PC SKRT SUIT,,,,,,,,,,,,,,87602710414,JCPENNEY
IN,0654W-RED-16W,Yes,0,,,,,2 PC SKRT SUIT,,,,,,,,,,,,,,87602710422,JCPENNEY
IN,0654W-RED-18W,Yes,2,,,,,2 PC SKRT SUIT,,,,,,,,,,,,,,87602710430,JCPENNEY
IN,0654W-RED-20W,Yes,2,,,,,2 PC SKRT SUIT,,,,,,,,,,,,,,87602710448,JCPENNEY
IN,0654W-RED-22W,Yes,3,,,,,2 PC SKRT SUIT,,,,,,,,,,,,,,87602710455,JCPENNEY
IN,0654W-RED-24W,Yes,2,,,,,2 PC SKRT SUIT,,,,,,,,,,,,,,87602710463,JCPENNEY
IN,0654W-RED-26W,Yes,2,,,,,2 PC SKRT SUIT,,,,,,,,,,,,,,87602710471,JCPENNEY
IN,0654W-ROYAL-14W,Yes,2,,,,,2 PC SKRT SUIT,,,,,,,,,,,,,,87602710810,JCPENNEY
IN,0654W-ROYAL-16W,Yes,3,,,,,2 PC SKRT SUIT,,,,,,,,,,,,,,87602710828,JCPENNEY
IN,0654W-ROYAL-18W,Yes,3,,,,,2 PC SKRT SUIT,,,,,,,,,,,,,,87602710836,JCPENNEY
IN,0654W-ROYAL-20W,Yes,3,,,,,2 PC SKRT SUIT,,,,,,,,,,,,,,87602710844,JCPENNEY
IN,0654W-ROYAL-22W,Yes,3,,,,,2 PC SKRT SUIT,,,,,,,,,,,,,,87602710851,JCPENNEY
IN,0654W-ROYAL-24W,Yes,2,,,,,2 PC SKRT SUIT,,,,,,,,,,,,,,87602710869,JCPENNEY
IN,0654W-ROYAL-26W,Yes,2,,,,,2 PC SKRT SUIT,,,,,,,,,,,,,,87602710877,JCPENNEY
IN,0654W-WHITE-14W,Yes,0,,,,,2 PC SKRT SUIT,,,,,,,,,,,,,,87602710612,JCPENNEY
IN,0654W-WHITE-16W,Yes,0,,,,,2 PC SKRT SUIT,,,,,,,,,,,,,,87602710620,JCPENNEY
IN,0654W-WHITE-18W,Yes,0,,,,,2 PC SKRT SUIT,,,,,,,,,,,,,,87602710638,JCPENNEY
IN,0654W-WHITE-20W,Yes,0,,,,,2 PC SKRT SUIT,,,,,,,,,,,,,,87602710646,JCPENNEY
IN,0654W-WHITE-22W,Yes,0,,,,,2 PC SKRT SUIT,,,,,,,,,,,,,,87602710653,JCPENNEY
IN,0654W-WHITE-24W,Yes,0,,,,,2 PC SKRT SUIT,,,,,,,,,,,,,,87602710661,JCPENNEY
IN,0654W-WHITE-26W,Yes,0,,,,,2 PC SKRT SUIT,,,,,,,,,,,,,,87602710679,JCPENNEY
IN,0711-LIME-10,Yes,0,,,,,2PC SKRT SUIT,,,,,,,,,,,,,,81501570067,JCPENNEY
IN,0711-LIME-12,Yes,2,,,,,2PC SKRT SUIT,,,,,,,,,,,,,,81501570075,JCPENNEY
IN,0711-LIME-14,Yes,2,,,,,2PC SKRT SUIT,,,,,,,,,,,,,,81501570083,JCPENNEY
IN,0711-LIME-16,Yes,2,,,,,2PC SKRT SUIT,,,,,,,,,,,,,,81501570091,JCPENNEY
IN,0711-LIME-18,Yes,0,,,,,2PC SKRT SUIT,,,,,,,,,,,,,,81501570109,JCPENNEY
IN,0711-NAVY-10,Yes,2,,,,,2PC SKRT SUIT,,,,,,,,,,,,,,81501570265,JCPENNEY
IN,0711-NAVY-12,Yes,3,,,,,2PC SKRT SUIT,,,,,,,,,,,,,,81501570273,JCPENNEY
IN,0711-NAVY-14,Yes,3,,,,,2PC SKRT SUIT,,,,,,,,,,,,,,81501570281,JCPENNEY
IN,0711-NAVY-16,Yes,3,,,,,2PC SKRT SUIT,,,,,,,,,,,,,,81501570299,JCPENNEY
IN,0711-NAVY-18,Yes,3,,,,,2PC SKRT SUIT,,,,,,,,,,,,,,81501570307,JCPENNEY
IN,0711-NAVY-8,Yes,0,,,,,2PC SKRT SUIT,,,,,,,,,,,,,,81501570257,JCPENNEY
IN,0711W-LIME-14W,Yes,2,,,,,2PC SKRT SUIT,,,,,,,,,,,,,,81501580018,JCPENNEY
IN,0711W-LIME-16W,Yes,2,,,,,2PC SKRT SUIT,,,,,,,,,,,,,,81501580026,JCPENNEY
IN,0711W-LIME-18W,Yes,0,,,,,2PC SKRT SUIT,,,,,,,,,,,,,,81501580034,JCPENNEY
IN,0711W-LIME-20W,Yes,2,,,,,2PC SKRT SUIT,,,,,,,,,,,,,,81501580042,JCPENNEY
IN,0711W-LIME-22W,Yes,2,,,,,2PC SKRT SUIT,,,,,,,,,,,,,,81501580059,JCPENNEY
IN,0711W-LIME-24W,Yes,2,,,,,2PC SKRT SUIT,,,,,,,,,,,,,,81501580067,JCPENNEY
IN,0711W-NAVY-14W,Yes,2,,,,,2PC SKRT SUIT,,,,,,,,,,,,,,81501580216,JCPENNEY
IN,0711W-NAVY-16W,Yes,2,,,,,2PC SKRT SUIT,,,,,,,,,,,,,,81501580224,JCPENNEY
IN,0711W-NAVY-18W,Yes,3,,,,,2PC SKRT SUIT,,,,,,,,,,,,,,81501580232,JCPENNEY
IN,0711W-NAVY-20W,Yes,2,,,,,2PC SKRT SUIT,,,,,,,,,,,,,,81501580240,JCPENNEY
IN,0711W-NAVY-22W,Yes,3,,,,,2PC SKRT SUIT,,,,,,,,,,,,,,81501580257,JCPENNEY
IN,0711W-NAVY-24W,Yes,3,,,,,2PC SKRT SUIT,,,,,,,,,,,,,,81501580265,JCPENNEY
IN,0711W-NAVY-26W,Yes,2,,,,,2PC SKRT SUIT,,,,,,,,,,,,,,81501580273,JCPENNEY
IN,0825-BLACK-10,Yes,3,,,,,3PC SKRT SUIT,,,,,,,,,,,,,,81501590067,JCPENNEY
IN,0825-BLACK-12,Yes,3,,,,,3PC SKRT SUIT,,,,,,,,,,,,,,81501590075,JCPENNEY
IN,0825-BLACK-14,Yes,3,,,,,3PC SKRT SUIT,,,,,,,,,,,,,,81501590083,JCPENNEY
IN,0825-BLACK-16,Yes,3,,,,,3PC SKRT SUIT,,,,,,,,,,,,,,81501590091,JCPENNEY
IN,0825-BLACK-18,Yes,3,,,,,3PC SKRT SUIT,,,,,,,,,,,,,,81501590109,JCPENNEY
IN,0825-BLACK-8,Yes,3,,,,,3PC SKRT SUIT,,,,,,,,,,,,,,81501590059,JCPENNEY
IN,0825-CHOCO-10,Yes,3,,,,,3PC SKRT SUIT,,,,,,,,,,,,,,81501590265,JCPENNEY
IN,0825-CHOCO-12,Yes,3,,,,,3PC SKRT SUIT,,,,,,,,,,,,,,81501590273,JCPENNEY
IN,0825-CHOCO-14,Yes,3,,,,,3PC SKRT SUIT,,,,,,,,,,,,,,81501590281,JCPENNEY
IN,0825-CHOCO-16,Yes,3,,,,,3PC SKRT SUIT,,,,,,,,,,,,,,81501590299,JCPENNEY
IN,0825-CHOCO-18,Yes,3,,,,,3PC SKRT SUIT,,,,,,,,,,,,,,81501590307,JCPENNEY
IN,0825-CHOCO-8,Yes,2,,,,,3PC SKRT SUIT,,,,,,,,,,,,,,81501590257,JCPENNEY
IN,0825W-BLACK-14W,Yes,2,,,,,3PC SKRT SUIT,,,,,,,,,,,,,,81501600018,JCPENNEY
IN,0825W-BLACK-16W,Yes,3,,,,,3PC SKRT SUIT,,,,,,,,,,,,,,81501600026,JCPENNEY
IN,0825W-BLACK-18W,Yes,3,,,,,3PC SKRT SUIT,,,,,,,,,,,,,,81501600034,JCPENNEY
IN,0825W-BLACK-20W,Yes,3,,,,,3PC SKRT SUIT,,,,,,,,,,,,,,81501600042,JCPENNEY
IN,0825W-BLACK-22W,Yes,3,,,,,3PC SKRT SUIT,,,,,,,,,,,,,,81501600059,JCPENNEY
IN,0825W-BLACK-24W,Yes,3,,,,,3PC SKRT SUIT,,,,,,,,,,,,,,81501600067,JCPENNEY
IN,0825W-BLACK-26W,Yes,2,,,,,3PC SKRT SUIT,,,,,,,,,,,,,,81501600075,JCPENNEY
IN,0825W-CHOCO-14W,Yes,3,,,,,3PC SKRT SUIT,,,,,,,,,,,,,,81501600216,JCPENNEY
IN,0825W-CHOCO-16W,Yes,3,,,,,3PC SKRT SUIT,,,,,,,,,,,,,,81501600224,JCPENNEY
IN,0825W-CHOCO-18W,Yes,3,,,,,3PC SKRT SUIT,,,,,,,,,,,,,,81501600232,JCPENNEY
IN,0825W-CHOCO-20W,Yes,3,,,,,3PC SKRT SUIT,,,,,,,,,,,,,,81501600240,JCPENNEY
IN,0825W-CHOCO-22W,Yes,3,,,,,3PC SKRT SUIT,,,,,,,,,,,,,,81501600257,JCPENNEY
IN,0825W-CHOCO-24W,Yes,3,,,,,3PC SKRT SUIT,,,,,,,,,,,,,,81501600265,JCPENNEY
IN,0825W-CHOCO-26W,Yes,3,,,,,3PC SKRT SUIT,,,,,,,,,,,,,,81501600273,JCPENNEY
IN,0825-WHITE-10,Yes,3,,,,,3PC SKRT SUIT,,,,,,,,,,,,,,81501620067,JCPENNEY
IN,0825-WHITE-12,Yes,3,,,,,3PC SKRT SUIT,,,,,,,,,,,,,,81501620075,JCPENNEY
IN,0825-WHITE-14,Yes,3,,,,,3PC SKRT SUIT,,,,,,,,,,,,,,81501620083,JCPENNEY
IN,0825-WHITE-16,Yes,3,,,,,3PC SKRT SUIT,,,,,,,,,,,,,,81501620091,JCPENNEY
IN,0825-WHITE-18,Yes,3,,,,,3PC SKRT SUIT,,,,,,,,,,,,,,81501620109,JCPENNEY
IN,0825-WHITE-8,Yes,2,,,,,3PC SKRT SUIT,,,,,,,,,,,,,,81501620059,JCPENNEY
IN,0825W-WHITE-14W,Yes,2,,,,,3PC SKRT SUIT,,,,,,,,,,,,,,81501630018,JCPENNEY
IN,0825W-WHITE-16W,Yes,3,,,,,3PC SKRT SUIT,,,,,,,,,,,,,,81501630026,JCPENNEY
IN,0825W-WHITE-18W,Yes,3,,,,,3PC SKRT SUIT,,,,,,,,,,,,,,81501630034,JCPENNEY
IN,0825W-WHITE-20W,Yes,3,,,,,3PC SKRT SUIT,,,,,,,,,,,,,,81501630042,JCPENNEY
IN,0825W-WHITE-22W,Yes,3,,,,,3PC SKRT SUIT,,,,,,,,,,,,,,81501630059,JCPENNEY
IN,0825W-WHITE-24W,Yes,3,,,,,3PC SKRT SUIT,,,,,,,,,,,,,,81501630067,JCPENNEY
IN,0825W-WHITE-26W,Yes,2,,,,,3PC SKRT SUIT,,,,,,,,,,,,,,81501630075,JCPENNEY
IN,D1486-NAVY-10,Yes,3,,,,,1PC SHIFT DRS,,,,,,,,,,,,,,22002740067,JCPENNEY
IN,D1486-NAVY-12,Yes,3,,,,,1PC SHIFT DRS,,,,,,,,,,,,,,22002740075,JCPENNEY
IN,D1486-NAVY-14,Yes,3,,,,,1PC SHIFT DRS,,,,,,,,,,,,,,22002740083,JCPENNEY
IN,D1486-NAVY-16,Yes,3,,,,,1PC SHIFT DRS,,,,,,,,,,,,,,22002740091,JCPENNEY
IN,D1486-NAVY-18,Yes,3,,,,,1PC SHIFT DRS,,,,,,,,,,,,,,22002740109,JCPENNEY
IN,D1486-WHITE-10,Yes,3,,,,,1PC SHIFT DRS,,,,,,,,,,,,,,22002740265,JCPENNEY
IN,D1486-WHITE-12,Yes,3,,,,,1PC SHIFT DRS,,,,,,,,,,,,,,22002740273,JCPENNEY
IN,D1486-WHITE-14,Yes,3,,,,,1PC SHIFT DRS,,,,,,,,,,,,,,22002740281,JCPENNEY
IN,D1486-WHITE-16,Yes,3,,,,,1PC SHIFT DRS,,,,,,,,,,,,,,22002740299,JCPENNEY
IN,D1486-WHITE-18,Yes,3,,,,,1PC SHIFT DRS,,,,,,,,,,,,,,22002740307,JCPENNEY
IN,D1486W-NAVY-14W,Yes,2,,,,,1PC SHIFT DRS,,,,,,,,,,,,,,87607640018,JCPENNEY
IN,D1486W-NAVY-16W,Yes,3,,,,,1PC SHIFT DRS,,,,,,,,,,,,,,87607640026,JCPENNEY
IN,D1486W-NAVY-18W,Yes,3,,,,,1PC SHIFT DRS,,,,,,,,,,,,,,87607640034,JCPENNEY
IN,D1486W-NAVY-20W,Yes,3,,,,,1PC SHIFT DRS,,,,,,,,,,,,,,87607640042,JCPENNEY
IN,D1486W-NAVY-22W,Yes,3,,,,,1PC SHIFT DRS,,,,,,,,,,,,,,87607640059,JCPENNEY
IN,D1486W-NAVY-24W,Yes,2,,,,,1PC SHIFT DRS,,,,,,,,,,,,,,87607640067,JCPENNEY
IN,D1486W-NAVY-26W,Yes,2,,,,,1PC SHIFT DRS,,,,,,,,,,,,,,87607640075,JCPENNEY
IN,D1486W-WHITE-14W,Yes,2,,,,,1PC SHIFT DRS,,,,,,,,,,,,,,87607640216,JCPENNEY
IN,D1486W-WHITE-16W,Yes,3,,,,,1PC SHIFT DRS,,,,,,,,,,,,,,87607640224,JCPENNEY
IN,D1486W-WHITE-18W,Yes,3,,,,,1PC SHIFT DRS,,,,,,,,,,,,,,87607640232,JCPENNEY
IN,D1486W-WHITE-20W,Yes,3,,,,,1PC SHIFT DRS,,,,,,,,,,,,,,87607640240,JCPENNEY
IN,D1486W-WHITE-22W,Yes,3,,,,,1PC SHIFT DRS,,,,,,,,,,,,,,87607640257,JCPENNEY
IN,D1486W-WHITE-24W,Yes,3,,,,,1PC SHIFT DRS,,,,,,,,,,,,,,87607640265,JCPENNEY
IN,D1486W-WHITE-26W,Yes,2,,,,,1PC SHIFT DRS,,,,,,,,,,,,,,87607640273,JCPENNEY
IN,D1491-CHAMP-10,Yes,2,,,,,1PC BRCD DRS,,,,,,,,,,,,,,22002750067,JCPENNEY
IN,D1491-CHAMP-12,Yes,0,,,,,1PC BRCD DRS,,,,,,,,,,,,,,22002750075,JCPENNEY
IN,D1491-CHAMP-14,Yes,0,,,,,1PC BRCD DRS,,,,,,,,,,,,,,22002750083,JCPENNEY
IN,D1491-CHAMP-16,Yes,0,,,,,1PC BRCD DRS,,,,,,,,,,,,,,22002750091,JCPENNEY
IN,D1491-CHAMP-18,Yes,0,,,,,1PC BRCD DRS,,,,,,,,,,,,,,22002750109,JCPENNEY
IN,D1491-CHAMP-8,Yes,0,,,,,1PC BRCD DRS,,,,,,,,,,,,,,22002750059,JCPENNEY
IN,D1491W-CHAMP-14W,Yes,2,,,,,1PC BRCD DRS,,,,,,,,,,,,,,87607650018,JCPENNEY
IN,D1491W-CHAMP-16W,Yes,3,,,,,1PC BRCD DRS,,,,,,,,,,,,,,87607650026,JCPENNEY
IN,D1491W-CHAMP-18W,Yes,3,,,,,1PC BRCD DRS,,,,,,,,,,,,,,87607650034,JCPENNEY
IN,D1491W-CHAMP-20W,Yes,3,,,,,1PC BRCD DRS,,,,,,,,,,,,,,87607650042,JCPENNEY
IN,D1491W-CHAMP-22W,Yes,3,,,,,1PC BRCD DRS,,,,,,,,,,,,,,87607650059,JCPENNEY
IN,D1491W-CHAMP-24W,Yes,3,,,,,1PC BRCD DRS,,,,,,,,,,,,,,87607650067,JCPENNEY
IN,D1494-IVORY-10,Yes,2,,,,,1PC A-LINE DRS,,,,,,,,,,,,,,22002700067,JCPENNEY
IN,D1494-IVORY-12,Yes,3,,,,,1PC A-LINE DRS,,,,,,,,,,,,,,22002700075,JCPENNEY
IN,D1494-IVORY-14,Yes,3,,,,,1PC A-LINE DRS,,,,,,,,,,,,,,22002700083,JCPENNEY
IN,D1494-IVORY-16,Yes,3,,,,,1PC A-LINE DRS,,,,,,,,,,,,,,22002700091,JCPENNEY
IN,D1494-IVORY-18,Yes,3,,,,,1PC A-LINE DRS,,,,,,,,,,,,,,22002700109,JCPENNEY
IN,D1494-PINK-10,Yes,2,,,,,1PC A-LINE DRS,,,,,,,,,,,,,,22002700265,JCPENNEY
IN,D1494-PINK-12,Yes,3,,,,,1PC A-LINE DRS,,,,,,,,,,,,,,22002700273,JCPENNEY
IN,D1494-PINK-14,Yes,3,,,,,1PC A-LINE DRS,,,,,,,,,,,,,,22002700281,JCPENNEY
IN,D1494-PINK-16,Yes,3,,,,,1PC A-LINE DRS,,,,,,,,,,,,,,22002700299,JCPENNEY
IN,D1494-PINK-18,Yes,3,,,,,1PC A-LINE DRS,,,,,,,,,,,,,,22002700307,JCPENNEY
IN,D1494W-IVORY-14W,Yes,3,,,,,1PC A-LINE DRS,,,,,,,,,,,,,,87607570018,JCPENNEY
IN,D1494W-IVORY-16W,Yes,3,,,,,1PC A-LINE DRS,,,,,,,,,,,,,,87607570026,JCPENNEY
IN,D1494W-IVORY-18W,Yes,3,,,,,1PC A-LINE DRS,,,,,,,,,,,,,,87607570034,JCPENNEY
IN,D1494W-IVORY-20W,Yes,3,,,,,1PC A-LINE DRS,,,,,,,,,,,,,,87607570042,JCPENNEY
IN,D1494W-IVORY-22W,Yes,3,,,,,1PC A-LINE DRS,,,,,,,,,,,,,,87607570059,JCPENNEY
IN,D1494W-IVORY-24W,Yes,3,,,,,1PC A-LINE DRS,,,,,,,,,,,,,,87607570067,JCPENNEY
IN,D1494W-IVORY-26W,Yes,2,,,,,1PC A-LINE DRS,,,,,,,,,,,,,,87607570075,JCPENNEY
IN,D1494W-PINK-14W,Yes,3,,,,,1PC A-LINE DRS,,,,,,,,,,,,,,87607570216,JCPENNEY
IN,D1494W-PINK-16W,Yes,3,,,,,1PC A-LINE DRS,,,,,,,,,,,,,,87607570224,JCPENNEY
IN,D1494W-PINK-18W,Yes,3,,,,,1PC A-LINE DRS,,,,,,,,,,,,,,87607570232,JCPENNEY
IN,D1494W-PINK-20W,Yes,3,,,,,1PC A-LINE DRS,,,,,,,,,,,,,,87607570240,JCPENNEY
IN,D1494W-PINK-22W,Yes,3,,,,,1PC A-LINE DRS,,,,,,,,,,,,,,87607570257,JCPENNEY
IN,D1494W-PINK-24W,Yes,3,,,,,1PC A-LINE DRS,,,,,,,,,,,,,,87607570265,JCPENNEY
IN,D1494W-PINK-26W,Yes,2,,,,,1PC A-LINE DRS,,,,,,,,,,,,,,87607570273,JCPENNEY
IN,D1495-NAVY-10,Yes,2,,,,,1PC SHEATH DRS,,,,,,,,,,,,,,22002690067,JCPENNEY
IN,D1495-NAVY-12,Yes,3,,,,,1PC SHEATH DRS,,,,,,,,,,,,,,22002690075,JCPENNEY
IN,D1495-NAVY-14,Yes,3,,,,,1PC SHEATH DRS,,,,,,,,,,,,,,22002690083,JCPENNEY
IN,D1495-NAVY-16,Yes,3,,,,,1PC SHEATH DRS,,,,,,,,,,,,,,22002690091,JCPENNEY
IN,D1495-NAVY-18,Yes,3,,,,,1PC SHEATH DRS,,,,,,,,,,,,,,22002690109,JCPENNEY
IN,D1495-WHITE-10,Yes,2,,,,,1PC SHEATH DRS,,,,,,,,,,,,,,22002690265,JCPENNEY
IN,D1495-WHITE-12,Yes,3,,,,,1PC SHEATH DRS,,,,,,,,,,,,,,22002690273,JCPENNEY
IN,D1495-WHITE-14,Yes,3,,,,,1PC SHEATH DRS,,,,,,,,,,,,,,22002690281,JCPENNEY
IN,D1495-WHITE-16,Yes,3,,,,,1PC SHEATH DRS,,,,,,,,,,,,,,22002690299,JCPENNEY
IN,D1495-WHITE-18,Yes,3,,,,,1PC SHEATH DRS,,,,,,,,,,,,,,22002690307,JCPENNEY
IN,D1495W-NAVY-14W,Yes,3,,,,,1PC SHEATH DRS,,,,,,,,,,,,,,87607550018,JCPENNEY
IN,D1495W-NAVY-16W,Yes,3,,,,,1PC SHEATH DRS,,,,,,,,,,,,,,87607550026,JCPENNEY
IN,D1495W-NAVY-18W,Yes,3,,,,,1PC SHEATH DRS,,,,,,,,,,,,,,87607550034,JCPENNEY
IN,D1495W-NAVY-20W,Yes,3,,,,,1PC SHEATH DRS,,,,,,,,,,,,,,87607550042,JCPENNEY
IN,D1495W-NAVY-22W,Yes,3,,,,,1PC SHEATH DRS,,,,,,,,,,,,,,87607550059,JCPENNEY
IN,D1495W-NAVY-24W,Yes,3,,,,,1PC SHEATH DRS,,,,,,,,,,,,,,87607550067,JCPENNEY
IN,D1495W-NAVY-26W,Yes,2,,,,,1PC SHEATH DRS,,,,,,,,,,,,,,87607550075,JCPENNEY
IN,D1495W-WHITE-14W,Yes,3,,,,,1PC SHEATH DRS,,,,,,,,,,,,,,87607550216,JCPENNEY
IN,D1495W-WHITE-16W,Yes,3,,,,,1PC SHEATH DRS,,,,,,,,,,,,,,87607550224,JCPENNEY
IN,D1495W-WHITE-18W,Yes,3,,,,,1PC SHEATH DRS,,,,,,,,,,,,,,87607550232,JCPENNEY
IN,D1495W-WHITE-20W,Yes,3,,,,,1PC SHEATH DRS,,,,,,,,,,,,,,87607550240,JCPENNEY
IN,D1495W-WHITE-22W,Yes,3,,,,,1PC SHEATH DRS,,,,,,,,,,,,,,87607550257,JCPENNEY
IN,D1495W-WHITE-24W,Yes,3,,,,,1PC SHEATH DRS,,,,,,,,,,,,,,87607550265,JCPENNEY
IN,D1495W-WHITE-26W,Yes,3,,,,,1PC SHEATH DRS,,,,,,,,,,,,,,87607550273,JCPENNEY
IN,D1496-BLUE-10,Yes,0,,,,,1PC DRESS,,,,,,,,,,,,,,22001830067,JCPENNEY
IN,D1496-BLUE-12,Yes,3,,,,,1PC DRESS,,,,,,,,,,,,,,22001830075,JCPENNEY
IN,D1496-BLUE-14,Yes,3,,,,,1PC DRESS,,,,,,,,,,,,,,22001830083,JCPENNEY
IN,D1496-BLUE-16,Yes,3,,,,,1PC DRESS,,,,,,,,,,,,,,22001830091,JCPENNEY
IN,D1496-BLUE-18,Yes,3,,,,,1PC DRESS,,,,,,,,,,,,,,22001830109,JCPENNEY
IN,D1496W-BLUE-14W,Yes,3,,,,,1PC DRESS,,,,,,,,,,,,,,87605640018,JCPENNEY
IN,D1496W-BLUE-16W,Yes,0,,,,,1PC DRESS,,,,,,,,,,,,,,87605640026,JCPENNEY
IN,D1496W-BLUE-18W,Yes,3,,,,,1PC DRESS,,,,,,,,,,,,,,87605640034,JCPENNEY
IN,D1496W-BLUE-20W,Yes,3,,,,,1PC DRESS,,,,,,,,,,,,,,87605640042,JCPENNEY
IN,D1496W-BLUE-22W,Yes,3,,,,,1PC DRESS,,,,,,,,,,,,,,87605640059,JCPENNEY
IN,D1496W-BLUE-24W,Yes,3,,,,,1PC DRESS,,,,,,,,,,,,,,87605640067,JCPENNEY
IN,D1497-GREEN-10,Yes,0,,,,,1PC A-LINE DRS,,,,,,,,,,,,,,22002680067,JCPENNEY
IN,D1497-GREEN-12,Yes,1,,,,,1PC A-LINE DRS,,,,,,,,,,,,,,22002680075,JCPENNEY
IN,D1497-GREEN-14,Yes,2,,,,,1PC A-LINE DRS,,,,,,,,,,,,,,22002680083,JCPENNEY
IN,D1497-GREEN-16,Yes,2,,,,,1PC A-LINE DRS,,,,,,,,,,,,,,22002680091,JCPENNEY
IN,D1497-GREEN-18,Yes,3,,,,,1PC A-LINE DRS,,,,,,,,,,,,,,22002680109,JCPENNEY
IN,D1497W-GREEN-14W,Yes,3,,,,,1PC A-LINE DRS,,,,,,,,,,,,,,87607560018,JCPENNEY
IN,D1497W-GREEN-16W,Yes,3,,,,,1PC A-LINE DRS,,,,,,,,,,,,,,87607560026,JCPENNEY
IN,D1497W-GREEN-18W,Yes,3,,,,,1PC A-LINE DRS,,,,,,,,,,,,,,87607560034,JCPENNEY
IN,D1497W-GREEN-20W,Yes,3,,,,,1PC A-LINE DRS,,,,,,,,,,,,,,87607560042,JCPENNEY
IN,D1497W-GREEN-22W,Yes,3,,,,,1PC A-LINE DRS,,,,,,,,,,,,,,87607560059,JCPENNEY
IN,D1497W-GREEN-24W,Yes,3,,,,,1PC A-LINE DRS,,,,,,,,,,,,,,87607560067,JCPENNEY
IN,D1498-NAVY-10,Yes,2,,,,,1PC LONG DRS,,,,,,,,,,,,,,22002670067,JCPENNEY
IN,D1498-NAVY-12,Yes,3,,,,,1PC LONG DRS,,,,,,,,,,,,,,22002670075,JCPENNEY
IN,D1498-NAVY-14,Yes,3,,,,,1PC LONG DRS,,,,,,,,,,,,,,22002670083,JCPENNEY
IN,D1498-NAVY-16,Yes,3,,,,,1PC LONG DRS,,,,,,,,,,,,,,22002670091,JCPENNEY
IN,D1498-NAVY-18,Yes,3,,,,,1PC LONG DRS,,,,,,,,,,,,,,22002670109,JCPENNEY
IN,D1498W-NAVY-14W,Yes,3,,,,,1PC LONG DRS,,,,,,,,,,,,,,87607540018,JCPENNEY
IN,D1498W-NAVY-16W,Yes,3,,,,,1PC LONG DRS,,,,,,,,,,,,,,87607540026,JCPENNEY
IN,D1498W-NAVY-18W,Yes,3,,,,,1PC LONG DRS,,,,,,,,,,,,,,87607540034,JCPENNEY
IN,D1498W-NAVY-20W,Yes,3,,,,,1PC LONG DRS,,,,,,,,,,,,,,87607540042,JCPENNEY
IN,D1498W-NAVY-22W,Yes,3,,,,,1PC LONG DRS,,,,,,,,,,,,,,87607540059,JCPENNEY
IN,D1498W-NAVY-24W,Yes,3,,,,,1PC LONG DRS,,,,,,,,,,,,,,87607540067,JCPENNEY
IN,G0844-BLACK-10,Yes,0,,,,,3 PC SKRT SUIT,,,,,,,,,,,,,,69928700067,JCPENNEY
IN,G0844-BLACK-12,Yes,1,,,,,3 PC SKRT SUIT,,,,,,,,,,,,,,69928700075,JCPENNEY
IN,G0844-BLACK-14,Yes,0,,,,,3 PC SKRT SUIT,,,,,,,,,,,,,,69928700083,JCPENNEY
IN,G0844-BLACK-16,Yes,0,,,,,3 PC SKRT SUIT,,,,,,,,,,,,,,69928700091,JCPENNEY
IN,G0844-BLACK-18,Yes,2,,,,,3 PC SKRT SUIT,,,,,,,,,,,,,,69928700109,JCPENNEY
IN,G0844-BLACK-8,Yes,0,,,,,3 PC SKRT SUIT,,,,,,,,,,,,,,69928700059,JCPENNEY
IN,G0844-ICE BLUE-10,Yes,0,,,,,3 PC SKRT SUIT,,,,,,,,,,,,,,69928700265,JCPENNEY
IN,G0844-ICE BLUE-12,Yes,0,,,,,3 PC SKRT SUIT,,,,,,,,,,,,,,69928700273,JCPENNEY
IN,G0844-ICE BLUE-14,Yes,0,,,,,3 PC SKRT SUIT,,,,,,,,,,,,,,69928700281,JCPENNEY
IN,G0844-ICE BLUE-16,Yes,0,,,,,3 PC SKRT SUIT,,,,,,,,,,,,,,69928700299,JCPENNEY
IN,G0844-ICE BLUE-18,Yes,0,,,,,3 PC SKRT SUIT,,,,,,,,,,,,,,69928700307,JCPENNEY
IN,G0844-ICE BLUE-8,Yes,0,,,,,3 PC SKRT SUIT,,,,,,,,,,,,,,69928700257,JCPENNEY
IN,G0844-IVORY-10,Yes,0,,,,,3 PC SKRT SUIT,,,,,,,,,,,,,,69928700463,JCPENNEY
IN,G0844-IVORY-12,Yes,0,,,,,3 PC SKRT SUIT,,,,,,,,,,,,,,69928700471,JCPENNEY
IN,G0844-IVORY-14,Yes,0,,,,,3 PC SKRT SUIT,,,,,,,,,,,,,,69928700489,JCPENNEY
IN,G0844-IVORY-16,Yes,0,,,,,3 PC SKRT SUIT,,,,,,,,,,,,,,69928700497,JCPENNEY
IN,G0844-IVORY-18,Yes,0,,,,,3 PC SKRT SUIT,,,,,,,,,,,,,,69928700505,JCPENNEY
IN,G0844-IVORY-8,Yes,0,,,,,3 PC SKRT SUIT,,,,,,,,,,,,,,69928700455,JCPENNEY
IN,G0844W-BLACK-14W,Yes,2,,,,,3 PC SKRT SUIT,,,,,,,,,,,,,,87602730018,JCPENNEY
IN,G0844W-BLACK-16W,Yes,2,,,,,3 PC SKRT SUIT,,,,,,,,,,,,,,87602730026,JCPENNEY
IN,G0844W-BLACK-18W,Yes,1,,,,,3 PC SKRT SUIT,,,,,,,,,,,,,,87602730034,JCPENNEY
IN,G0844W-BLACK-20W,Yes,2,,,,,3 PC SKRT SUIT,,,,,,,,,,,,,,87602730042,JCPENNEY
IN,G0844W-BLACK-22W,Yes,2,,,,,3 PC SKRT SUIT,,,,,,,,,,,,,,87602730059,JCPENNEY
IN,G0844W-BLACK-24W,Yes,3,,,,,3 PC SKRT SUIT,,,,,,,,,,,,,,87602730067,JCPENNEY
IN,G0844-WHITE-10,Yes,0,,,,,3 PC SKRT SUIT,,,,,,,,,,,,,,69928700661,JCPENNEY
IN,G0844-WHITE-12,Yes,0,,,,,3 PC SKRT SUIT,,,,,,,,,,,,,,69928700679,JCPENNEY
IN,G0844-WHITE-14,Yes,0,,,,,3 PC SKRT SUIT,,,,,,,,,,,,,,69928700687,JCPENNEY
IN,G0844-WHITE-16,Yes,0,,,,,3 PC SKRT SUIT,,,,,,,,,,,,,,69928700695,JCPENNEY
IN,G0844-WHITE-18,Yes,0,,,,,3 PC SKRT SUIT,,,,,,,,,,,,,,69928700703,JCPENNEY
IN,G0844-WHITE-8,Yes,0,,,,,3 PC SKRT SUIT,,,,,,,,,,,,,,69928700653,JCPENNEY
IN,G0844W-ICE BLUE-14W,Yes,1,,,,,3 PC SKRT SUIT,,,,,,,,,,,,,,87602730216,JCPENNEY
IN,G0844W-ICE BLUE-16W,Yes,3,,,,,3 PC SKRT SUIT,,,,,,,,,,,,,,87602730224,JCPENNEY
IN,G0844W-ICE BLUE-18W,Yes,2,,,,,3 PC SKRT SUIT,,,,,,,,,,,,,,87602730232,JCPENNEY
IN,G0844W-ICE BLUE-20W,Yes,3,,,,,3 PC SKRT SUIT,,,,,,,,,,,,,,87602730240,JCPENNEY
IN,G0844W-ICE BLUE-22W,Yes,2,,,,,3 PC SKRT SUIT,,,,,,,,,,,,,,87602730257,JCPENNEY
IN,G0844W-ICE BLUE-24W,Yes,2,,,,,3 PC SKRT SUIT,,,,,,,,,,,,,,87602730265,JCPENNEY
IN,G0844W-IVORY-14W,Yes,0,,,,,3 PC SKRT SUIT,,,,,,,,,,,,,,87602730414,JCPENNEY
IN,G0844W-IVORY-16W,Yes,0,,,,,3 PC SKRT SUIT,,,,,,,,,,,,,,87602730422,JCPENNEY
IN,G0844W-IVORY-18W,Yes,0,,,,,3 PC SKRT SUIT,,,,,,,,,,,,,,87602730430,JCPENNEY
IN,G0844W-IVORY-20W,Yes,0,,,,,3 PC SKRT SUIT,,,,,,,,,,,,,,87602730448,JCPENNEY
IN,G0844W-IVORY-22W,Yes,2,,,,,3 PC SKRT SUIT,,,,,,,,,,,,,,87602730455,JCPENNEY
IN,G0844W-IVORY-24W,Yes,3,,,,,3 PC SKRT SUIT,,,,,,,,,,,,,,87602730463,JCPENNEY
IN,G0844W-IVORY-26W,Yes,3,,,,,3 PC SKRT SUIT,,,,,,,,,,,,,,87602730471,JCPENNEY
IN,G0844W-WHITE-14W,Yes,0,,,,,3 PC SKRT SUIT,,,,,,,,,,,,,,87602730612,JCPENNEY
IN,G0844W-WHITE-16W,Yes,0,,,,,3 PC SKRT SUIT,,,,,,,,,,,,,,87602730620,JCPENNEY
IN,G0844W-WHITE-18W,Yes,2,,,,,3 PC SKRT SUIT,,,,,,,,,,,,,,87602730638,JCPENNEY
IN,G0844W-WHITE-20W,Yes,2,,,,,3 PC SKRT SUIT,,,,,,,,,,,,,,87602730646,JCPENNEY
IN,G0844W-WHITE-22W,Yes,3,,,,,3 PC SKRT SUIT,,,,,,,,,,,,,,87602730653,JCPENNEY
IN,G0844W-WHITE-24W,Yes,3,,,,,3 PC SKRT SUIT,,,,,,,,,,,,,,87602730661,JCPENNEY
IN,G1007-BLACK-10,Yes,2,,,,,3 PC SKRT SUIT,,,,,,,,,,,,,,69928660067,JCPENNEY
IN,G1007-BLACK-12,Yes,2,,,,,3 PC SKRT SUIT,,,,,,,,,,,,,,69928660075,JCPENNEY
IN,G1007-BLACK-14,Yes,2,,,,,3 PC SKRT SUIT,,,,,,,,,,,,,,69928660083,JCPENNEY
IN,G1007-BLACK-16,Yes,1,,,,,3 PC SKRT SUIT,,,,,,,,,,,,,,69928660091,JCPENNEY
IN,G1007-BLACK-18,Yes,2,,,,,3 PC SKRT SUIT,,,,,,,,,,,,,,69928660109,JCPENNEY
IN,G1007-BLACK-8,Yes,1,,,,,3 PC SKRT SUIT,,,,,,,,,,,,,,69928660059,JCPENNEY
IN,G1007-CHOCOLATE-10,Yes,3,,,,,3 PC SKRT SUIT,,,,,,,,,,,,,,69928660265,JCPENNEY
IN,G1007-CHOCOLATE-12,Yes,0,,,,,3 PC SKRT SUIT,,,,,,,,,,,,,,69928660273,JCPENNEY
IN,G1007-CHOCOLATE-14,Yes,0,,,,,3 PC SKRT SUIT,,,,,,,,,,,,,,69928660281,JCPENNEY
IN,G1007-CHOCOLATE-16,Yes,0,,,,,3 PC SKRT SUIT,,,,,,,,,,,,,,69928660299,JCPENNEY
IN,G1007-CHOCOLATE-18,Yes,0,,,,,3 PC SKRT SUIT,,,,,,,,,,,,,,69928660307,JCPENNEY
IN,G1007-EMERALD-10,Yes,2,,,,,3 PC SKRT SUIT,,,,,,,,,,,,,,69928660463,JCPENNEY
IN,G1007-EMERALD-12,Yes,2,,,,,3 PC SKRT SUIT,,,,,,,,,,,,,,69928660471,JCPENNEY
IN,G1007-EMERALD-14,Yes,1,,,,,3 PC SKRT SUIT,,,,,,,,,,,,,,69928660489,JCPENNEY
IN,G1007-EMERALD-16,Yes,0,,,,,3 PC SKRT SUIT,,,,,,,,,,,,,,69928660497,JCPENNEY
IN,G1007-EMERALD-18,Yes,0,,,,,3 PC SKRT SUIT,,,,,,,,,,,,,,69928660505,JCPENNEY
IN,G1007-RED-10,Yes,0,,,,,3 PC SKRT SUIT,,,,,,,,,,,,,,69928660661,JCPENNEY
IN,G1007-RED-12,Yes,1,,,,,3 PC SKRT SUIT,,,,,,,,,,,,,,69928660679,JCPENNEY
IN,G1007-RED-14,Yes,0,,,,,3 PC SKRT SUIT,,,,,,,,,,,,,,69928660687,JCPENNEY
IN,G1007-RED-16,Yes,0,,,,,3 PC SKRT SUIT,,,,,,,,,,,,,,69928660695,JCPENNEY
IN,G1007-RED-18,Yes,0,,,,,3 PC SKRT SUIT,,,,,,,,,,,,,,69928660703,JCPENNEY
IN,G1007W-BLACK-14W,Yes,3,,,,,3 PC SKRT SUIT,,,,,,,,,,,,,,87602680018,JCPENNEY
IN,G1007W-BLACK-16W,Yes,3,,,,,3 PC SKRT SUIT,,,,,,,,,,,,,,87602680026,JCPENNEY
IN,G1007W-BLACK-18W,Yes,3,,,,,3 PC SKRT SUIT,,,,,,,,,,,,,,87602680034,JCPENNEY
IN,G1007W-BLACK-20W,Yes,3,,,,,3 PC SKRT SUIT,,,,,,,,,,,,,,87602680042,JCPENNEY
IN,G1007W-BLACK-22W,Yes,3,,,,,3 PC SKRT SUIT,,,,,,,,,,,,,,87602680059,JCPENNEY
IN,G1007W-BLACK-24W,Yes,2,,,,,3 PC SKRT SUIT,,,,,,,,,,,,,,87602680067,JCPENNEY
IN,G1007W-BLACK-26W,Yes,3,,,,,3 PC SKRT SUIT,,,,,,,,,,,,,,87602680075,JCPENNEY
IN,G1007W-CHOCOLATE-14W,Yes,0,,,,,3 PC SKRT SUIT,,,,,,,,,,,,,,87602680216,JCPENNEY
IN,G1007W-CHOCOLATE-16W,Yes,0,,,,,3 PC SKRT SUIT,,,,,,,,,,,,,,87602680224,JCPENNEY
IN,G1007W-CHOCOLATE-18W,Yes,0,,,,,3 PC SKRT SUIT,,,,,,,,,,,,,,87602680232,JCPENNEY
IN,G1007W-CHOCOLATE-20W,Yes,0,,,,,3 PC SKRT SUIT,,,,,,,,,,,,,,87602680240,JCPENNEY
IN,G1007W-CHOCOLATE-22W,Yes,0,,,,,3 PC SKRT SUIT,,,,,,,,,,,,,,87602680257,JCPENNEY
IN,G1007W-CHOCOLATE-24W,Yes,1,,,,,3 PC SKRT SUIT,,,,,,,,,,,,,,87602680265,JCPENNEY
IN,G1007W-EMERALD-14W,Yes,2,,,,,3 PC SKRT SUIT,,,,,,,,,,,,,,87602680414,JCPENNEY
IN,G1007W-EMERALD-16W,Yes,2,,,,,3 PC SKRT SUIT,,,,,,,,,,,,,,87602680422,JCPENNEY
IN,G1007W-EMERALD-18W,Yes,1,,,,,3 PC SKRT SUIT,,,,,,,,,,,,,,87602680430,JCPENNEY
IN,G1007W-EMERALD-20W,Yes,0,,,,,3 PC SKRT SUIT,,,,,,,,,,,,,,87602680448,JCPENNEY
IN,G1007W-EMERALD-22W,Yes,0,,,,,3 PC SKRT SUIT,,,,,,,,,,,,,,87602680455,JCPENNEY
IN,G1007W-EMERALD-24W,Yes,2,,,,,3 PC SKRT SUIT,,,,,,,,,,,,,,87602680463,JCPENNEY
IN,G1007W-RED-14W,Yes,2,,,,,3 PC SKRT SUIT,,,,,,,,,,,,,,87602680612,JCPENNEY
IN,G1007W-RED-16W,Yes,0,,,,,3 PC SKRT SUIT,,,,,,,,,,,,,,87602680620,JCPENNEY
IN,G1007W-RED-18W,Yes,0,,,,,3 PC SKRT SUIT,,,,,,,,,,,,,,87602680638,JCPENNEY
IN,G1007W-RED-20W,Yes,0,,,,,3 PC SKRT SUIT,,,,,,,,,,,,,,87602680646,JCPENNEY
IN,G1007W-RED-22W,Yes,2,,,,,3 PC SKRT SUIT,,,,,,,,,,,,,,87602680653,JCPENNEY
IN,G1007W-RED-24W,Yes,3,,,,,3 PC SKRT SUIT,,,,,,,,,,,,,,87602680661,JCPENNEY
IN,G1007W-RED-26W,Yes,2,,,,,3 PC SKRT SUIT,,,,,,,,,,,,,,87602680679,JCPENNEY
IN,G1018-BLACK-10,Yes,0,,,,,3 PC SKRT SUIT,,,,,,,,,,,,,,69928650067,JCPENNEY
IN,G1018-BLACK-12,Yes,0,,,,,3 PC SKRT SUIT,,,,,,,,,,,,,,69928650075,JCPENNEY
IN,G1018-BLACK-14,Yes,0,,,,,3 PC SKRT SUIT,,,,,,,,,,,,,,69928650083,JCPENNEY
IN,G1018-BLACK-16,Yes,0,,,,,3 PC SKRT SUIT,,,,,,,,,,,,,,69928650091,JCPENNEY
IN,G1018-BLACK-18,Yes,0,,,,,3 PC SKRT SUIT,,,,,,,,,,,,,,69928650109,JCPENNEY
IN,G1018-GINGER-10,Yes,0,,,,,3 PC SKRT SUIT,,,,,,,,,,,,,,69928650265,JCPENNEY
IN,G1018-GINGER-12,Yes,1,,,,,3 PC SKRT SUIT,,,,,,,,,,,,,,69928650273,JCPENNEY
IN,G1018-GINGER-14,Yes,0,,,,,3 PC SKRT SUIT,,,,,,,,,,,,,,69928650281,JCPENNEY
IN,G1018-GINGER-16,Yes,0,,,,,3 PC SKRT SUIT,,,,,,,,,,,,,,69928650299,JCPENNEY
IN,G1018-GINGER-18,Yes,0,,,,,3 PC SKRT SUIT,,,,,,,,,,,,,,69928650307,JCPENNEY
IN,G1018-NAVY-10,Yes,0,,,,,3 PC SKRT SUIT,,,,,,,,,,,,,,69928650463,JCPENNEY
IN,G1018-NAVY-12,Yes,0,,,,,3 PC SKRT SUIT,,,,,,,,,,,,,,69928650471,JCPENNEY
IN,G1018-NAVY-14,Yes,0,,,,,3 PC SKRT SUIT,,,,,,,,,,,,,,69928650489,JCPENNEY
IN,G1018-NAVY-16,Yes,0,,,,,3 PC SKRT SUIT,,,,,,,,,,,,,,69928650497,JCPENNEY
IN,G1018-NAVY-18,Yes,0,,,,,3 PC SKRT SUIT,,,,,,,,,,,,,,69928650505,JCPENNEY
IN,G1018W-BLACK-14W,Yes,1,,,,,3 PC SKRT SUIT,,,,,,,,,,,,,,87602670018,JCPENNEY
IN,G1018W-BLACK-16W,Yes,2,,,,,3 PC SKRT SUIT,,,,,,,,,,,,,,87602670026,JCPENNEY
IN,G1018W-BLACK-18W,Yes,1,,,,,3 PC SKRT SUIT,,,,,,,,,,,,,,87602670034,JCPENNEY
IN,G1018W-BLACK-20W,Yes,0,,,,,3 PC SKRT SUIT,,,,,,,,,,,,,,87602670042,JCPENNEY
IN,G1018W-BLACK-22W,Yes,2,,,,,3 PC SKRT SUIT,,,,,,,,,,,,,,87602670059,JCPENNEY
IN,G1018W-BLACK-24W,Yes,2,,,,,3 PC SKRT SUIT,,,,,,,,,,,,,,87602670067,JCPENNEY
IN,G1018W-BLACK-26W,Yes,2,,,,,3 PC SKRT SUIT,,,,,,,,,,,,,,87602670075,JCPENNEY
IN,G1018W-GINGER-14W,Yes,3,,,,,3 PC SKRT SUIT,,,,,,,,,,,,,,87602670216,JCPENNEY
IN,G1018W-GINGER-16W,Yes,3,,,,,3 PC SKRT SUIT,,,,,,,,,,,,,,87602670224,JCPENNEY
IN,G1018W-GINGER-18W,Yes,2,,,,,3 PC SKRT SUIT,,,,,,,,,,,,,,87602670232,JCPENNEY
IN,G1018W-GINGER-20W,Yes,2,,,,,3 PC SKRT SUIT,,,,,,,,,,,,,,87602670240,JCPENNEY
IN,G1018W-GINGER-22W,Yes,3,,,,,3 PC SKRT SUIT,,,,,,,,,,,,,,87602670257,JCPENNEY
IN,G1018W-GINGER-24W,Yes,3,,,,,3 PC SKRT SUIT,,,,,,,,,,,,,,87602670265,JCPENNEY
IN,G1018W-GINGER-26W,Yes,1,,,,,3 PC SKRT SUIT,,,,,,,,,,,,,,87602670273,JCPENNEY
IN,G1018W-NAVY-14W,Yes,0,,,,,3 PC SKRT SUIT,,,,,,,,,,,,,,87602670414,JCPENNEY
IN,G1018W-NAVY-16W,Yes,0,,,,,3 PC SKRT SUIT,,,,,,,,,,,,,,87602670422,JCPENNEY
IN,G1018W-NAVY-18W,Yes,0,,,,,3 PC SKRT SUIT,,,,,,,,,,,,,,87602670430,JCPENNEY
IN,G1018W-NAVY-20W,Yes,0,,,,,3 PC SKRT SUIT,,,,,,,,,,,,,,87602670448,JCPENNEY
IN,G1018W-NAVY-22W,Yes,0,,,,,3 PC SKRT SUIT,,,,,,,,,,,,,,87602670455,JCPENNEY
IN,G1018W-NAVY-24W,Yes,0,,,,,3 PC SKRT SUIT,,,,,,,,,,,,,,87602670463,JCPENNEY
IN,G1018W-NAVY-26W,Yes,0,,,,,3 PC SKRT SUIT,,,,,,,,,,,,,,87602670471,JCPENNEY
IN,G1018W-WHITE-16W,Yes,0,,,,,3 PC SKRT SUIT,,,,,,,,,,,,,,87602670620,JCPENNEY
IN,G1018W-WHITE-18W,Yes,0,,,,,3 PC SKRT SUIT,,,,,,,,,,,,,,87602670638,JCPENNEY
IN,G1018W-WHITE-20W,Yes,0,,,,,3 PC SKRT SUIT,,,,,,,,,,,,,,87602670646,JCPENNEY
IN,G1018W-WHITE-22W,Yes,2,,,,,3 PC SKRT SUIT,,,,,,,,,,,,,,87602670653,JCPENNEY
IN,G1018W-WHITE-24W,Yes,3,,,,,3 PC SKRT SUIT,,,,,,,,,,,,,,87602670661,JCPENNEY
IN,G1018W-WHITE-26W,Yes,2,,,,,3 PC SKRT SUIT,,,,,,,,,,,,,,87602670679,JCPENNEY
IN,G1032-BLACK SILVER-10,Yes,0,,,,,3 PC SKRT SUIT,,,,,,,,,,,,,,69928330067,JCPENNEY
IN,G1032-BLACK SILVER-12,Yes,0,,,,,3 PC SKRT SUIT,,,,,,,,,,,,,,69928330075,JCPENNEY
IN,G1032-BLACK SILVER-14,Yes,0,,,,,3 PC SKRT SUIT,,,,,,,,,,,,,,69928330083,JCPENNEY
IN,G1032-BLACK SILVER-16,Yes,0,,,,,3 PC SKRT SUIT,,,,,,,,,,,,,,69928330091,JCPENNEY
IN,G1032-BLACK SILVER-18,Yes,0,,,,,3 PC SKRT SUIT,,,,,,,,,,,,,,69928330109,JCPENNEY
IN,G1032W-BLACK SILVER-14W,Yes,0,,,,,3 PC SKRT SUIT,,,,,,,,,,,,,,87602570018,JCPENNEY
IN,G1032W-BLACK SILVER-16W,Yes,0,,,,,3 PC SKRT SUIT,,,,,,,,,,,,,,87602570026,JCPENNEY
IN,G1032W-BLACK SILVER-18W,Yes,0,,,,,3 PC SKRT SUIT,,,,,,,,,,,,,,87602570034,JCPENNEY
IN,G1032W-BLACK SILVER-20W,Yes,1,,,,,3 PC SKRT SUIT,,,,,,,,,,,,,,87602570042,JCPENNEY
IN,G1032W-BLACK SILVER-22W,Yes,3,,,,,3 PC SKRT SUIT,,,,,,,,,,,,,,87602570059,JCPENNEY
IN,G1032W-BLACK SILVER-24W,Yes,1,,,,,3 PC SKRT SUIT,,,,,,,,,,,,,,87602570067,JCPENNEY
IN,G1032W-BLACK SILVER-26W,Yes,0,,,,,3 PC SKRT SUIT,,,,,,,,,,,,,,87602570075,JCPENNEY
IN,G1039-BLACK WHITE-10,Yes,0,,,,,3 PC SKRT SUIT,,,,,,,,,,,,,,69928350067,JCPENNEY
IN,G1039-BLACK WHITE-12,Yes,0,,,,,3 PC SKRT SUIT,,,,,,,,,,,,,,69928350075,JCPENNEY
IN,G1039-BLACK WHITE-14,Yes,0,,,,,3 PC SKRT SUIT,,,,,,,,,,,,,,69928350083,JCPENNEY
IN,G1039-BLACK WHITE-16,Yes,0,,,,,3 PC SKRT SUIT,,,,,,,,,,,,,,69928350091,JCPENNEY
IN,G1039-BLACK WHITE-18,Yes,0,,,,,3 PC SKRT SUIT,,,,,,,,,,,,,,69928350109,JCPENNEY
IN,G1039-EMERALD WHITE-10,Yes,2,,,,,3 PC SKRT SUIT,,,,,,,,,,,,,,69928350265,JCPENNEY
IN,G1039-EMERALD WHITE-12,Yes,3,,,,,3 PC SKRT SUIT,,,,,,,,,,,,,,69928350273,JCPENNEY
IN,G1039-EMERALD WHITE-14,Yes,2,,,,,3 PC SKRT SUIT,,,,,,,,,,,,,,69928350281,JCPENNEY
IN,G1039-EMERALD WHITE-16,Yes,2,,,,,3 PC SKRT SUIT,,,,,,,,,,,,,,69928350299,JCPENNEY
IN,G1039-EMERALD WHITE-18,Yes,3,,,,,3 PC SKRT SUIT,,,,,,,,,,,,,,69928350307,JCPENNEY
IN,G1039-GOLD WHITE-10,Yes,0,,,,,3 PC SKRT SUIT,,,,,,,,,,,,,,69928350463,JCPENNEY
IN,G1039-GOLD WHITE-12,Yes,0,,,,,3 PC SKRT SUIT,,,,,,,,,,,,,,69928350471,JCPENNEY
IN,G1039-GOLD WHITE-14,Yes,0,,,,,3 PC SKRT SUIT,,,,,,,,,,,,,,69928350489,JCPENNEY
IN,G1039-GOLD WHITE-16,Yes,0,,,,,3 PC SKRT SUIT,,,,,,,,,,,,,,69928350497,JCPENNEY
IN,G1039-GOLD WHITE-18,Yes,0,,,,,3 PC SKRT SUIT,,,,,,,,,,,,,,69928350505,JCPENNEY
IN,G1039W-EMERALD WHITE-14W,Yes,2,,,,,3 PC SKRT SUIT,,,,,,,,,,,,,,87602590216,JCPENNEY
IN,G1039W-EMERALD WHITE-16W,Yes,2,,,,,3 PC SKRT SUIT,,,,,,,,,,,,,,87602590224,JCPENNEY
IN,G1039W-EMERALD WHITE-18W,Yes,2,,,,,3 PC SKRT SUIT,,,,,,,,,,,,,,87602590232,JCPENNEY
IN,G1039W-EMERALD WHITE-20W,Yes,3,,,,,3 PC SKRT SUIT,,,,,,,,,,,,,,87602590240,JCPENNEY
IN,G1039W-EMERALD WHITE-22W,Yes,3,,,,,3 PC SKRT SUIT,,,,,,,,,,,,,,87602590257,JCPENNEY
IN,G1039W-EMERALD WHITE-24W,Yes,3,,,,,3 PC SKRT SUIT,,,,,,,,,,,,,,87602590265,JCPENNEY
IN,G1039W-EMERALD WHITE-26W,Yes,1,,,,,3 PC SKRT SUIT,,,,,,,,,,,,,,87602590273,JCPENNEY
IN,G1039W-GOLD WHITE-14W,Yes,0,,,,,3 PC SKRT SUIT,,,,,,,,,,,,,,87602590414,JCPENNEY
IN,G1039W-GOLD WHITE-16W,Yes,0,,,,,3 PC SKRT SUIT,,,,,,,,,,,,,,87602590422,JCPENNEY
IN,G1039W-GOLD WHITE-18W,Yes,0,,,,,3 PC SKRT SUIT,,,,,,,,,,,,,,87602590430,JCPENNEY
IN,G1039W-GOLD WHITE-20W,Yes,2,,,,,3 PC SKRT SUIT,,,,,,,,,,,,,,87602590448,JCPENNEY
IN,G1039W-GOLD WHITE-22W,Yes,2,,,,,3 PC SKRT SUIT,,,,,,,,,,,,,,87602590455,JCPENNEY
IN,G1039W-GOLD WHITE-24W,Yes,2,,,,,3 PC SKRT SUIT,,,,,,,,,,,,,,87602590463,JCPENNEY
IN,G1039W-GOLD WHITE-26W,Yes,0,,,,,3 PC SKRT SUIT,,,,,,,,,,,,,,87602590471,JCPENNEY
IN,G1042-EMERALD WHITE-10,Yes,2,,,,,3 PC SKRT SUIT,,,,,,,,,,,,,,69928340067,JCPENNEY
IN,G1042-EMERALD WHITE-12,Yes,2,,,,,3 PC SKRT SUIT,,,,,,,,,,,,,,69928340075,JCPENNEY
IN,G1042-EMERALD WHITE-14,Yes,3,,,,,3 PC SKRT SUIT,,,,,,,,,,,,,,69928340083,JCPENNEY
IN,G1042-EMERALD WHITE-16,Yes,3,,,,,3 PC SKRT SUIT,,,,,,,,,,,,,,69928340091,JCPENNEY
IN,G1042-EMERALD WHITE-18,Yes,2,,,,,3 PC SKRT SUIT,,,,,,,,,,,,,,69928340109,JCPENNEY
IN,G1042-GOLD WHITE-10,Yes,2,,,,,3 PC SKRT SUIT,,,,,,,,,,,,,,69928340265,JCPENNEY
IN,G1042-GOLD WHITE-12,Yes,0,,,,,3 PC SKRT SUIT,,,,,,,,,,,,,,69928340273,JCPENNEY
IN,G1042-GOLD WHITE-14,Yes,0,,,,,3 PC SKRT SUIT,,,,,,,,,,,,,,69928340281,JCPENNEY
IN,G1042-GOLD WHITE-16,Yes,1,,,,,3 PC SKRT SUIT,,,,,,,,,,,,,,69928340299,JCPENNEY
IN,G1042-GOLD WHITE-18,Yes,0,,,,,3 PC SKRT SUIT,,,,,,,,,,,,,,69928340307,JCPENNEY
IN,G1042W-EMERALD-14W,Yes,2,,,,,3 PC SKRT SUIT,,,,,,,,,,,,,,87602580018,JCPENNEY
IN,G1042W-EMERALD-16W,Yes,3,,,,,3 PC SKRT SUIT,,,,,,,,,,,,,,87602580026,JCPENNEY
IN,G1042W-EMERALD-18W,Yes,3,,,,,3 PC SKRT SUIT,,,,,,,,,,,,,,87602580034,JCPENNEY
IN,G1042W-EMERALD-20W,Yes,3,,,,,3 PC SKRT SUIT,,,,,,,,,,,,,,87602580042,JCPENNEY
IN,G1042W-EMERALD-22W,Yes,3,,,,,3 PC SKRT SUIT,,,,,,,,,,,,,,87602580059,JCPENNEY
IN,G1042W-EMERALD-24W,Yes,3,,,,,3 PC SKRT SUIT,,,,,,,,,,,,,,87602580067,JCPENNEY
IN,G1042W-GOLD WHITE-14W,Yes,0,,,,,3 PC SKRT SUIT,,,,,,,,,,,,,,87602580216,JCPENNEY
IN,G1042W-GOLD WHITE-16W,Yes,2,,,,,3 PC SKRT SUIT,,,,,,,,,,,,,,87602580224,JCPENNEY
IN,G1042W-GOLD WHITE-18W,Yes,2,,,,,3 PC SKRT SUIT,,,,,,,,,,,,,,87602580232,JCPENNEY
IN,G1042W-GOLD WHITE-20W,Yes,1,,,,,3 PC SKRT SUIT,,,,,,,,,,,,,,87602580240,JCPENNEY
IN,G1042W-GOLD WHITE-22W,Yes,2,,,,,3 PC SKRT SUIT,,,,,,,,,,,,,,87602580257,JCPENNEY
IN,G1042W-GOLD WHITE-24W,Yes,3,,,,,3 PC SKRT SUIT,,,,,,,,,,,,,,87602580265,JCPENNEY
IN,G1042-WHITE-10,Yes,0,,,,,3 PC SKRT SUIT,,,,,,,,,,,,,,69928340463,JCPENNEY
IN,G1042-WHITE-12,Yes,0,,,,,3 PC SKRT SUIT,,,,,,,,,,,,,,69928340471,JCPENNEY
IN,G1042-WHITE-14,Yes,0,,,,,3 PC SKRT SUIT,,,,,,,,,,,,,,69928340489,JCPENNEY
IN,G1042-WHITE-16,Yes,0,,,,,3 PC SKRT SUIT,,,,,,,,,,,,,,69928340497,JCPENNEY
IN,G1042-WHITE-18,Yes,0,,,,,3 PC SKRT SUIT,,,,,,,,,,,,,,69928340505,JCPENNEY
IN,G1042W-WHITE-14W,Yes,0,,,,,3 PC SKRT SUIT,,,,,,,,,,,,,,87602580414,JCPENNEY
IN,G1042W-WHITE-16W,Yes,0,,,,,3 PC SKRT SUIT,,,,,,,,,,,,,,87602580422,JCPENNEY
IN,G1042W-WHITE-18W,Yes,0,,,,,3 PC SKRT SUIT,,,,,,,,,,,,,,87602580430,JCPENNEY
IN,G1042W-WHITE-20W,Yes,0,,,,,3 PC SKRT SUIT,,,,,,,,,,,,,,87602580448,JCPENNEY
IN,G1042W-WHITE-22W,Yes,0,,,,,3 PC SKRT SUIT,,,,,,,,,,,,,,87602580455,JCPENNEY
IN,G1042W-WHITE-24W,Yes,0,,,,,3 PC SKRT SUIT,,,,,,,,,,,,,,87602580463,JCPENNEY
IN,G1047-ICEBLUE-10,Yes,1,,,,,2PC JKT DRS,,,,,,,,,,,,,,22001840067,JCPENNEY
IN,G1047-ICEBLUE-12,Yes,2,,,,,2PC JKT DRS,,,,,,,,,,,,,,22001840075,JCPENNEY
IN,G1047-ICEBLUE-14,Yes,2,,,,,2PC JKT DRS,,,,,,,,,,,,,,22001840083,JCPENNEY
IN,G1047-ICEBLUE-16,Yes,3,,,,,2PC JKT DRS,,,,,,,,,,,,,,22001840091,JCPENNEY
IN,G1047-ICEBLUE-18,Yes,2,,,,,2PC JKT DRS,,,,,,,,,,,,,,22001840109,JCPENNEY
IN,G1047-ICEBLUE-8,Yes,0,,,,,2PC JKT DRS,,,,,,,,,,,,,,22001840059,JCPENNEY
IN,G1047-PINK-10,Yes,1,,,,,2PC JKT DRS,,,,,,,,,,,,,,22001840265,JCPENNEY
IN,G1047-PINK-12,Yes,3,,,,,2PC JKT DRS,,,,,,,,,,,,,,22001840273,JCPENNEY
IN,G1047-PINK-14,Yes,3,,,,,2PC JKT DRS,,,,,,,,,,,,,,22001840281,JCPENNEY
IN,G1047-PINK-16,Yes,3,,,,,2PC JKT DRS,,,,,,,,,,,,,,22001840299,JCPENNEY
IN,G1047-PINK-18,Yes,3,,,,,2PC JKT DRS,,,,,,,,,,,,,,22001840307,JCPENNEY
IN,G1047-PINK-8,Yes,0,,,,,2PC JKT DRS,,,,,,,,,,,,,,22001840257,JCPENNEY
IN,G1047-WHITE-10,Yes,0,,,,,2PC JKT DRS,,,,,,,,,,,,,,22001840463,JCPENNEY
IN,G1047-WHITE-12,Yes,0,,,,,2PC JKT DRS,,,,,,,,,,,,,,22001840471,JCPENNEY
IN,G1047-WHITE-14,Yes,0,,,,,2PC JKT DRS,,,,,,,,,,,,,,22001840489,JCPENNEY
IN,G1047-WHITE-16,Yes,2,,,,,2PC JKT DRS,,,,,,,,,,,,,,22001840497,JCPENNEY
IN,G1047-WHITE-18,Yes,3,,,,,2PC JKT DRS,,,,,,,,,,,,,,22001840505,JCPENNEY
IN,G1047-WHITE-8,Yes,0,,,,,2PC JKT DRS,,,,,,,,,,,,,,22001840455,JCPENNEY
IN,G1047W-ICEBLUE-14W,Yes,2,,,,,2PC JKT DRS,,,,,,,,,,,,,,87605650018,JCPENNEY
IN,G1047W-ICEBLUE-16W,Yes,3,,,,,2PC JKT DRS,,,,,,,,,,,,,,87605650026,JCPENNEY
IN,G1047W-ICEBLUE-18W,Yes,3,,,,,2PC JKT DRS,,,,,,,,,,,,,,87605650034,JCPENNEY
IN,G1047W-ICEBLUE-20W,Yes,3,,,,,2PC JKT DRS,,,,,,,,,,,,,,87605650042,JCPENNEY
IN,G1047W-ICEBLUE-22W,Yes,3,,,,,2PC JKT DRS,,,,,,,,,,,,,,87605650059,JCPENNEY
IN,G1047W-ICEBLUE-24W,Yes,2,,,,,2PC JKT DRS,,,,,,,,,,,,,,87605650067,JCPENNEY
IN,G1047W-PINK-14W,Yes,3,,,,,2PC JKT DRS,,,,,,,,,,,,,,87605650216,JCPENNEY
IN,G1047W-PINK-16W,Yes,3,,,,,2PC JKT DRS,,,,,,,,,,,,,,87605650224,JCPENNEY
IN,G1047W-PINK-18W,Yes,3,,,,,2PC JKT DRS,,,,,,,,,,,,,,87605650232,JCPENNEY
IN,G1047W-PINK-20W,Yes,3,,,,,2PC JKT DRS,,,,,,,,,,,,,,87605650240,JCPENNEY
IN,G1047W-PINK-22W,Yes,3,,,,,2PC JKT DRS,,,,,,,,,,,,,,87605650257,JCPENNEY
IN,G1047W-PINK-24W,Yes,2,,,,,2PC JKT DRS,,,,,,,,,,,,,,87605650265,JCPENNEY
IN,G1047W-WHITE-14W,Yes,2,,,,,2PC JKT DRS,,,,,,,,,,,,,,87605650414,JCPENNEY
IN,G1047W-WHITE-16W,Yes,3,,,,,2PC JKT DRS,,,,,,,,,,,,,,87605650422,JCPENNEY
IN,G1047W-WHITE-18W,Yes,3,,,,,2PC JKT DRS,,,,,,,,,,,,,,87605650430,JCPENNEY
IN,G1047W-WHITE-20W,Yes,3,,,,,2PC JKT DRS,,,,,,,,,,,,,,87605650448,JCPENNEY
IN,G1047W-WHITE-22W,Yes,2,,,,,2PC JKT DRS,,,,,,,,,,,,,,87605650455,JCPENNEY
IN,G1047W-WHITE-24W,Yes,2,,,,,2PC JKT DRS,,,,,,,,,,,,,,87605650463,JCPENNEY
IN,G1048-LEMYELLOW-10,Yes,2,,,,,2 PC LACE SUIT,,,,,,,,,,,,,,81503130067,JCPENNEY
IN,G1048-LEMYELLOW-12,Yes,3,,,,,2 PC LACE SUIT,,,,,,,,,,,,,,81503130075,JCPENNEY
IN,G1048-LEMYELLOW-14,Yes,3,,,,,2 PC LACE SUIT,,,,,,,,,,,,,,81503130083,JCPENNEY
IN,G1048-LEMYELLOW-16,Yes,3,,,,,2 PC LACE SUIT,,,,,,,,,,,,,,81503130091,JCPENNEY
IN,G1048-LEMYELLOW-18,Yes,3,,,,,2 PC LACE SUIT,,,,,,,,,,,,,,81503130109,JCPENNEY
IN,G1048-ROSEPINK-10,Yes,3,,,,,2 PC LACE SUIT,,,,,,,,,,,,,,81503130265,JCPENNEY
IN,G1048-ROSEPINK-12,Yes,3,,,,,2 PC LACE SUIT,,,,,,,,,,,,,,81503130273,JCPENNEY
IN,G1048-ROSEPINK-14,Yes,2,,,,,2 PC LACE SUIT,,,,,,,,,,,,,,81503130281,JCPENNEY
IN,G1048-ROSEPINK-16,Yes,3,,,,,2 PC LACE SUIT,,,,,,,,,,,,,,81503130299,JCPENNEY
IN,G1048-ROSEPINK-18,Yes,3,,,,,2 PC LACE SUIT,,,,,,,,,,,,,,81503130307,JCPENNEY
IN,G1048-WHITE-10,Yes,0,,,,,2 PC LACE SUIT,,,,,,,,,,,,,,81503130463,JCPENNEY
IN,G1048-WHITE-12,Yes,1,,,,,2 PC LACE SUIT,,,,,,,,,,,,,,81503130471,JCPENNEY
IN,G1048-WHITE-14,Yes,0,,,,,2 PC LACE SUIT,,,,,,,,,,,,,,81503130489,JCPENNEY
IN,G1048-WHITE-16,Yes,0,,,,,2 PC LACE SUIT,,,,,,,,,,,,,,81503130497,JCPENNEY
IN,G1048-WHITE-18,Yes,0,,,,,2 PC LACE SUIT,,,,,,,,,,,,,,81503130505,JCPENNEY
IN,G1048W-LEMYELLOW-14W,Yes,2,,,,,2 PC LACE SUIT,,,,,,,,,,,,,,81501310018,JCPENNEY
IN,G1048W-LEMYELLOW-16W,Yes,3,,,,,2 PC LACE SUIT,,,,,,,,,,,,,,81501310026,JCPENNEY
IN,G1048W-LEMYELLOW-18W,Yes,3,,,,,2 PC LACE SUIT,,,,,,,,,,,,,,81501310034,JCPENNEY
IN,G1048W-LEMYELLOW-20W,Yes,2,,,,,2 PC LACE SUIT,,,,,,,,,,,,,,81501310042,JCPENNEY
IN,G1048W-LEMYELLOW-22W,Yes,3,,,,,2 PC LACE SUIT,,,,,,,,,,,,,,81501310059,JCPENNEY
IN,G1048W-LEMYELLOW-24W,Yes,3,,,,,2 PC LACE SUIT,,,,,,,,,,,,,,81501310067,JCPENNEY
IN,G1048W-ROSEPINK-14W,Yes,2,,,,,2 PC LACE SUIT,,,,,,,,,,,,,,81501310216,JCPENNEY
IN,G1048W-ROSEPINK-16W,Yes,3,,,,,2 PC LACE SUIT,,,,,,,,,,,,,,81501310224,JCPENNEY
IN,G1048W-ROSEPINK-18W,Yes,3,,,,,2 PC LACE SUIT,,,,,,,,,,,,,,81501310232,JCPENNEY
IN,G1048W-ROSEPINK-20W,Yes,3,,,,,2 PC LACE SUIT,,,,,,,,,,,,,,81501310240,JCPENNEY
IN,G1048W-ROSEPINK-22W,Yes,3,,,,,2 PC LACE SUIT,,,,,,,,,,,,,,81501310257,JCPENNEY
IN,G1048W-ROSEPINK-24W,Yes,3,,,,,2 PC LACE SUIT,,,,,,,,,,,,,,81501310265,JCPENNEY
IN,G1048W-WHITE-16W,Yes,2,,,,,2 PC LACE SUIT,,,,,,,,,,,,,,81501310422,JCPENNEY
IN,G1048W-WHITE-18W,Yes,0,,,,,2 PC LACE SUIT,,,,,,,,,,,,,,81501310430,JCPENNEY
IN,G1048W-WHITE-20W,Yes,3,,,,,2 PC LACE SUIT,,,,,,,,,,,,,,81501310448,JCPENNEY
IN,G1048W-WHITE-22W,Yes,3,,,,,2 PC LACE SUIT,,,,,,,,,,,,,,81501310455,JCPENNEY
IN,G1048W-WHITE-24W,Yes,2,,,,,2 PC LACE SUIT,,,,,,,,,,,,,,81501310463,JCPENNEY
IN,G1049-ROSEPINK-10,Yes,3,,,,,3 PC SKRT SUIT,,,,,,,,,,,,,,81501340067,JCPENNEY
IN,G1049-ROSEPINK-12,Yes,3,,,,,3 PC SKRT SUIT,,,,,,,,,,,,,,81501340075,JCPENNEY
IN,G1049-ROSEPINK-14,Yes,3,,,,,3 PC SKRT SUIT,,,,,,,,,,,,,,81501340083,JCPENNEY
IN,G1049-ROSEPINK-16,Yes,3,,,,,3 PC SKRT SUIT,,,,,,,,,,,,,,81501340091,JCPENNEY
IN,G1049-ROSEPINK-18,Yes,3,,,,,3 PC SKRT SUIT,,,,,,,,,,,,,,81501340109,JCPENNEY
IN,G1049-ROSEPINK-8,Yes,2,,,,,3 PC SKRT SUIT,,,,,,,,,,,,,,81501340059,JCPENNEY
IN,G1049-WHITE-10,Yes,3,,,,,3 PC SKRT SUIT,,,,,,,,,,,,,,81501340265,JCPENNEY
IN,G1049-WHITE-12,Yes,3,,,,,3 PC SKRT SUIT,,,,,,,,,,,,,,81501340273,JCPENNEY
IN,G1049-WHITE-14,Yes,3,,,,,3 PC SKRT SUIT,,,,,,,,,,,,,,81501340281,JCPENNEY
IN,G1049-WHITE-16,Yes,3,,,,,3 PC SKRT SUIT,,,,,,,,,,,,,,81501340299,JCPENNEY
IN,G1049-WHITE-18,Yes,3,,,,,3 PC SKRT SUIT,,,,,,,,,,,,,,81501340307,JCPENNEY
IN,G1049-WHITE-8,Yes,2,,,,,3 PC SKRT SUIT,,,,,,,,,,,,,,81501340257,JCPENNEY
IN,G1049W-ROSEPINK-14W,Yes,3,,,,,3 PC SKRT SUIT,,,,,,,,,,,,,,81501320018,JCPENNEY
IN,G1049W-ROSEPINK-16W,Yes,3,,,,,3 PC SKRT SUIT,,,,,,,,,,,,,,81501320026,JCPENNEY
IN,G1049W-ROSEPINK-18W,Yes,3,,,,,3 PC SKRT SUIT,,,,,,,,,,,,,,81501320034,JCPENNEY
IN,G1049W-ROSEPINK-20W,Yes,3,,,,,3 PC SKRT SUIT,,,,,,,,,,,,,,81501320042,JCPENNEY
IN,G1049W-ROSEPINK-22W,Yes,3,,,,,3 PC SKRT SUIT,,,,,,,,,,,,,,81501320059,JCPENNEY
IN,G1049W-ROSEPINK-24W,Yes,3,,,,,3 PC SKRT SUIT,,,,,,,,,,,,,,81501320067,JCPENNEY
IN,G1049W-ROSEPINK-26W,Yes,3,,,,,3 PC SKRT SUIT,,,,,,,,,,,,,,81501320075,JCPENNEY
IN,G1049W-WHITE-14W,Yes,3,,,,,3 PC SKRT SUIT,,,,,,,,,,,,,,81501320216,JCPENNEY
IN,G1049W-WHITE-16W,Yes,3,,,,,3 PC SKRT SUIT,,,,,,,,,,,,,,81501320224,JCPENNEY
IN,G1049W-WHITE-18W,Yes,3,,,,,3 PC SKRT SUIT,,,,,,,,,,,,,,81501320232,JCPENNEY
IN,G1049W-WHITE-20W,Yes,3,,,,,3 PC SKRT SUIT,,,,,,,,,,,,,,81501320240,JCPENNEY
IN,G1049W-WHITE-22W,Yes,3,,,,,3 PC SKRT SUIT,,,,,,,,,,,,,,81501320257,JCPENNEY
IN,G1049W-WHITE-24W,Yes,3,,,,,3 PC SKRT SUIT,,,,,,,,,,,,,,81501320265,JCPENNEY
IN,G1049W-WHITE-26W,Yes,3,,,,,3 PC SKRT SUIT,,,,,,,,,,,,,,81501320273,JCPENNEY
IN,G1053-NAVY/WHT-10,Yes,3,,,,,3 PC SKRT SUIT,,,,,,,,,,,,,,81501300067,JCPENNEY
IN,G1053-NAVY/WHT-12,Yes,3,,,,,3 PC SKRT SUIT,,,,,,,,,,,,,,81501300075,JCPENNEY
IN,G1053-NAVY/WHT-14,Yes,3,,,,,3 PC SKRT SUIT,,,,,,,,,,,,,,81501300083,JCPENNEY
IN,G1053-NAVY/WHT-16,Yes,3,,,,,3 PC SKRT SUIT,,,,,,,,,,,,,,81501300091,JCPENNEY
IN,G1053-NAVY/WHT-18,Yes,3,,,,,3 PC SKRT SUIT,,,,,,,,,,,,,,81501300109,JCPENNEY
IN,G1053W-NAVY/WHT-14W,Yes,3,,,,,3 PC SKRT SUIT,,,,,,,,,,,,,,81501290018,JCPENNEY
IN,G1053W-NAVY/WHT-16W,Yes,3,,,,,3 PC SKRT SUIT,,,,,,,,,,,,,,81501290026,JCPENNEY
IN,G1053W-NAVY/WHT-18W,Yes,3,,,,,3 PC SKRT SUIT,,,,,,,,,,,,,,81501290034,JCPENNEY
IN,G1053W-NAVY/WHT-20W,Yes,3,,,,,3 PC SKRT SUIT,,,,,,,,,,,,,,81501290042,JCPENNEY
IN,G1053W-NAVY/WHT-22W,Yes,3,,,,,3 PC SKRT SUIT,,,,,,,,,,,,,,81501290059,JCPENNEY
IN,G1053W-NAVY/WHT-24W,Yes,3,,,,,3 PC SKRT SUIT,,,,,,,,,,,,,,81501290067,JCPENNEY
IN,G1060-LAV-10,Yes,2,,,,,3PC SKRT SUIT,,,,,,,,,,,,,,81501560067,JCPENNEY
IN,G1060-LAV-12,Yes,3,,,,,3PC SKRT SUIT,,,,,,,,,,,,,,81501560075,JCPENNEY
IN,G1060-LAV-14,Yes,3,,,,,3PC SKRT SUIT,,,,,,,,,,,,,,81501560083,JCPENNEY
IN,G1060-LAV-16,Yes,2,,,,,3PC SKRT SUIT,,,,,,,,,,,,,,81501560091,JCPENNEY
IN,G1060-LAV-18,Yes,2,,,,,3PC SKRT SUIT,,,,,,,,,,,,,,81501560109,JCPENNEY
IN,G1060-LAV-8,Yes,1,,,,,3PC SKRT SUIT,,,,,,,,,,,,,,81501560059,JCPENNEY
IN,G1060-OFFWHT-10,Yes,0,,,,,3PC SKRT SUIT,,,,,,,,,,,,,,81501560265,JCPENNEY
IN,G1060-OFFWHT-12,Yes,1,,,,,3PC SKRT SUIT,,,,,,,,,,,,,,81501560273,JCPENNEY
IN,G1060-OFFWHT-14,Yes,1,,,,,3PC SKRT SUIT,,,,,,,,,,,,,,81501560281,JCPENNEY
IN,G1060-OFFWHT-16,Yes,0,,,,,3PC SKRT SUIT,,,,,,,,,,,,,,81501560299,JCPENNEY
IN,G1060-OFFWHT-18,Yes,0,,,,,3PC SKRT SUIT,,,,,,,,,,,,,,81501560307,JCPENNEY
IN,G1060-OFFWHT-8,Yes,0,,,,,3PC SKRT SUIT,,,,,,,,,,,,,,81501560257,JCPENNEY
IN,G1060W-LAV-14W,Yes,2,,,,,3PC SKRT SUIT,,,,,,,,,,,,,,81501550018,JCPENNEY
IN,G1060W-LAV-16W,Yes,2,,,,,3PC SKRT SUIT,,,,,,,,,,,,,,81501550026,JCPENNEY
IN,G1060W-LAV-18W,Yes,0,,,,,3PC SKRT SUIT,,,,,,,,,,,,,,81501550034,JCPENNEY
IN,G1060W-LAV-20W,Yes,2,,,,,3PC SKRT SUIT,,,,,,,,,,,,,,81501550042,JCPENNEY
IN,G1060W-LAV-22W,Yes,2,,,,,3PC SKRT SUIT,,,,,,,,,,,,,,81501550059,JCPENNEY
IN,G1060W-LAV-24W,Yes,2,,,,,3PC SKRT SUIT,,,,,,,,,,,,,,81501550067,JCPENNEY
IN,G1060W-OFFWHT-14W,Yes,2,,,,,3PC SKRT SUIT,,,,,,,,,,,,,,81501550216,JCPENNEY
IN,G1060W-OFFWHT-16W,Yes,3,,,,,3PC SKRT SUIT,,,,,,,,,,,,,,81501550224,JCPENNEY
IN,G1060W-OFFWHT-18W,Yes,3,,,,,3PC SKRT SUIT,,,,,,,,,,,,,,81501550232,JCPENNEY
IN,G1060W-OFFWHT-20W,Yes,1,,,,,3PC SKRT SUIT,,,,,,,,,,,,,,81501550240,JCPENNEY
IN,G1060W-OFFWHT-22W,Yes,3,,,,,3PC SKRT SUIT,,,,,,,,,,,,,,81501550257,JCPENNEY
IN,G1060W-OFFWHT-24W,Yes,2,,,,,3PC SKRT SUIT,,,,,,,,,,,,,,81501550265,JCPENNEY
IN,G1062W-MUSTARD-14W,Yes,2,,,,,2PC DRS SUIT,,,,,,,,,,,,,,81501650018,JCPENNEY
IN,G1062W-MUSTARD-16W,Yes,1,,,,,2PC DRS SUIT,,,,,,,,,,,,,,81501650026,JCPENNEY
IN,G1062W-MUSTARD-18W,Yes,2,,,,,2PC DRS SUIT,,,,,,,,,,,,,,81501650034,JCPENNEY
IN,G1062W-MUSTARD-20W,Yes,2,,,,,2PC DRS SUIT,,,,,,,,,,,,,,81501650042,JCPENNEY
IN,G1062W-MUSTARD-22W,Yes,3,,,,,2PC DRS SUIT,,,,,,,,,,,,,,81501650059,JCPENNEY
IN,G1062W-MUSTARD-24W,Yes,2,,,,,2PC DRS SUIT,,,,,,,,,,,,,,81501650067,JCPENNEY
IN,G1063-ICEBLUE-10,Yes,2,,,,,2PC SKRT SUIT,,,,,,,,,,,,,,81501660067,JCPENNEY
IN,G1063-ICEBLUE-12,Yes,2,,,,,2PC SKRT SUIT,,,,,,,,,,,,,,81501660075,JCPENNEY
IN,G1063-ICEBLUE-14,Yes,3,,,,,2PC SKRT SUIT,,,,,,,,,,,,,,81501660083,JCPENNEY
IN,G1063-ICEBLUE-16,Yes,3,,,,,2PC SKRT SUIT,,,,,,,,,,,,,,81501660091,JCPENNEY
IN,G1063-ICEBLUE-18,Yes,3,,,,,2PC SKRT SUIT,,,,,,,,,,,,,,81501660109,JCPENNEY
IN,G1063-PINK-10,Yes,2,,,,,2PC SKRT SUIT,,,,,,,,,,,,,,81501660265,JCPENNEY
IN,G1063-PINK-12,Yes,3,,,,,2PC SKRT SUIT,,,,,,,,,,,,,,81501660273,JCPENNEY
IN,G1063-PINK-14,Yes,3,,,,,2PC SKRT SUIT,,,,,,,,,,,,,,81501660281,JCPENNEY
IN,G1063-PINK-16,Yes,3,,,,,2PC SKRT SUIT,,,,,,,,,,,,,,81501660299,JCPENNEY
IN,G1063-PINK-18,Yes,3,,,,,2PC SKRT SUIT,,,,,,,,,,,,,,81501660307,JCPENNEY
IN,G1063W-ICEBLUE-14W,Yes,3,,,,,2PC SKRT SUIT,,,,,,,,,,,,,,81501670018,JCPENNEY
IN,G1063W-ICEBLUE-16W,Yes,3,,,,,2PC SKRT SUIT,,,,,,,,,,,,,,81501670026,JCPENNEY
IN,G1063W-ICEBLUE-18W,Yes,3,,,,,2PC SKRT SUIT,,,,,,,,,,,,,,81501670034,JCPENNEY
IN,G1063W-ICEBLUE-20W,Yes,3,,,,,2PC SKRT SUIT,,,,,,,,,,,,,,81501670042,JCPENNEY
IN,G1063W-ICEBLUE-22W,Yes,3,,,,,2PC SKRT SUIT,,,,,,,,,,,,,,81501670059,JCPENNEY
IN,G1063W-ICEBLUE-24W,Yes,3,,,,,2PC SKRT SUIT,,,,,,,,,,,,,,81501670067,JCPENNEY
IN,G1063W-PINK-14W,Yes,3,,,,,2PC SKRT SUIT,,,,,,,,,,,,,,81501670216,JCPENNEY
IN,G1063W-PINK-16W,Yes,3,,,,,2PC SKRT SUIT,,,,,,,,,,,,,,81501670224,JCPENNEY
IN,G1063W-PINK-18W,Yes,3,,,,,2PC SKRT SUIT,,,,,,,,,,,,,,81501670232,JCPENNEY
IN,G1063W-PINK-20W,Yes,3,,,,,2PC SKRT SUIT,,,,,,,,,,,,,,81501670240,JCPENNEY
IN,G1063W-PINK-22W,Yes,3,,,,,2PC SKRT SUIT,,,,,,,,,,,,,,81501670257,JCPENNEY
IN,G1063W-PINK-24W,Yes,3,,,,,2PC SKRT SUIT,,,,,,,,,,,,,,81501670265,JCPENNEY
IN,HG1037/39-EMERALD/WHT,Yes,3,,,,,STRIPE HAT,,,,,,,,,,,,,,10706300018,JCPENNEY
IN,HG1037/39-GOLD/WHT,Yes,3,,,,,STRIPE HAT,,,,,,,,,,,,,,10706300216,JCPENNEY
IN,HG1040-PEACOCK,Yes,3,,,,,WIDE BRIM HAT,,,,,,,,,,,,,,10706310018,JCPENNEY
IN,HG1040-VIOLET,Yes,3,,,,,WIDE BRIM HAT,,,,,,,,,,,,,,10706310216,JCPENNEY
IN,HM1020-BLACK,Yes,3,,,,,LACE HAT,,,,,,,,,,,,,,10706320018,JCPENNEY
IN,HM1020-WHITE,Yes,3,,,,,LACE HAT,,,,,,,,,,,,,,10706320216,JCPENNEY
IN,HM948-BLACK,Yes,0,,,,,WIDE BRIM HAT,,,,,,,,,,,,,,10706290018,JCPENNEY
IN,HM948-CHAM,Yes,0,,,,,WIDE BRIM HAT,,,,,,,,,,,,,,10706290216,JCPENNEY
IN,HM948-LILAC,Yes,3,,,,,WIDE BRIM HAT,,,,,,,,,,,,,,10706290414,JCPENNEY
IN,HM948-NAVY,Yes,0,,,,,WIDE BRIM HAT,,,,,,,,,,,,,,10706290612,JCPENNEY
IN,HM948-P GREEN,Yes,3,,,,,WIDE BRIM HAT,,,,,,,,,,,,,,10706290810,JCPENNEY
IN,HM948-PINK,Yes,0,,,,,WIDE BRIM HAT,,,,,,,,,,,,,,10706291016,JCPENNEY
IN,HM948-WHITE,Yes,0,,,,,WIDE BRIM HAT,,,,,,,,,,,,,,10706291214,JCPENNEY
IN,HM951-BLACK,Yes,0,,,,,SATIN HAT,,,,,,,,,,,,,,10706330018,JCPENNEY
IN,HM951-CHAM,Yes,0,,,,,SATIN HAT,,,,,,,,,,,,,,10706330216,JCPENNEY
IN,HM951-WHITE/NAVY,Yes,3,,,,,SATIN HAT,,,,,,,,,,,,,,10706330414,JCPENNEY
IN,HM953-ROSE,Yes,3,,,,,SATIN HAT,,,,,,,,,,,,,,10706340018,JCPENNEY
IN,HM953-SAPPHIRE,Yes,3,,,,,SATIN HAT,,,,,,,,,,,,,,10706340216,JCPENNEY
IN,HM954-ICE BLUE,Yes,1,,,,,STFLWR HAT,,,,,,,,,,,,,,10706350018,JCPENNEY
IN,HM954-PINK,Yes,3,,,,,STFLWR HAT,,,,,,,,,,,,,,10706350216,JCPENNEY
IN,HM956-BLACK,Yes,0,,,,,ORGANZA HAT,,,,,,,,,,,,,,10706360018,JCPENNEY
IN,HM956-PEACOCK,Yes,3,,,,,ORGANZA HAT,,,,,,,,,,,,,,10706360216,JCPENNEY
IN,HM956-WHITE,Yes,0,,,,,ORGANZA HAT,,,,,,,,,,,,,,10706360414,JCPENNEY
IN,HM957-PURPLE,Yes,3,,,,,ORGANZA HAT,,,,,,,,,,,,,,10706370018,JCPENNEY
IN,HM957-RED,Yes,3,,,,,ORGANZA HAT,,,,,,,,,,,,,,10706370216,JCPENNEY
IN,HM957-SAPPHIRE,Yes,3,,,,,ORGANZA HAT,,,,,,,,,,,,,,10706370414,JCPENNEY
IN,HM957-WHITE,Yes,0,,,,,ORGANZA HAT,,,,,,,,,,,,,,10706370612,JCPENNEY
IN,HM958-BLUE,Yes,3,,,,,PRT ORGANZA HAT,,,,,,,,,,,,,,10706200018,JCPENNEY
IN,HM958-PEACOCK,Yes,3,,,,,PRT ORGANZA HAT,,,,,,,,,,,,,,10706200216,JCPENNEY
IN,HM958-PINK,Yes,3,,,,,PRT ORGANZA HAT,,,,,,,,,,,,,,10706200414,JCPENNEY
IN,HM959-ANIMAL,Yes,3,,,,,PRT ORGANZA HAT,,,,,,,,,,,,,,10706210018,JCPENNEY
IN,HM960-BLACK,Yes,3,,,,,PRT ORGANZA HAT,,,,,,,,,,,,,,10706220018,JCPENNEY
IN,HM960-BLUE,Yes,3,,,,,PRT ORGANZA HAT,,,,,,,,,,,,,,10706220216,JCPENNEY
IN,HM960-MAUVE,Yes,3,,,,,PRT ORGANZA HAT,,,,,,,,,,,,,,10706220414,JCPENNEY
IN,HM960-PINK,Yes,3,,,,,PRT ORGANZA HAT,,,,,,,,,,,,,,10706220612,JCPENNEY
IN,HM960-WHITE,Yes,3,,,,,PRT ORGANZA HAT,,,,,,,,,,,,,,10706220810,JCPENNEY
IN,HM961-LAVENDER,Yes,3,,,,,PRT ORGANZA HAT,,,,,,,,,,,,,,10706230018,JCPENNEY
IN,HM961-NAVY,Yes,3,,,,,PRT ORGANZA HAT,,,,,,,,,,,,,,10706230216,JCPENNEY
IN,HM961-YELLOW,Yes,3,,,,,PRT ORGANZA HAT,,,,,,,,,,,,,,10706230414,JCPENNEY
IN,HM962-LIME YELLOW,Yes,0,,,,,ORGANZA HAT,,,,,,,,,,,,,,10706240018,JCPENNEY
IN,HM962-ROSE PINK,Yes,2,,,,,ORGANZA HAT,,,,,,,,,,,,,,10706240216,JCPENNEY
IN,HM962-WHITE,Yes,0,,,,,ORGANZA HAT,,,,,,,,,,,,,,10706240414,JCPENNEY
IN,HM964-LIME,Yes,3,,,,,FABRIC HAT,,,,,,,,,,,,,,10706250018,JCPENNEY
IN,HM964-WHITE,Yes,3,,,,,FABRIC HAT,,,,,,,,,,,,,,10706250216,JCPENNEY
IN,HR1020-PURPLE,Yes,3,,,,,LACE HAT,,,,,,,,,,,,,,10706260018,JCPENNEY
IN,HR1020-SILVER,Yes,1,,,,,LACE HAT,,,,,,,,,,,,,,10706260216,JCPENNEY
IN,HR1031-SILVER,Yes,3,,,,,RIBBON HAT,,,,,,,,,,,,,,10706270018,JCPENNEY
IN,HR1031-TURQ,Yes,3,,,,,RIBBON HAT,,,,,,,,,,,,,,10706270216,JCPENNEY
IN,HR1031-WHITE,Yes,3,,,,,RIBBON HAT,,,,,,,,,,,,,,10706270414,JCPENNEY
IN,HR1038-CHAM/CHOCO,Yes,3,,,,,RIBBON HAT,,,,,,,,,,,,,,10706280018,JCPENNEY
IN,HR1038-SILVER/STEEL,Yes,3,,,,,RIBBON HAT,,,,,,,,,,,,,,10706280216,JCPENNEY
IN,HR1038-WHITE/BLK,Yes,3,,,,,RIBBON HAT,,,,,,,,,,,,,,10706280414,JCPENNEY
IN,HR1039-WHITE,Yes,0,,,,,RIBBON HAT,,,,,,,,,,,,,,10706380018,JCPENNEY
IN,HR1052-BLACK/WHT,Yes,3,,,,,RIBBON HAT,,,,,,,,,,,,,,10706390018,JCPENNEY
IN,S0301W-RED-16W,Yes,1,,,,,3 PC SKRT SUIT,,,,,,,,,,,,,,87602560026,JCPENNEY
IN,S0301W-RED-18W,Yes,0,,,,,3 PC SKRT SUIT,,,,,,,,,,,,,,87602560034,JCPENNEY
IN,S0301W-RED-20W,Yes,1,,,,,3 PC SKRT SUIT,,,,,,,,,,,,,,87602560042,JCPENNEY
IN,S0301W-RED-22W,Yes,0,,,,,3 PC SKRT SUIT,,,,,,,,,,,,,,87602560059,JCPENNEY
IN,S0301W-RED-24W,Yes,3,,,,,3 PC SKRT SUIT,,,,,,,,,,,,,,87602560067,JCPENNEY
IN,S0714-DARK CHOCO-10,Yes,0,,,,,3PC SKRT SUIT,,,,,,,,,,,,,,69928320067,JCPENNEY
IN,S0714-DARK CHOCO-12,Yes,0,,,,,3PC SKRT SUIT,,,,,,,,,,,,,,69928320075,JCPENNEY
IN,S0714-DARK CHOCO-14,Yes,3,,,,,3PC SKRT SUIT,,,,,,,,,,,,,,69928320083,JCPENNEY
IN,S0714-DARK CHOCO-16,Yes,0,,,,,3PC SKRT SUIT,,,,,,,,,,,,,,69928320091,JCPENNEY
IN,S0714-DARK CHOCO-18,Yes,3,,,,,3PC SKRT SUIT,,,,,,,,,,,,,,69928320109,JCPENNEY
IN,S0714W-DARK CHOCO-16W,Yes,0,,,,,3PC SKRT SUIT,,,,,,,,,,,,,,87602550026,JCPENNEY
IN,S0714W-DARK CHOCO-18W,Yes,0,,,,,3PC SKRT SUIT,,,,,,,,,,,,,,87602550034,JCPENNEY
IN,S0714W-DARK CHOCO-20W,Yes,0,,,,,3PC SKRT SUIT,,,,,,,,,,,,,,87602550042,JCPENNEY
IN,S0714W-DARK CHOCO-22W,Yes,1,,,,,3PC SKRT SUIT,,,,,,,,,,,,,,87602550059,JCPENNEY
IN,S0714W-DARK CHOCO-24W,Yes,0,,,,,3PC SKRT SUIT,,,,,,,,,,,,,,87602550067,JCPENNEY
IN,S0714W-DARK CHOCO-26W,Yes,0,,,,,3PC SKRT SUIT,,,,,,,,,,,,,,87602550075,JCPENNEY
