Style,ATS COLOR,COLOR,SIZE,URL,INDEX
S0301,RED, Red,8,https://dl.dropboxusercontent.com/s/akbeyjz1wi78ymx/S0301%20Red_back_wm.jpg?dl=0,back
S0301,RED, Red,8,https://dl.dropboxusercontent.com/s/zrax7kmbl7cfwn3/S0301%20Red_wm.jpg?dl=0,0
S0301,RED, Red,10,https://dl.dropboxusercontent.com/s/akbeyjz1wi78ymx/S0301%20Red_back_wm.jpg?dl=0,back
S0301,RED, Red,10,https://dl.dropboxusercontent.com/s/zrax7kmbl7cfwn3/S0301%20Red_wm.jpg?dl=0,0
S0301,RED, Red,12,https://dl.dropboxusercontent.com/s/akbeyjz1wi78ymx/S0301%20Red_back_wm.jpg?dl=0,back
S0301,RED, Red,12,https://dl.dropboxusercontent.com/s/zrax7kmbl7cfwn3/S0301%20Red_wm.jpg?dl=0,0
S0301,RED, Red,14,https://dl.dropboxusercontent.com/s/akbeyjz1wi78ymx/S0301%20Red_back_wm.jpg?dl=0,back
S0301,RED, Red,14,https://dl.dropboxusercontent.com/s/zrax7kmbl7cfwn3/S0301%20Red_wm.jpg?dl=0,0
S0301,RED, Red,16,https://dl.dropboxusercontent.com/s/akbeyjz1wi78ymx/S0301%20Red_back_wm.jpg?dl=0,back
S0301,RED, Red,16,https://dl.dropboxusercontent.com/s/zrax7kmbl7cfwn3/S0301%20Red_wm.jpg?dl=0,0
S0301,RED, Red,18,https://dl.dropboxusercontent.com/s/akbeyjz1wi78ymx/S0301%20Red_back_wm.jpg?dl=0,back
S0301,RED, Red,18,https://dl.dropboxusercontent.com/s/zrax7kmbl7cfwn3/S0301%20Red_wm.jpg?dl=0,0
S0301W,BLK, Black,14W,https://dl.dropboxusercontent.com/s/w08s37wc7pf1q2l/S0301%20Black_wm.jpg?dl=0,0
S0301W,BLK, Black,16W,https://dl.dropboxusercontent.com/s/w08s37wc7pf1q2l/S0301%20Black_wm.jpg?dl=0,0
S0301W,BLK, Black,18W,https://dl.dropboxusercontent.com/s/w08s37wc7pf1q2l/S0301%20Black_wm.jpg?dl=0,0
S0301W,BLK, Black,20W,https://dl.dropboxusercontent.com/s/w08s37wc7pf1q2l/S0301%20Black_wm.jpg?dl=0,0
S0301W,BLK, Black,22W,https://dl.dropboxusercontent.com/s/w08s37wc7pf1q2l/S0301%20Black_wm.jpg?dl=0,0
S0301W,BLK, Black,24W,https://dl.dropboxusercontent.com/s/w08s37wc7pf1q2l/S0301%20Black_wm.jpg?dl=0,0
S0301W,BLK, Black,26W,https://dl.dropboxusercontent.com/s/w08s37wc7pf1q2l/S0301%20Black_wm.jpg?dl=0,0
S0301W,RED, Red,14W,https://dl.dropboxusercontent.com/s/akbeyjz1wi78ymx/S0301%20Red_back_wm.jpg?dl=0,back
S0301W,RED, Red,14W,https://dl.dropboxusercontent.com/s/zrax7kmbl7cfwn3/S0301%20Red_wm.jpg?dl=0,0
S0301W,RED, Red,16W,https://dl.dropboxusercontent.com/s/akbeyjz1wi78ymx/S0301%20Red_back_wm.jpg?dl=0,back
S0301W,RED, Red,16W,https://dl.dropboxusercontent.com/s/zrax7kmbl7cfwn3/S0301%20Red_wm.jpg?dl=0,0
S0301W,RED, Red,18W,https://dl.dropboxusercontent.com/s/akbeyjz1wi78ymx/S0301%20Red_back_wm.jpg?dl=0,back
S0301W,RED, Red,18W,https://dl.dropboxusercontent.com/s/zrax7kmbl7cfwn3/S0301%20Red_wm.jpg?dl=0,0
S0301W,RED, Red,20W,https://dl.dropboxusercontent.com/s/akbeyjz1wi78ymx/S0301%20Red_back_wm.jpg?dl=0,back
S0301W,RED, Red,20W,https://dl.dropboxusercontent.com/s/zrax7kmbl7cfwn3/S0301%20Red_wm.jpg?dl=0,0
S0301W,RED, Red,22W,https://dl.dropboxusercontent.com/s/akbeyjz1wi78ymx/S0301%20Red_back_wm.jpg?dl=0,back
S0301W,RED, Red,22W,https://dl.dropboxusercontent.com/s/zrax7kmbl7cfwn3/S0301%20Red_wm.jpg?dl=0,0
S0301W,RED, Red,24W,https://dl.dropboxusercontent.com/s/akbeyjz1wi78ymx/S0301%20Red_back_wm.jpg?dl=0,back
S0301W,RED, Red,24W,https://dl.dropboxusercontent.com/s/zrax7kmbl7cfwn3/S0301%20Red_wm.jpg?dl=0,0
S0301W,RED, Red,26W,https://dl.dropboxusercontent.com/s/akbeyjz1wi78ymx/S0301%20Red_back_wm.jpg?dl=0,back
S0301W,RED, Red,26W,https://dl.dropboxusercontent.com/s/zrax7kmbl7cfwn3/S0301%20Red_wm.jpg?dl=0,0
S0710,BLK, Black,8,https://dl.dropboxusercontent.com/s/c4pq5dp2vhot6mm/S0710%20Black_wm.jpg?dl=0,0
S0710,BLK, Black,10,https://dl.dropboxusercontent.com/s/c4pq5dp2vhot6mm/S0710%20Black_wm.jpg?dl=0,0
S0710,BLK, Black,12,https://dl.dropboxusercontent.com/s/c4pq5dp2vhot6mm/S0710%20Black_wm.jpg?dl=0,0
S0710,BLK, Black,14,https://dl.dropboxusercontent.com/s/c4pq5dp2vhot6mm/S0710%20Black_wm.jpg?dl=0,0
S0710,BLK, Black,16,https://dl.dropboxusercontent.com/s/c4pq5dp2vhot6mm/S0710%20Black_wm.jpg?dl=0,0
S0710,BLK, Black,18,https://dl.dropboxusercontent.com/s/c4pq5dp2vhot6mm/S0710%20Black_wm.jpg?dl=0,0
S0711,BLK, Black,8,https://dl.dropboxusercontent.com/s/l68u7err4wpr6f9/S0711%20Black_wm.jpg?dl=0,0
S0711,BLK, Black,10,https://dl.dropboxusercontent.com/s/l68u7err4wpr6f9/S0711%20Black_wm.jpg?dl=0,0
S0711,BLK, Black,12,https://dl.dropboxusercontent.com/s/l68u7err4wpr6f9/S0711%20Black_wm.jpg?dl=0,0
S0711,BLK, Black,14,https://dl.dropboxusercontent.com/s/l68u7err4wpr6f9/S0711%20Black_wm.jpg?dl=0,0
S0711,BLK, Black,16,https://dl.dropboxusercontent.com/s/l68u7err4wpr6f9/S0711%20Black_wm.jpg?dl=0,0
S0711,BLK, Black,18,https://dl.dropboxusercontent.com/s/l68u7err4wpr6f9/S0711%20Black_wm.jpg?dl=0,0
S0711W,BLK, Black,14W,https://dl.dropboxusercontent.com/s/l68u7err4wpr6f9/S0711%20Black_wm.jpg?dl=0,0
S0711W,BLK, Black,16W,https://dl.dropboxusercontent.com/s/l68u7err4wpr6f9/S0711%20Black_wm.jpg?dl=0,0
S0711W,BLK, Black,18W,https://dl.dropboxusercontent.com/s/l68u7err4wpr6f9/S0711%20Black_wm.jpg?dl=0,0
S0711W,BLK, Black,20W,https://dl.dropboxusercontent.com/s/l68u7err4wpr6f9/S0711%20Black_wm.jpg?dl=0,0
S0711W,BLK, Black,22W,https://dl.dropboxusercontent.com/s/l68u7err4wpr6f9/S0711%20Black_wm.jpg?dl=0,0
S0711W,BLK, Black,24W,https://dl.dropboxusercontent.com/s/l68u7err4wpr6f9/S0711%20Black_wm.jpg?dl=0,0
S0711W,BLK, Black,26W,https://dl.dropboxusercontent.com/s/l68u7err4wpr6f9/S0711%20Black_wm.jpg?dl=0,0
S0711W,RED, Red,14W,https://dl.dropboxusercontent.com/s/bpm22df9gs030q9/S0711%20Red_wm.jpg?dl=0,0
S0711W,RED, Red,16W,https://dl.dropboxusercontent.com/s/bpm22df9gs030q9/S0711%20Red_wm.jpg?dl=0,0
S0711W,RED, Red,18W,https://dl.dropboxusercontent.com/s/bpm22df9gs030q9/S0711%20Red_wm.jpg?dl=0,0
S0711W,RED, Red,20W,https://dl.dropboxusercontent.com/s/bpm22df9gs030q9/S0711%20Red_wm.jpg?dl=0,0
S0711W,RED, Red,22W,https://dl.dropboxusercontent.com/s/bpm22df9gs030q9/S0711%20Red_wm.jpg?dl=0,0
S0711W,RED, Red,24W,https://dl.dropboxusercontent.com/s/bpm22df9gs030q9/S0711%20Red_wm.jpg?dl=0,0
S0711W,RED, Red,26W,https://dl.dropboxusercontent.com/s/bpm22df9gs030q9/S0711%20Red_wm.jpg?dl=0,0
S0712,BLK, Black,10,https://dl.dropboxusercontent.com/s/7wdjewk8fraxm59/S0712%20Black_wm.jpg?dl=0,0
S0712,BLK, Black,12,https://dl.dropboxusercontent.com/s/7wdjewk8fraxm59/S0712%20Black_wm.jpg?dl=0,0
S0712,BLK, Black,14,https://dl.dropboxusercontent.com/s/7wdjewk8fraxm59/S0712%20Black_wm.jpg?dl=0,0
S0712,BLK, Black,16,https://dl.dropboxusercontent.com/s/7wdjewk8fraxm59/S0712%20Black_wm.jpg?dl=0,0
S0712,BLK, Black,18,https://dl.dropboxusercontent.com/s/7wdjewk8fraxm59/S0712%20Black_wm.jpg?dl=0,0
S0712,NAVY, Navy,8,https://dl.dropboxusercontent.com/s/bb7sks1crhahbwj/S0712%20Navy_wm.jpg?dl=0,0
S0712,NAVY, Navy,10,https://dl.dropboxusercontent.com/s/bb7sks1crhahbwj/S0712%20Navy_wm.jpg?dl=0,0
S0712,NAVY, Navy,12,https://dl.dropboxusercontent.com/s/bb7sks1crhahbwj/S0712%20Navy_wm.jpg?dl=0,0
S0712,NAVY, Navy,14,https://dl.dropboxusercontent.com/s/bb7sks1crhahbwj/S0712%20Navy_wm.jpg?dl=0,0
S0712,NAVY, Navy,16,https://dl.dropboxusercontent.com/s/bb7sks1crhahbwj/S0712%20Navy_wm.jpg?dl=0,0
S0712,NAVY, Navy,18,https://dl.dropboxusercontent.com/s/bb7sks1crhahbwj/S0712%20Navy_wm.jpg?dl=0,0
S0712B,BRICK, Brick,12,https://dl.dropboxusercontent.com/s/qu4q3ijsxsowf9v/S0712B%20Brick_wm.jpg?dl=0,0
S0712B,BRICK, Brick,14,https://dl.dropboxusercontent.com/s/qu4q3ijsxsowf9v/S0712B%20Brick_wm.jpg?dl=0,0
S0712B,BRICK, Brick,16,https://dl.dropboxusercontent.com/s/qu4q3ijsxsowf9v/S0712B%20Brick_wm.jpg?dl=0,0
S0712B,BRICK, Brick,18,https://dl.dropboxusercontent.com/s/qu4q3ijsxsowf9v/S0712B%20Brick_wm.jpg?dl=0,0
S0712B,COFFEE, Coffee,12,https://dl.dropboxusercontent.com/s/avsmzzer4utwmxs/S0712B%20Coffee_wm.jpg?dl=0,0
S0712B,COFFEE, Coffee,14,https://dl.dropboxusercontent.com/s/avsmzzer4utwmxs/S0712B%20Coffee_wm.jpg?dl=0,0
S0712B,COFFEE, Coffee,16,https://dl.dropboxusercontent.com/s/avsmzzer4utwmxs/S0712B%20Coffee_wm.jpg?dl=0,0
S0712B,COFFEE, Coffee,18,https://dl.dropboxusercontent.com/s/avsmzzer4utwmxs/S0712B%20Coffee_wm.jpg?dl=0,0
S0712B,FUCHSIA, Fuchsia,12,https://dl.dropboxusercontent.com/s/oseq3kx24qx9bzi/S0712B%20Fuchsia_wm.jpg?dl=0,0
S0712B,FUCHSIA, Fuchsia,14,https://dl.dropboxusercontent.com/s/oseq3kx24qx9bzi/S0712B%20Fuchsia_wm.jpg?dl=0,0
S0712B,FUCHSIA, Fuchsia,16,https://dl.dropboxusercontent.com/s/oseq3kx24qx9bzi/S0712B%20Fuchsia_wm.jpg?dl=0,0
S0712B,FUCHSIA, Fuchsia,18,https://dl.dropboxusercontent.com/s/oseq3kx24qx9bzi/S0712B%20Fuchsia_wm.jpg?dl=0,0
S0712B,RED, Red,10,https://dl.dropboxusercontent.com/s/g0yfk7ebn7z0axn/S0712B%20Red_wm.jpg?dl=0,0
S0712B,RED, Red,12,https://dl.dropboxusercontent.com/s/g0yfk7ebn7z0axn/S0712B%20Red_wm.jpg?dl=0,0
S0712B,RED, Red,14,https://dl.dropboxusercontent.com/s/g0yfk7ebn7z0axn/S0712B%20Red_wm.jpg?dl=0,0
S0712B,RED, Red,16,https://dl.dropboxusercontent.com/s/g0yfk7ebn7z0axn/S0712B%20Red_wm.jpg?dl=0,0
S0712B,RED, Red,18,https://dl.dropboxusercontent.com/s/g0yfk7ebn7z0axn/S0712B%20Red_wm.jpg?dl=0,0
S0712B,TURQ, Turq,12,https://dl.dropboxusercontent.com/s/tv6a2qg19t79cbn/S0712B%20Turq_wm.jpg?dl=0,0
S0712B,TURQ, Turq,14,https://dl.dropboxusercontent.com/s/tv6a2qg19t79cbn/S0712B%20Turq_wm.jpg?dl=0,0
S0712B,TURQ, Turq,16,https://dl.dropboxusercontent.com/s/tv6a2qg19t79cbn/S0712B%20Turq_wm.jpg?dl=0,0
S0712B,TURQ, Turq,18,https://dl.dropboxusercontent.com/s/tv6a2qg19t79cbn/S0712B%20Turq_wm.jpg?dl=0,0
S0712C,DK. COFFEE, Dk Coffee,12,https://dl.dropboxusercontent.com/s/bmhy3otzybvkqkq/S0712C%20Dk%20Coffee_pants_back_wm.jpg?dl=0,pants_back
S0712C,DK. COFFEE, Dk Coffee,12,https://dl.dropboxusercontent.com/s/5fj5w12uploalf6/S0712C%20Dk%20Coffee_pants_wm.jpg?dl=0,pants
S0712C,DK. COFFEE, Dk Coffee,14,https://dl.dropboxusercontent.com/s/bmhy3otzybvkqkq/S0712C%20Dk%20Coffee_pants_back_wm.jpg?dl=0,pants_back
S0712C,DK. COFFEE, Dk Coffee,14,https://dl.dropboxusercontent.com/s/5fj5w12uploalf6/S0712C%20Dk%20Coffee_pants_wm.jpg?dl=0,pants
S0712C,DK. COFFEE, Dk Coffee,16,https://dl.dropboxusercontent.com/s/bmhy3otzybvkqkq/S0712C%20Dk%20Coffee_pants_back_wm.jpg?dl=0,pants_back
S0712C,DK. COFFEE, Dk Coffee,16,https://dl.dropboxusercontent.com/s/5fj5w12uploalf6/S0712C%20Dk%20Coffee_pants_wm.jpg?dl=0,pants
S0712C,DK. COFFEE, Dk Coffee,18,https://dl.dropboxusercontent.com/s/bmhy3otzybvkqkq/S0712C%20Dk%20Coffee_pants_back_wm.jpg?dl=0,pants_back
S0712C,DK. COFFEE, Dk Coffee,18,https://dl.dropboxusercontent.com/s/5fj5w12uploalf6/S0712C%20Dk%20Coffee_pants_wm.jpg?dl=0,pants
S0712C,RED, Red,10,https://dl.dropboxusercontent.com/s/dqgd8x6ll50xe41/S0712C%20Red_pants_wm.jpg?dl=0,pants
S0712C,RED, Red,10,https://dl.dropboxusercontent.com/s/3xqeyf9eayg9v0f/S0712C%20Red_skirt_back_wm.jpg?dl=0,skirt_back
S0712C,RED, Red,10,https://dl.dropboxusercontent.com/s/nwuziw8ihvdrlay/S0712C%20Red_skirt_wm.jpg?dl=0,skirt
S0712C,RED, Red,12,https://dl.dropboxusercontent.com/s/dqgd8x6ll50xe41/S0712C%20Red_pants_wm.jpg?dl=0,pants
S0712C,RED, Red,12,https://dl.dropboxusercontent.com/s/3xqeyf9eayg9v0f/S0712C%20Red_skirt_back_wm.jpg?dl=0,skirt_back
S0712C,RED, Red,12,https://dl.dropboxusercontent.com/s/nwuziw8ihvdrlay/S0712C%20Red_skirt_wm.jpg?dl=0,skirt
S0712C,RED, Red,14,https://dl.dropboxusercontent.com/s/dqgd8x6ll50xe41/S0712C%20Red_pants_wm.jpg?dl=0,pants
S0712C,RED, Red,14,https://dl.dropboxusercontent.com/s/3xqeyf9eayg9v0f/S0712C%20Red_skirt_back_wm.jpg?dl=0,skirt_back
S0712C,RED, Red,14,https://dl.dropboxusercontent.com/s/nwuziw8ihvdrlay/S0712C%20Red_skirt_wm.jpg?dl=0,skirt
S0712C,RED, Red,16,https://dl.dropboxusercontent.com/s/dqgd8x6ll50xe41/S0712C%20Red_pants_wm.jpg?dl=0,pants
S0712C,RED, Red,16,https://dl.dropboxusercontent.com/s/3xqeyf9eayg9v0f/S0712C%20Red_skirt_back_wm.jpg?dl=0,skirt_back
S0712C,RED, Red,16,https://dl.dropboxusercontent.com/s/nwuziw8ihvdrlay/S0712C%20Red_skirt_wm.jpg?dl=0,skirt
S0712C,RED, Red,18,https://dl.dropboxusercontent.com/s/dqgd8x6ll50xe41/S0712C%20Red_pants_wm.jpg?dl=0,pants
S0712C,RED, Red,18,https://dl.dropboxusercontent.com/s/3xqeyf9eayg9v0f/S0712C%20Red_skirt_back_wm.jpg?dl=0,skirt_back
S0712C,RED, Red,18,https://dl.dropboxusercontent.com/s/nwuziw8ihvdrlay/S0712C%20Red_skirt_wm.jpg?dl=0,skirt
S0712C,WINTER BLUE, Winter blue,12,https://dl.dropboxusercontent.com/s/t5cl60riavjb2jn/S0712C%20Winter%20blue_pants_wm.jpg?dl=0,pants
S0712C,WINTER BLUE, Winter blue,12,https://dl.dropboxusercontent.com/s/p95269zf6vip0s3/S0712C%20Winter%20blue_skirt_wm.jpg?dl=0,skirt
S0712C,WINTER BLUE, Winter blue,14,https://dl.dropboxusercontent.com/s/t5cl60riavjb2jn/S0712C%20Winter%20blue_pants_wm.jpg?dl=0,pants
S0712C,WINTER BLUE, Winter blue,14,https://dl.dropboxusercontent.com/s/p95269zf6vip0s3/S0712C%20Winter%20blue_skirt_wm.jpg?dl=0,skirt
S0712C,WINTER BLUE, Winter blue,16,https://dl.dropboxusercontent.com/s/t5cl60riavjb2jn/S0712C%20Winter%20blue_pants_wm.jpg?dl=0,pants
S0712C,WINTER BLUE, Winter blue,16,https://dl.dropboxusercontent.com/s/p95269zf6vip0s3/S0712C%20Winter%20blue_skirt_wm.jpg?dl=0,skirt
S0712C,WINTER BLUE, Winter blue,18,https://dl.dropboxusercontent.com/s/t5cl60riavjb2jn/S0712C%20Winter%20blue_pants_wm.jpg?dl=0,pants
S0712C,WINTER BLUE, Winter blue,18,https://dl.dropboxusercontent.com/s/p95269zf6vip0s3/S0712C%20Winter%20blue_skirt_wm.jpg?dl=0,skirt
S0712CW,RED, Red,16W,https://dl.dropboxusercontent.com/s/dqgd8x6ll50xe41/S0712C%20Red_pants_wm.jpg?dl=0,pants
S0712CW,RED, Red,16W,https://dl.dropboxusercontent.com/s/3xqeyf9eayg9v0f/S0712C%20Red_skirt_back_wm.jpg?dl=0,skirt_back
S0712CW,RED, Red,16W,https://dl.dropboxusercontent.com/s/nwuziw8ihvdrlay/S0712C%20Red_skirt_wm.jpg?dl=0,skirt
S0712CW,RED, Red,18W,https://dl.dropboxusercontent.com/s/dqgd8x6ll50xe41/S0712C%20Red_pants_wm.jpg?dl=0,pants
S0712CW,RED, Red,18W,https://dl.dropboxusercontent.com/s/3xqeyf9eayg9v0f/S0712C%20Red_skirt_back_wm.jpg?dl=0,skirt_back
S0712CW,RED, Red,18W,https://dl.dropboxusercontent.com/s/nwuziw8ihvdrlay/S0712C%20Red_skirt_wm.jpg?dl=0,skirt
S0712CW,RED, Red,20W,https://dl.dropboxusercontent.com/s/dqgd8x6ll50xe41/S0712C%20Red_pants_wm.jpg?dl=0,pants
S0712CW,RED, Red,20W,https://dl.dropboxusercontent.com/s/3xqeyf9eayg9v0f/S0712C%20Red_skirt_back_wm.jpg?dl=0,skirt_back
S0712CW,RED, Red,20W,https://dl.dropboxusercontent.com/s/nwuziw8ihvdrlay/S0712C%20Red_skirt_wm.jpg?dl=0,skirt
S0712CW,RED, Red,22W,https://dl.dropboxusercontent.com/s/dqgd8x6ll50xe41/S0712C%20Red_pants_wm.jpg?dl=0,pants
S0712CW,RED, Red,22W,https://dl.dropboxusercontent.com/s/3xqeyf9eayg9v0f/S0712C%20Red_skirt_back_wm.jpg?dl=0,skirt_back
S0712CW,RED, Red,22W,https://dl.dropboxusercontent.com/s/nwuziw8ihvdrlay/S0712C%20Red_skirt_wm.jpg?dl=0,skirt
S0712W,BLK, Black,16W,https://dl.dropboxusercontent.com/s/7wdjewk8fraxm59/S0712%20Black_wm.jpg?dl=0,0
S0712W,BLK, Black,18W,https://dl.dropboxusercontent.com/s/7wdjewk8fraxm59/S0712%20Black_wm.jpg?dl=0,0
S0712W,BLK, Black,20W,https://dl.dropboxusercontent.com/s/7wdjewk8fraxm59/S0712%20Black_wm.jpg?dl=0,0
S0712W,BLK, Black,22W,https://dl.dropboxusercontent.com/s/7wdjewk8fraxm59/S0712%20Black_wm.jpg?dl=0,0
S0712W,BLK, Black,24W,https://dl.dropboxusercontent.com/s/7wdjewk8fraxm59/S0712%20Black_wm.jpg?dl=0,0
S0712W,BLK, Black,26W,https://dl.dropboxusercontent.com/s/7wdjewk8fraxm59/S0712%20Black_wm.jpg?dl=0,0
S0712W,NAVY, Navy,14W,https://dl.dropboxusercontent.com/s/bb7sks1crhahbwj/S0712%20Navy_wm.jpg?dl=0,0
S0712W,NAVY, Navy,16W,https://dl.dropboxusercontent.com/s/bb7sks1crhahbwj/S0712%20Navy_wm.jpg?dl=0,0
S0712W,NAVY, Navy,18W,https://dl.dropboxusercontent.com/s/bb7sks1crhahbwj/S0712%20Navy_wm.jpg?dl=0,0
S0712W,NAVY, Navy,20W,https://dl.dropboxusercontent.com/s/bb7sks1crhahbwj/S0712%20Navy_wm.jpg?dl=0,0
S0712W,NAVY, Navy,22W,https://dl.dropboxusercontent.com/s/bb7sks1crhahbwj/S0712%20Navy_wm.jpg?dl=0,0
S0712W,NAVY, Navy,24W,https://dl.dropboxusercontent.com/s/bb7sks1crhahbwj/S0712%20Navy_wm.jpg?dl=0,0
S0712W,NAVY, Navy,26W,https://dl.dropboxusercontent.com/s/bb7sks1crhahbwj/S0712%20Navy_wm.jpg?dl=0,0
S0713W,NVY/W, Navy-wht,16W,https://dl.dropboxusercontent.com/s/yrl0l3bo73maoey/S0713%20Navy-wht_back_wm.jpg?dl=0,back
S0713W,NVY/W, Navy-wht,16W,https://dl.dropboxusercontent.com/s/96uve6450uvn8vo/S0713%20Navy-wht_cami_wm.jpg?dl=0,cami
S0713W,NVY/W, Navy-wht,16W,https://dl.dropboxusercontent.com/s/e7nrwyyp5pgrbac/S0713%20Navy-wht_wm.jpg?dl=0,0
S0713W,NVY/W, Navy-wht,18W,https://dl.dropboxusercontent.com/s/yrl0l3bo73maoey/S0713%20Navy-wht_back_wm.jpg?dl=0,back
S0713W,NVY/W, Navy-wht,18W,https://dl.dropboxusercontent.com/s/96uve6450uvn8vo/S0713%20Navy-wht_cami_wm.jpg?dl=0,cami
S0713W,NVY/W, Navy-wht,18W,https://dl.dropboxusercontent.com/s/e7nrwyyp5pgrbac/S0713%20Navy-wht_wm.jpg?dl=0,0
S0713W,NVY/W, Navy-wht,20W,https://dl.dropboxusercontent.com/s/yrl0l3bo73maoey/S0713%20Navy-wht_back_wm.jpg?dl=0,back
S0713W,NVY/W, Navy-wht,20W,https://dl.dropboxusercontent.com/s/96uve6450uvn8vo/S0713%20Navy-wht_cami_wm.jpg?dl=0,cami
S0713W,NVY/W, Navy-wht,20W,https://dl.dropboxusercontent.com/s/e7nrwyyp5pgrbac/S0713%20Navy-wht_wm.jpg?dl=0,0
S0713W,NVY/W, Navy-wht,22W,https://dl.dropboxusercontent.com/s/yrl0l3bo73maoey/S0713%20Navy-wht_back_wm.jpg?dl=0,back
S0713W,NVY/W, Navy-wht,22W,https://dl.dropboxusercontent.com/s/96uve6450uvn8vo/S0713%20Navy-wht_cami_wm.jpg?dl=0,cami
S0713W,NVY/W, Navy-wht,22W,https://dl.dropboxusercontent.com/s/e7nrwyyp5pgrbac/S0713%20Navy-wht_wm.jpg?dl=0,0
S0713W,NVY/W, Navy-wht,24W,https://dl.dropboxusercontent.com/s/yrl0l3bo73maoey/S0713%20Navy-wht_back_wm.jpg?dl=0,back
S0713W,NVY/W, Navy-wht,24W,https://dl.dropboxusercontent.com/s/96uve6450uvn8vo/S0713%20Navy-wht_cami_wm.jpg?dl=0,cami
S0713W,NVY/W, Navy-wht,24W,https://dl.dropboxusercontent.com/s/e7nrwyyp5pgrbac/S0713%20Navy-wht_wm.jpg?dl=0,0
S0713W,NVY/W, Navy-wht,26W,https://dl.dropboxusercontent.com/s/yrl0l3bo73maoey/S0713%20Navy-wht_back_wm.jpg?dl=0,back
S0713W,NVY/W, Navy-wht,26W,https://dl.dropboxusercontent.com/s/96uve6450uvn8vo/S0713%20Navy-wht_cami_wm.jpg?dl=0,cami
S0713W,NVY/W, Navy-wht,26W,https://dl.dropboxusercontent.com/s/e7nrwyyp5pgrbac/S0713%20Navy-wht_wm.jpg?dl=0,0
S0714,DK. CHOCO, DK Chocolate,10,https://dl.dropboxusercontent.com/s/38o6drtbvo35guw/S0714%20DK%20Chocolate_back_wm.jpg?dl=0,back
S0714,DK. CHOCO, DK Chocolate,10,https://dl.dropboxusercontent.com/s/ilqrfuc9vof6r79/S0714%20DK%20Chocolate_wm.jpg?dl=0,0
S0714,DK. CHOCO, DK Chocolate,12,https://dl.dropboxusercontent.com/s/38o6drtbvo35guw/S0714%20DK%20Chocolate_back_wm.jpg?dl=0,back
S0714,DK. CHOCO, DK Chocolate,12,https://dl.dropboxusercontent.com/s/ilqrfuc9vof6r79/S0714%20DK%20Chocolate_wm.jpg?dl=0,0
S0714,DK. CHOCO, DK Chocolate,14,https://dl.dropboxusercontent.com/s/38o6drtbvo35guw/S0714%20DK%20Chocolate_back_wm.jpg?dl=0,back
S0714,DK. CHOCO, DK Chocolate,14,https://dl.dropboxusercontent.com/s/ilqrfuc9vof6r79/S0714%20DK%20Chocolate_wm.jpg?dl=0,0
S0714,DK. CHOCO, DK Chocolate,16,https://dl.dropboxusercontent.com/s/38o6drtbvo35guw/S0714%20DK%20Chocolate_back_wm.jpg?dl=0,back
S0714,DK. CHOCO, DK Chocolate,16,https://dl.dropboxusercontent.com/s/ilqrfuc9vof6r79/S0714%20DK%20Chocolate_wm.jpg?dl=0,0
S0714,DK. CHOCO, DK Chocolate,18,https://dl.dropboxusercontent.com/s/38o6drtbvo35guw/S0714%20DK%20Chocolate_back_wm.jpg?dl=0,back
S0714,DK. CHOCO, DK Chocolate,18,https://dl.dropboxusercontent.com/s/ilqrfuc9vof6r79/S0714%20DK%20Chocolate_wm.jpg?dl=0,0
S0714,PINK, Pink,10,https://dl.dropboxusercontent.com/s/x0cu17p5vb9zr63/S0714%20Pink_wm.jpg?dl=0,0
S0714,PINK, Pink,12,https://dl.dropboxusercontent.com/s/x0cu17p5vb9zr63/S0714%20Pink_wm.jpg?dl=0,0
S0714,PINK, Pink,14,https://dl.dropboxusercontent.com/s/x0cu17p5vb9zr63/S0714%20Pink_wm.jpg?dl=0,0
S0714,PINK, Pink,16,https://dl.dropboxusercontent.com/s/x0cu17p5vb9zr63/S0714%20Pink_wm.jpg?dl=0,0
S0714,PINK, Pink,18,https://dl.dropboxusercontent.com/s/x0cu17p5vb9zr63/S0714%20Pink_wm.jpg?dl=0,0
S0714W,PINK, Pink,16W,https://dl.dropboxusercontent.com/s/x0cu17p5vb9zr63/S0714%20Pink_wm.jpg?dl=0,0
S0714W,PINK, Pink,18W,https://dl.dropboxusercontent.com/s/x0cu17p5vb9zr63/S0714%20Pink_wm.jpg?dl=0,0
S0714W,PINK, Pink,20W,https://dl.dropboxusercontent.com/s/x0cu17p5vb9zr63/S0714%20Pink_wm.jpg?dl=0,0
S0714W,PINK, Pink,22W,https://dl.dropboxusercontent.com/s/x0cu17p5vb9zr63/S0714%20Pink_wm.jpg?dl=0,0
S0714W,PINK, Pink,24W,https://dl.dropboxusercontent.com/s/x0cu17p5vb9zr63/S0714%20Pink_wm.jpg?dl=0,0
