G1072,WHITE,10
G1072,WHITE,10
G1072,WHITE,10
G1072,WHITE,10
G1072,WHITE,10
G1072,WHITE,10
G1072,WHITE,10
G1072,WHITE,10
G1072,WHITE,10
G1072,WHITE,10
G1072,WHITE,10
G1072,WHITE,10
G1072,WHITE,10
G1072,WHITE,10
G1072,WHITE,10
G1072,WHITE,12
G1072,WHITE,12
G1072,WHITE,12
G1072,WHITE,12
G1072,WHITE,12
G1072,WHITE,12
G1072,WHITE,12
G1072,WHITE,12
G1072,WHITE,12
G1072,WHITE,12
G1072,WHITE,12
G1072,WHITE,12
G1072,WHITE,12
G1072,WHITE,12
G1072,WHITE,12
G1072,WHITE,12
G1072,WHITE,12
G1072,WHITE,12
G1072,WHITE,12
G1072,WHITE,12
G1072,WHITE,12
G1072,WHITE,12
G1072,WHITE,12
G1072,WHITE,12
G1072,WHITE,12
G1072,WHITE,12
G1072,WHITE,12
G1072,WHITE,12
G1072,WHITE,12
G1072,WHITE,14
G1072,WHITE,14
G1072,WHITE,14
G1072,WHITE,14
G1072,WHITE,14
G1072,WHITE,14
G1072,WHITE,14
G1072,WHITE,14
G1072,WHITE,14
G1072,WHITE,14
G1072,WHITE,14
G1072,WHITE,14
G1072,WHITE,14
G1072,WHITE,14
G1072,WHITE,14
G1072,WHITE,14
G1072,WHITE,14
G1072,WHITE,14
G1072,WHITE,14
G1072,WHITE,14
G1072,WHITE,14
G1072,WHITE,14
G1072,WHITE,14
G1072,WHITE,14
G1072,WHITE,14
G1072,WHITE,14
G1072,WHITE,14
G1072,WHITE,14
G1072,WHITE,14
G1072,WHITE,14
G1072,WHITE,14
G1072,WHITE,14
G1072,WHITE,14
G1072,WHITE,14
G1072,WHITE,14
G1072,WHITE,14
G1072,WHITE,14
G1072,WHITE,14
G1072,WHITE,14
G1072,WHITE,14
G1072,WHITE,16
G1072,WHITE,16
G1072,WHITE,16
G1072,WHITE,16
G1072,WHITE,16
G1072,WHITE,16
G1072,WHITE,16
G1072,WHITE,16
G1072,WHITE,16
G1072,WHITE,16
G1072,WHITE,16
G1072,WHITE,16
G1072,WHITE,16
G1072,WHITE,16
G1072,WHITE,16
G1072,WHITE,16
G1072,WHITE,16
G1072,WHITE,16
G1072,WHITE,16
G1072,WHITE,16
G1072,WHITE,16
G1072,WHITE,16
G1072,WHITE,16
G1072,WHITE,16
G1072,WHITE,16
G1072,WHITE,16
G1072,WHITE,16
G1072,WHITE,16
G1072,WHITE,16
G1072,WHITE,16
G1072,WHITE,16
G1072,WHITE,16
G1072,WHITE,16
G1072,WHITE,16
G1072,WHITE,16
G1072,WHITE,16
G1072,WHITE,16
G1072,WHITE,16
G1072,WHITE,18
G1072,WHITE,18
G1072,WHITE,18
G1072,WHITE,18
G1072,WHITE,18
G1072,WHITE,18
G1072,WHITE,18
G1072,WHITE,18
G1072,WHITE,18
G1072,WHITE,18
G1072,WHITE,18
G1072,WHITE,18
G1072,WHITE,18
G1072,WHITE,18
G1072,WHITE,18
G1072,WHITE,18
G1072,WHITE,18
G1072,WHITE,18
G1072,WHITE,18
G1072,WHITE,18
G1072,WHITE,18
G1072,WHITE,18
G1072,WHITE,18
G1072,WHITE,18
G1072,WHITE,18
G1072,WHITE,18
G1072,WHITE,18
G1072,WHITE,18
G1072,WHITE,18
G1072W,PURPLE,14W
G1072W,PURPLE,14W
G1072W,PURPLE,14W
G1072W,PURPLE,14W
G1072W,PURPLE,14W
G1072W,PURPLE,14W
G1072W,PURPLE,14W
G1072W,PURPLE,14W
G1072W,PURPLE,14W
G1072W,PURPLE,14W
G1072W,PURPLE,14W
G1072W,PURPLE,14W
G1072W,PURPLE,14W
G1072W,PURPLE,14W
G1072W,PURPLE,14W
G1072W,PURPLE,16W
G1072W,PURPLE,16W
G1072W,PURPLE,16W
G1072W,PURPLE,16W
G1072W,PURPLE,16W
G1072W,PURPLE,16W
G1072W,PURPLE,16W
G1072W,PURPLE,16W
G1072W,PURPLE,16W
G1072W,PURPLE,16W
G1072W,PURPLE,16W
G1072W,PURPLE,16W
G1072W,PURPLE,16W
G1072W,PURPLE,16W
G1072W,PURPLE,16W
G1072W,PURPLE,16W
G1072W,PURPLE,16W
G1072W,PURPLE,16W
G1072W,PURPLE,16W
G1072W,PURPLE,16W
G1072W,PURPLE,16W
G1072W,PURPLE,16W
G1072W,PURPLE,16W
G1072W,PURPLE,16W
G1072W,PURPLE,16W
G1072W,PURPLE,18W
G1072W,PURPLE,18W
G1072W,PURPLE,18W
G1072W,PURPLE,18W
G1072W,PURPLE,18W
G1072W,PURPLE,18W
G1072W,PURPLE,18W
G1072W,PURPLE,18W
G1072W,PURPLE,18W
G1072W,PURPLE,18W
G1072W,PURPLE,18W
G1072W,PURPLE,18W
G1072W,PURPLE,18W
G1072W,PURPLE,18W
G1072W,PURPLE,18W
G1072W,PURPLE,18W
G1072W,PURPLE,18W
G1072W,PURPLE,18W
G1072W,PURPLE,18W
G1072W,PURPLE,18W
G1072W,PURPLE,18W
G1072W,PURPLE,18W
G1072W,PURPLE,18W
G1072W,PURPLE,18W
G1072W,PURPLE,18W
G1072W,PURPLE,18W
G1072W,PURPLE,18W
G1072W,PURPLE,18W
G1072W,PURPLE,18W
G1072W,PURPLE,18W
G1072W,PURPLE,20W
G1072W,PURPLE,20W
G1072W,PURPLE,20W
G1072W,PURPLE,20W
G1072W,PURPLE,20W
G1072W,PURPLE,20W
G1072W,PURPLE,20W
G1072W,PURPLE,20W
G1072W,PURPLE,20W
G1072W,PURPLE,20W
G1072W,PURPLE,20W
G1072W,PURPLE,20W
G1072W,PURPLE,20W
G1072W,PURPLE,20W
G1072W,PURPLE,20W
G1072W,PURPLE,20W
G1072W,PURPLE,20W
G1072W,PURPLE,20W
G1072W,PURPLE,20W
G1072W,PURPLE,20W
G1072W,PURPLE,20W
G1072W,PURPLE,20W
G1072W,PURPLE,20W
G1072W,PURPLE,20W
G1072W,PURPLE,20W
G1072W,PURPLE,20W
G1072W,PURPLE,20W
G1072W,PURPLE,20W
G1072W,PURPLE,20W
G1072W,PURPLE,22W
G1072W,PURPLE,22W
G1072W,PURPLE,22W
G1072W,PURPLE,22W
G1072W,PURPLE,22W
G1072W,PURPLE,22W
G1072W,PURPLE,22W
G1072W,PURPLE,22W
G1072W,PURPLE,22W
G1072W,PURPLE,22W
G1072W,PURPLE,22W
G1072W,PURPLE,22W
G1072W,PURPLE,22W
G1072W,PURPLE,22W
G1072W,PURPLE,22W
G1072W,PURPLE,22W
G1072W,PURPLE,22W
G1072W,PURPLE,22W
G1072W,PURPLE,24W
G1072W,PURPLE,24W
G1072W,PURPLE,24W
G1072W,PURPLE,24W
G1072W,PURPLE,24W
G1072W,PURPLE,24W
G1072W,PURPLE,24W
G1072W,PURPLE,24W
G1072W,PURPLE,24W
G1072W,PURPLE,24W
G1072W,PURPLE,24W
G1072W,PURPLE,24W
G1072W,PURPLE,24W
G1072W,PURPLE,24W
G1072W,PURPLE,24W
G1072W,PURPLE,24W
G1072W,PURPLE,24W
G1072W,PURPLE,24W
G1072W,PURPLE,24W
G1072W,PURPLE,24W
G1072W,APPLE GREEN,14W
G1072W,APPLE GREEN,14W
G1072W,APPLE GREEN,14W
G1072W,APPLE GREEN,14W
G1072W,APPLE GREEN,14W
G1072W,APPLE GREEN,14W
G1072W,APPLE GREEN,14W
G1072W,APPLE GREEN,14W
G1072W,APPLE GREEN,14W
G1072W,APPLE GREEN,14W
G1072W,APPLE GREEN,14W
G1072W,APPLE GREEN,14W
G1072W,APPLE GREEN,14W
G1072W,APPLE GREEN,14W
G1072W,APPLE GREEN,16W
G1072W,APPLE GREEN,16W
G1072W,APPLE GREEN,16W
G1072W,APPLE GREEN,16W
G1072W,APPLE GREEN,16W
G1072W,APPLE GREEN,16W
G1072W,APPLE GREEN,16W
G1072W,APPLE GREEN,16W
G1072W,APPLE GREEN,16W
G1072W,APPLE GREEN,16W
G1072W,APPLE GREEN,16W
G1072W,APPLE GREEN,16W
G1072W,APPLE GREEN,16W
G1072W,APPLE GREEN,16W
G1072W,APPLE GREEN,16W
G1072W,APPLE GREEN,16W
G1072W,APPLE GREEN,16W
G1072W,APPLE GREEN,16W
G1072W,APPLE GREEN,16W
G1072W,APPLE GREEN,16W
G1072W,APPLE GREEN,16W
G1072W,APPLE GREEN,16W
G1072W,APPLE GREEN,16W
G1072W,APPLE GREEN,16W
G1072W,APPLE GREEN,16W
G1072W,APPLE GREEN,16W
G1072W,APPLE GREEN,16W
G1072W,APPLE GREEN,18W
G1072W,APPLE GREEN,18W
G1072W,APPLE GREEN,18W
G1072W,APPLE GREEN,18W
G1072W,APPLE GREEN,18W
G1072W,APPLE GREEN,18W
G1072W,APPLE GREEN,18W
G1072W,APPLE GREEN,18W
G1072W,APPLE GREEN,18W
G1072W,APPLE GREEN,18W
G1072W,APPLE GREEN,18W
G1072W,APPLE GREEN,18W
G1072W,APPLE GREEN,18W
G1072W,APPLE GREEN,18W
G1072W,APPLE GREEN,18W
G1072W,APPLE GREEN,18W
G1072W,APPLE GREEN,18W
G1072W,APPLE GREEN,18W
G1072W,APPLE GREEN,18W
G1072W,APPLE GREEN,18W
G1072W,APPLE GREEN,18W
G1072W,APPLE GREEN,18W
G1072W,APPLE GREEN,18W
G1072W,APPLE GREEN,18W
G1072W,APPLE GREEN,18W
G1072W,APPLE GREEN,18W
G1072W,APPLE GREEN,18W
G1072W,APPLE GREEN,18W
G1072W,APPLE GREEN,18W
G1072W,APPLE GREEN,18W
G1072W,APPLE GREEN,20W
G1072W,APPLE GREEN,20W
G1072W,APPLE GREEN,20W
G1072W,APPLE GREEN,20W
G1072W,APPLE GREEN,20W
G1072W,APPLE GREEN,20W
G1072W,APPLE GREEN,20W
G1072W,APPLE GREEN,20W
G1072W,APPLE GREEN,20W
G1072W,APPLE GREEN,20W
G1072W,APPLE GREEN,20W
G1072W,APPLE GREEN,20W
G1072W,APPLE GREEN,20W
G1072W,APPLE GREEN,20W
G1072W,APPLE GREEN,20W
G1072W,APPLE GREEN,20W
G1072W,APPLE GREEN,20W
G1072W,APPLE GREEN,20W
G1072W,APPLE GREEN,20W
G1072W,APPLE GREEN,20W
G1072W,APPLE GREEN,20W
G1072W,APPLE GREEN,20W
G1072W,APPLE GREEN,20W
G1072W,APPLE GREEN,20W
G1072W,APPLE GREEN,20W
G1072W,APPLE GREEN,20W
G1072W,APPLE GREEN,20W
G1072W,APPLE GREEN,20W
G1072W,APPLE GREEN,22W
G1072W,APPLE GREEN,22W
G1072W,APPLE GREEN,22W
G1072W,APPLE GREEN,22W
G1072W,APPLE GREEN,22W
G1072W,APPLE GREEN,22W
G1072W,APPLE GREEN,22W
G1072W,APPLE GREEN,22W
G1072W,APPLE GREEN,22W
G1072W,APPLE GREEN,22W
G1072W,APPLE GREEN,22W
G1072W,APPLE GREEN,22W
G1072W,APPLE GREEN,22W
G1072W,APPLE GREEN,22W
G1072W,APPLE GREEN,22W
G1072W,APPLE GREEN,22W
G1072W,APPLE GREEN,22W
G1072W,APPLE GREEN,22W
G1072W,APPLE GREEN,22W
G1072W,APPLE GREEN,22W
G1072W,APPLE GREEN,22W
G1072W,APPLE GREEN,22W
G1072W,APPLE GREEN,22W
G1072W,APPLE GREEN,22W
G1072W,APPLE GREEN,22W
G1072W,APPLE GREEN,22W
G1072W,APPLE GREEN,22W
G1072W,APPLE GREEN,24W
G1072W,APPLE GREEN,24W
G1072W,APPLE GREEN,24W
G1072W,APPLE GREEN,24W
G1072W,APPLE GREEN,24W
G1072W,APPLE GREEN,24W
G1072W,APPLE GREEN,24W
G1072W,APPLE GREEN,24W
G1072W,APPLE GREEN,24W
G1072W,APPLE GREEN,24W
G1072W,APPLE GREEN,24W
G1072W,APPLE GREEN,24W
G1072W,APPLE GREEN,24W
G1072W,APPLE GREEN,24W
G1072W,APPLE GREEN,24W
G1072W,APPLE GREEN,24W
G1072W,APPLE GREEN,24W
G1072W,APPLE GREEN,24W
G1072W,APPLE GREEN,24W
G1072W,APPLE GREEN,24W
G1072W,WHITE,14W
G1072W,WHITE,14W
G1072W,WHITE,14W
G1072W,WHITE,14W
G1072W,WHITE,14W
G1072W,WHITE,14W
G1072W,WHITE,14W
G1072W,WHITE,14W
G1072W,WHITE,14W
G1072W,WHITE,14W
G1072W,WHITE,14W
G1072W,WHITE,14W
G1072W,WHITE,14W
G1072W,WHITE,16W
G1072W,WHITE,16W
G1072W,WHITE,16W
G1072W,WHITE,16W
G1072W,WHITE,16W
G1072W,WHITE,16W
G1072W,WHITE,16W
G1072W,WHITE,16W
G1072W,WHITE,16W
G1072W,WHITE,16W
G1072W,WHITE,16W
G1072W,WHITE,16W
G1072W,WHITE,16W
G1072W,WHITE,16W
G1072W,WHITE,16W
G1072W,WHITE,16W
G1072W,WHITE,16W
G1072W,WHITE,16W
G1072W,WHITE,16W
G1072W,WHITE,16W
G1072W,WHITE,16W
G1072W,WHITE,16W
G1072W,WHITE,16W
G1072W,WHITE,16W
G1072W,WHITE,18W
G1072W,WHITE,18W
G1072W,WHITE,18W
G1072W,WHITE,18W
G1072W,WHITE,18W
G1072W,WHITE,18W
G1072W,WHITE,18W
G1072W,WHITE,18W
G1072W,WHITE,18W
G1072W,WHITE,18W
G1072W,WHITE,18W
G1072W,WHITE,18W
G1072W,WHITE,18W
G1072W,WHITE,18W
G1072W,WHITE,18W
G1072W,WHITE,18W
G1072W,WHITE,18W
G1072W,WHITE,18W
G1072W,WHITE,18W
G1072W,WHITE,18W
G1072W,WHITE,18W
G1072W,WHITE,18W
G1072W,WHITE,18W
G1072W,WHITE,18W
G1072W,WHITE,18W
G1072W,WHITE,20W
G1072W,WHITE,20W
G1072W,WHITE,20W
G1072W,WHITE,20W
G1072W,WHITE,20W
G1072W,WHITE,20W
G1072W,WHITE,20W
G1072W,WHITE,20W
G1072W,WHITE,20W
G1072W,WHITE,20W
G1072W,WHITE,20W
G1072W,WHITE,20W
G1072W,WHITE,20W
G1072W,WHITE,20W
G1072W,WHITE,20W
G1072W,WHITE,20W
G1072W,WHITE,20W
G1072W,WHITE,20W
G1072W,WHITE,20W
G1072W,WHITE,20W
G1072W,WHITE,20W
G1072W,WHITE,20W
G1072W,WHITE,20W
G1072W,WHITE,20W
G1072W,WHITE,20W
G1072W,WHITE,20W
G1072W,WHITE,20W
G1072W,WHITE,22W
G1072W,WHITE,22W
G1072W,WHITE,22W
G1072W,WHITE,22W
G1072W,WHITE,22W
G1072W,WHITE,22W
G1072W,WHITE,22W
G1072W,WHITE,22W
G1072W,WHITE,22W
G1072W,WHITE,22W
G1072W,WHITE,22W
G1072W,WHITE,22W
G1072W,WHITE,22W
G1072W,WHITE,22W
G1072W,WHITE,22W
G1072W,WHITE,22W
G1072W,WHITE,22W
G1072W,WHITE,22W
G1072W,WHITE,22W
G1072W,WHITE,22W
G1072W,WHITE,22W
G1072W,WHITE,22W
G1072W,WHITE,22W
G1072W,WHITE,22W
G1072W,WHITE,22W
G1072W,WHITE,24W
G1072W,WHITE,24W
G1072W,WHITE,24W
G1072W,WHITE,24W
G1072W,WHITE,24W
G1072W,WHITE,24W
G1072W,WHITE,24W
G1072W,WHITE,24W
G1072W,WHITE,24W
G1072W,WHITE,24W
G1072W,WHITE,24W
G1072W,WHITE,24W
G1072W,WHITE,24W
G1072W,WHITE,24W
G1072W,WHITE,24W
G1072W,WHITE,24W
G1072W,WHITE,24W
G1072W,WHITE,24W
G1072W,WHITE,24W
G1072W,WHITE,24W
G1074,PINK,10
G1074,PINK,10
G1074,PINK,10
G1074,PINK,10
G1074,PINK,10
G1074,PINK,10
G1074,PINK,10
G1074,PINK,10
G1074,PINK,10
G1074,PINK,10
G1074,PINK,10
G1074,PINK,10
G1074,PINK,10
G1074,PINK,10
G1074,PINK,10
G1074,PINK,12
G1074,PINK,12
G1074,PINK,12
G1074,PINK,12
G1074,PINK,12
G1074,PINK,12
G1074,PINK,12
G1074,PINK,12
G1074,PINK,12
G1074,PINK,12
G1074,PINK,12
G1074,PINK,12
G1074,PINK,12
G1074,PINK,12
G1074,PINK,12
G1074,PINK,12
G1074,PINK,12
G1074,PINK,12
G1074,PINK,12
G1074,PINK,12
G1074,PINK,12
G1074,PINK,12
G1074,PINK,12
G1074,PINK,12
G1074,PINK,14
G1074,PINK,14
G1074,PINK,14
G1074,PINK,14
G1074,PINK,14
G1074,PINK,14
G1074,PINK,14
G1074,PINK,14
G1074,PINK,14
G1074,PINK,14
G1074,PINK,14
G1074,PINK,14
G1074,PINK,14
G1074,PINK,14
G1074,PINK,14
G1074,PINK,14
G1074,PINK,14
G1074,PINK,14
G1074,PINK,14
G1074,PINK,14
G1074,PINK,14
G1074,PINK,14
G1074,PINK,14
G1074,PINK,14
G1074,PINK,14
G1074,PINK,14
G1074,PINK,14
G1074,PINK,14
G1074,PINK,14
G1074,PINK,14
G1074,PINK,16
G1074,PINK,16
G1074,PINK,16
G1074,PINK,16
G1074,PINK,16
G1074,PINK,16
G1074,PINK,16
G1074,PINK,16
G1074,PINK,16
G1074,PINK,16
G1074,PINK,16
G1074,PINK,16
G1074,PINK,16
G1074,PINK,16
G1074,PINK,16
G1074,PINK,16
G1074,PINK,16
G1074,PINK,16
G1074,PINK,16
G1074,PINK,16
G1074,PINK,16
G1074,PINK,16
G1074,PINK,16
G1074,PINK,16
G1074,PINK,16
G1074,PINK,16
G1074,PINK,16
G1074,PINK,16
G1074,PINK,16
G1074,PINK,16
G1074,PINK,16
G1074,PINK,16
G1074,PINK,16
G1074,PINK,16
G1074,PINK,16
G1074,PINK,16
G1074,PINK,16
G1074,PINK,16
G1074,PINK,16
G1074,PINK,16
G1074,PINK,18
G1074,PINK,18
G1074,PINK,18
G1074,PINK,18
G1074,PINK,18
G1074,PINK,18
G1074,PINK,18
G1074,PINK,18
G1074,PINK,18
G1074,PINK,18
G1074,PINK,18
G1074,PINK,18
G1074,PINK,18
G1074,PINK,18
G1074,PINK,18
G1074,PINK,18
G1074,PINK,18
G1074,PINK,18
G1074,PINK,18
G1074,PINK,18
G1074,PINK,18
G1074,PINK,18
G1074,PINK,18
G1074,PINK,18
G1074,PINK,18
G1074,APPLE GREEN,10
G1074,APPLE GREEN,10
G1074,APPLE GREEN,10
G1074,APPLE GREEN,10
G1074,APPLE GREEN,10
G1074,APPLE GREEN,10
G1074,APPLE GREEN,10
G1074,APPLE GREEN,10
G1074,APPLE GREEN,10
G1074,APPLE GREEN,10
G1074,APPLE GREEN,10
G1074,APPLE GREEN,10
G1074,APPLE GREEN,10
G1074,APPLE GREEN,10
G1074,APPLE GREEN,12
G1074,APPLE GREEN,12
G1074,APPLE GREEN,12
G1074,APPLE GREEN,12
G1074,APPLE GREEN,12
G1074,APPLE GREEN,12
G1074,APPLE GREEN,12
G1074,APPLE GREEN,12
G1074,APPLE GREEN,12
G1074,APPLE GREEN,12
G1074,APPLE GREEN,12
G1074,APPLE GREEN,12
G1074,APPLE GREEN,12
G1074,APPLE GREEN,12
G1074,APPLE GREEN,12
G1074,APPLE GREEN,12
G1074,APPLE GREEN,12
G1074,APPLE GREEN,12
G1074,APPLE GREEN,12
G1074,APPLE GREEN,12
G1074,APPLE GREEN,14
G1074,APPLE GREEN,14
G1074,APPLE GREEN,14
G1074,APPLE GREEN,14
G1074,APPLE GREEN,14
G1074,APPLE GREEN,14
G1074,APPLE GREEN,14
G1074,APPLE GREEN,14
G1074,APPLE GREEN,14
G1074,APPLE GREEN,14
G1074,APPLE GREEN,14
G1074,APPLE GREEN,14
G1074,APPLE GREEN,14
G1074,APPLE GREEN,14
G1074,APPLE GREEN,14
G1074,APPLE GREEN,14
G1074,APPLE GREEN,14
G1074,APPLE GREEN,14
G1074,APPLE GREEN,14
G1074,APPLE GREEN,14
G1074,APPLE GREEN,14
G1074,APPLE GREEN,14
G1074,APPLE GREEN,14
G1074,APPLE GREEN,14
G1074,APPLE GREEN,14
G1074,APPLE GREEN,14
G1074,APPLE GREEN,14
G1074,APPLE GREEN,14
G1074,APPLE GREEN,14
G1074,APPLE GREEN,14
G1074,APPLE GREEN,16
G1074,APPLE GREEN,16
G1074,APPLE GREEN,16
G1074,APPLE GREEN,16
G1074,APPLE GREEN,16
G1074,APPLE GREEN,16
G1074,APPLE GREEN,16
G1074,APPLE GREEN,16
G1074,APPLE GREEN,16
G1074,APPLE GREEN,16
G1074,APPLE GREEN,16
G1074,APPLE GREEN,16
G1074,APPLE GREEN,16
G1074,APPLE GREEN,16
G1074,APPLE GREEN,16
G1074,APPLE GREEN,16
G1074,APPLE GREEN,16
G1074,APPLE GREEN,16
G1074,APPLE GREEN,16
G1074,APPLE GREEN,16
G1074,APPLE GREEN,16
G1074,APPLE GREEN,16
G1074,APPLE GREEN,16
G1074,APPLE GREEN,16
G1074,APPLE GREEN,16
G1074,APPLE GREEN,16
G1074,APPLE GREEN,16
G1074,APPLE GREEN,16
G1074,APPLE GREEN,16
G1074,APPLE GREEN,16
G1074,APPLE GREEN,18
G1074,APPLE GREEN,18
G1074,APPLE GREEN,18
G1074,APPLE GREEN,18
G1074,APPLE GREEN,18
G1074,APPLE GREEN,18
G1074,APPLE GREEN,18
G1074,APPLE GREEN,18
G1074,APPLE GREEN,18
G1074,APPLE GREEN,18
G1074,APPLE GREEN,18
G1074,APPLE GREEN,18
G1074,APPLE GREEN,18
G1074,APPLE GREEN,18
G1074,APPLE GREEN,18
G1074,APPLE GREEN,18
G1074,APPLE GREEN,18
G1074,APPLE GREEN,18
G1074,APPLE GREEN,18
G1074,APPLE GREEN,18
G1074,APPLE GREEN,18
G1074,APPLE GREEN,18
G1074,APPLE GREEN,18
G1074,APPLE GREEN,18
G1074,WHITE,10
G1074,WHITE,10
G1074,WHITE,10
G1074,WHITE,10
G1074,WHITE,10
G1074,WHITE,10
G1074,WHITE,10
G1074,WHITE,10
G1074,WHITE,10
G1074,WHITE,10
G1074,WHITE,10
G1074,WHITE,10
G1074,WHITE,10
G1074,WHITE,12
G1074,WHITE,12
G1074,WHITE,12
G1074,WHITE,12
G1074,WHITE,12
G1074,WHITE,12
G1074,WHITE,12
G1074,WHITE,12
G1074,WHITE,12
G1074,WHITE,12
G1074,WHITE,12
G1074,WHITE,12
G1074,WHITE,12
G1074,WHITE,12
G1074,WHITE,12
G1074,WHITE,12
G1074,WHITE,12
G1074,WHITE,12
G1074,WHITE,12
G1074,WHITE,12
G1074,WHITE,12
G1074,WHITE,12
G1074,WHITE,12
G1074,WHITE,12
G1074,WHITE,12
G1074,WHITE,12
G1074,WHITE,12
G1074,WHITE,12
G1074,WHITE,12
G1074,WHITE,12
G1074,WHITE,14
G1074,WHITE,14
G1074,WHITE,14
G1074,WHITE,14
G1074,WHITE,14
G1074,WHITE,14
G1074,WHITE,14
G1074,WHITE,14
G1074,WHITE,14
G1074,WHITE,14
G1074,WHITE,14
G1074,WHITE,14
G1074,WHITE,14
G1074,WHITE,14
G1074,WHITE,14
G1074,WHITE,14
G1074,WHITE,14
G1074,WHITE,14
G1074,WHITE,14
G1074,WHITE,14
G1074,WHITE,14
G1074,WHITE,14
G1074,WHITE,14
G1074,WHITE,14
G1074,WHITE,14
G1074,WHITE,14
G1074,WHITE,14
G1074,WHITE,14
G1074,WHITE,14
G1074,WHITE,14
G1074,WHITE,14
G1074,WHITE,14
G1074,WHITE,14
G1074,WHITE,14
G1074,WHITE,14
G1074,WHITE,14
G1074,WHITE,14
G1074,WHITE,14
G1074,WHITE,14
G1074,WHITE,16
G1074,WHITE,16
G1074,WHITE,16
G1074,WHITE,16
G1074,WHITE,16
G1074,WHITE,16
G1074,WHITE,16
G1074,WHITE,16
G1074,WHITE,16
G1074,WHITE,16
G1074,WHITE,16
G1074,WHITE,16
G1074,WHITE,16
G1074,WHITE,16
G1074,WHITE,16
G1074,WHITE,16
G1074,WHITE,16
G1074,WHITE,16
G1074,WHITE,16
G1074,WHITE,16
G1074,WHITE,16
G1074,WHITE,16
G1074,WHITE,16
G1074,WHITE,16
G1074,WHITE,16
G1074,WHITE,16
G1074,WHITE,16
G1074,WHITE,16
G1074,WHITE,16
G1074,WHITE,16
G1074,WHITE,16
G1074,WHITE,16
G1074,WHITE,16
G1074,WHITE,16
G1074,WHITE,16
G1074,WHITE,18
G1074,WHITE,18
G1074,WHITE,18
G1074,WHITE,18
G1074,WHITE,18
G1074,WHITE,18
G1074,WHITE,18
G1074,WHITE,18
G1074,WHITE,18
G1074,WHITE,18
G1074,WHITE,18
G1074,WHITE,18
G1074,WHITE,18
G1074,WHITE,18
G1074,WHITE,18
G1074,WHITE,18
G1074,WHITE,18
G1074,WHITE,18
G1074,WHITE,18
G1074,WHITE,18
G1074,WHITE,18
G1074,WHITE,18
G1074,WHITE,18
G1074,WHITE,18
G1074,WHITE,18
G1074,WHITE,18
G1074W,PINK,14W
G1074W,PINK,14W
G1074W,PINK,14W
G1074W,PINK,14W
G1074W,PINK,14W
G1074W,PINK,14W
G1074W,PINK,14W
G1074W,PINK,14W
G1074W,PINK,14W
G1074W,PINK,14W
G1074W,PINK,14W
G1074W,PINK,14W
G1074W,PINK,14W
G1074W,PINK,14W
G1074W,PINK,16W
G1074W,PINK,16W
G1074W,PINK,16W
G1074W,PINK,16W
G1074W,PINK,16W
G1074W,PINK,16W
G1074W,PINK,16W
G1074W,PINK,16W
G1074W,PINK,16W
G1074W,PINK,16W
G1074W,PINK,16W
G1074W,PINK,16W
G1074W,PINK,16W
G1074W,PINK,16W
G1074W,PINK,16W
G1074W,PINK,16W
G1074W,PINK,16W
G1074W,PINK,16W
G1074W,PINK,16W
G1074W,PINK,16W
G1074W,PINK,16W
G1074W,PINK,16W
G1074W,PINK,16W
G1074W,PINK,16W
G1074W,PINK,16W
G1074W,PINK,18W
G1074W,PINK,18W
G1074W,PINK,18W
G1074W,PINK,18W
G1074W,PINK,18W
G1074W,PINK,18W
G1074W,PINK,18W
G1074W,PINK,18W
G1074W,PINK,18W
G1074W,PINK,18W
G1074W,PINK,18W
G1074W,PINK,18W
G1074W,PINK,18W
G1074W,PINK,18W
G1074W,PINK,18W
G1074W,PINK,18W
G1074W,PINK,18W
G1074W,PINK,18W
G1074W,PINK,18W
G1074W,PINK,18W
G1074W,PINK,18W
G1074W,PINK,18W
G1074W,PINK,18W
G1074W,PINK,18W
G1074W,PINK,18W
G1074W,PINK,18W
G1074W,PINK,18W
G1074W,PINK,18W
G1074W,PINK,18W
G1074W,PINK,18W
G1074W,PINK,20W
G1074W,PINK,20W
G1074W,PINK,20W
G1074W,PINK,20W
G1074W,PINK,20W
G1074W,PINK,20W
G1074W,PINK,20W
G1074W,PINK,20W
G1074W,PINK,20W
G1074W,PINK,20W
G1074W,PINK,20W
G1074W,PINK,20W
G1074W,PINK,20W
G1074W,PINK,20W
G1074W,PINK,20W
G1074W,PINK,20W
G1074W,PINK,20W
G1074W,PINK,20W
G1074W,PINK,20W
G1074W,PINK,20W
G1074W,PINK,20W
G1074W,PINK,20W
G1074W,PINK,20W
G1074W,PINK,20W
G1074W,PINK,20W
G1074W,PINK,20W
G1074W,PINK,20W
G1074W,PINK,22W
G1074W,PINK,22W
G1074W,PINK,22W
G1074W,PINK,22W
G1074W,PINK,22W
G1074W,PINK,22W
G1074W,PINK,22W
G1074W,PINK,22W
G1074W,PINK,22W
G1074W,PINK,22W
G1074W,PINK,22W
G1074W,PINK,22W
G1074W,PINK,22W
G1074W,PINK,22W
G1074W,PINK,22W
G1074W,PINK,22W
G1074W,PINK,22W
G1074W,PINK,22W
G1074W,PINK,22W
G1074W,PINK,22W
G1074W,PINK,22W
G1074W,PINK,22W
G1074W,PINK,22W
G1074W,PINK,22W
G1074W,PINK,22W
G1074W,PINK,24W
G1074W,PINK,24W
G1074W,PINK,24W
G1074W,PINK,24W
G1074W,PINK,24W
G1074W,PINK,24W
G1074W,PINK,24W
G1074W,PINK,24W
G1074W,PINK,24W
G1074W,PINK,24W
G1074W,PINK,24W
G1074W,PINK,24W
G1074W,PINK,24W
G1074W,PINK,24W
G1074W,PINK,24W
G1074W,PINK,24W
G1074W,PINK,24W
G1074W,PINK,24W
G1074W,PINK,24W
G1074W,PINK,26W
G1074W,PINK,26W
G1074W,PINK,26W
G1074W,PINK,26W
G1074W,PINK,26W
G1074W,PINK,26W
G1074W,PINK,26W
G1074W,PINK,26W
G1074W,PINK,26W
G1074W,PINK,26W
G1074W,PINK,26W
G1074W,PINK,26W
G1074W,PINK,26W
G1074W,PINK,26W
G1074W,PINK,26W
G1074W,APPLE GREEN,14W
G1074W,APPLE GREEN,14W
G1074W,APPLE GREEN,14W
G1074W,APPLE GREEN,14W
G1074W,APPLE GREEN,14W
G1074W,APPLE GREEN,14W
G1074W,APPLE GREEN,14W
G1074W,APPLE GREEN,14W
G1074W,APPLE GREEN,14W
G1074W,APPLE GREEN,14W
G1074W,APPLE GREEN,14W
G1074W,APPLE GREEN,14W
G1074W,APPLE GREEN,14W
G1074W,APPLE GREEN,14W
G1074W,APPLE GREEN,14W
G1074W,APPLE GREEN,16W
G1074W,APPLE GREEN,16W
G1074W,APPLE GREEN,16W
G1074W,APPLE GREEN,16W
G1074W,APPLE GREEN,16W
G1074W,APPLE GREEN,16W
G1074W,APPLE GREEN,16W
G1074W,APPLE GREEN,16W
G1074W,APPLE GREEN,16W
G1074W,APPLE GREEN,16W
G1074W,APPLE GREEN,16W
G1074W,APPLE GREEN,16W
G1074W,APPLE GREEN,16W
G1074W,APPLE GREEN,16W
G1074W,APPLE GREEN,16W
G1074W,APPLE GREEN,16W
G1074W,APPLE GREEN,16W
G1074W,APPLE GREEN,16W
G1074W,APPLE GREEN,16W
G1074W,APPLE GREEN,16W
G1074W,APPLE GREEN,16W
G1074W,APPLE GREEN,16W
G1074W,APPLE GREEN,16W
G1074W,APPLE GREEN,16W
G1074W,APPLE GREEN,18W
G1074W,APPLE GREEN,18W
G1074W,APPLE GREEN,18W
G1074W,APPLE GREEN,18W
G1074W,APPLE GREEN,18W
G1074W,APPLE GREEN,18W
G1074W,APPLE GREEN,18W
G1074W,APPLE GREEN,18W
G1074W,APPLE GREEN,18W
G1074W,APPLE GREEN,18W
G1074W,APPLE GREEN,18W
G1074W,APPLE GREEN,18W
G1074W,APPLE GREEN,18W
G1074W,APPLE GREEN,18W
G1074W,APPLE GREEN,18W
G1074W,APPLE GREEN,18W
G1074W,APPLE GREEN,18W
G1074W,APPLE GREEN,18W
G1074W,APPLE GREEN,18W
G1074W,APPLE GREEN,18W
G1074W,APPLE GREEN,18W
G1074W,APPLE GREEN,18W
G1074W,APPLE GREEN,18W
G1074W,APPLE GREEN,18W
G1074W,APPLE GREEN,18W
G1074W,APPLE GREEN,20W
G1074W,APPLE GREEN,20W
G1074W,APPLE GREEN,20W
G1074W,APPLE GREEN,20W
G1074W,APPLE GREEN,20W
G1074W,APPLE GREEN,20W
G1074W,APPLE GREEN,20W
G1074W,APPLE GREEN,20W
G1074W,APPLE GREEN,20W
G1074W,APPLE GREEN,20W
G1074W,APPLE GREEN,20W
G1074W,APPLE GREEN,20W
G1074W,APPLE GREEN,20W
G1074W,APPLE GREEN,20W
G1074W,APPLE GREEN,20W
G1074W,APPLE GREEN,20W
G1074W,APPLE GREEN,20W
G1074W,APPLE GREEN,20W
G1074W,APPLE GREEN,20W
G1074W,APPLE GREEN,20W
G1074W,APPLE GREEN,20W
G1074W,APPLE GREEN,20W
G1074W,APPLE GREEN,20W
G1074W,APPLE GREEN,20W
G1074W,APPLE GREEN,20W
G1074W,APPLE GREEN,22W
G1074W,APPLE GREEN,22W
G1074W,APPLE GREEN,22W
G1074W,APPLE GREEN,22W
G1074W,APPLE GREEN,22W
G1074W,APPLE GREEN,22W
G1074W,APPLE GREEN,22W
G1074W,APPLE GREEN,22W
G1074W,APPLE GREEN,22W
G1074W,APPLE GREEN,22W
G1074W,APPLE GREEN,22W
G1074W,APPLE GREEN,22W
G1074W,APPLE GREEN,22W
G1074W,APPLE GREEN,22W
G1074W,APPLE GREEN,22W
G1074W,APPLE GREEN,22W
G1074W,APPLE GREEN,22W
G1074W,APPLE GREEN,22W
G1074W,APPLE GREEN,22W
G1074W,APPLE GREEN,22W
G1074W,APPLE GREEN,24W
G1074W,APPLE GREEN,24W
G1074W,APPLE GREEN,24W
G1074W,APPLE GREEN,24W
G1074W,APPLE GREEN,24W
G1074W,APPLE GREEN,24W
G1074W,APPLE GREEN,24W
G1074W,APPLE GREEN,24W
G1074W,APPLE GREEN,24W
G1074W,APPLE GREEN,24W
G1074W,APPLE GREEN,24W
G1074W,APPLE GREEN,24W
G1074W,APPLE GREEN,24W
G1074W,APPLE GREEN,24W
G1074W,APPLE GREEN,24W
G1074W,APPLE GREEN,24W
G1074W,APPLE GREEN,24W
G1074W,APPLE GREEN,24W
G1074W,APPLE GREEN,26W
G1074W,APPLE GREEN,26W
G1074W,APPLE GREEN,26W
G1074W,APPLE GREEN,26W
G1074W,APPLE GREEN,26W
G1074W,APPLE GREEN,26W
G1074W,APPLE GREEN,26W
G1074W,APPLE GREEN,26W
G1074W,APPLE GREEN,26W
G1074W,APPLE GREEN,26W
G1074W,APPLE GREEN,26W
G1074W,APPLE GREEN,26W
G1074W,WHITE,14W
G1074W,WHITE,14W
G1074W,WHITE,14W
G1074W,WHITE,14W
G1074W,WHITE,14W
G1074W,WHITE,14W
G1074W,WHITE,14W
G1074W,WHITE,14W
G1074W,WHITE,14W
G1074W,WHITE,14W
G1074W,WHITE,14W
G1074W,WHITE,14W
G1074W,WHITE,14W
G1074W,WHITE,14W
G1074W,WHITE,14W
G1074W,WHITE,16W
G1074W,WHITE,16W
G1074W,WHITE,16W
G1074W,WHITE,16W
G1074W,WHITE,16W
G1074W,WHITE,16W
G1074W,WHITE,16W
G1074W,WHITE,16W
G1074W,WHITE,16W
G1074W,WHITE,16W
G1074W,WHITE,16W
G1074W,WHITE,16W
G1074W,WHITE,16W
G1074W,WHITE,16W
G1074W,WHITE,16W
G1074W,WHITE,16W
G1074W,WHITE,16W
G1074W,WHITE,16W
G1074W,WHITE,16W
G1074W,WHITE,16W
G1074W,WHITE,16W
G1074W,WHITE,16W
G1074W,WHITE,16W
G1074W,WHITE,16W
G1074W,WHITE,16W
G1074W,WHITE,16W
G1074W,WHITE,16W
G1074W,WHITE,16W
G1074W,WHITE,16W
G1074W,WHITE,16W
G1074W,WHITE,18W
G1074W,WHITE,18W
G1074W,WHITE,18W
G1074W,WHITE,18W
G1074W,WHITE,18W
G1074W,WHITE,18W
G1074W,WHITE,18W
G1074W,WHITE,18W
G1074W,WHITE,18W
G1074W,WHITE,18W
G1074W,WHITE,18W
G1074W,WHITE,18W
G1074W,WHITE,18W
G1074W,WHITE,18W
G1074W,WHITE,18W
G1074W,WHITE,18W
G1074W,WHITE,18W
G1074W,WHITE,18W
G1074W,WHITE,18W
G1074W,WHITE,18W
G1074W,WHITE,18W
G1074W,WHITE,18W
G1074W,WHITE,18W
G1074W,WHITE,18W
G1074W,WHITE,18W
G1074W,WHITE,18W
G1074W,WHITE,18W
G1074W,WHITE,18W
G1074W,WHITE,18W
G1074W,WHITE,18W
G1074W,WHITE,20W
G1074W,WHITE,20W
G1074W,WHITE,20W
G1074W,WHITE,20W
G1074W,WHITE,20W
G1074W,WHITE,20W
G1074W,WHITE,20W
G1074W,WHITE,20W
G1074W,WHITE,20W
G1074W,WHITE,20W
G1074W,WHITE,20W
G1074W,WHITE,20W
G1074W,WHITE,20W
G1074W,WHITE,20W
G1074W,WHITE,20W
G1074W,WHITE,20W
G1074W,WHITE,20W
G1074W,WHITE,20W
G1074W,WHITE,20W
G1074W,WHITE,20W
G1074W,WHITE,20W
G1074W,WHITE,20W
G1074W,WHITE,20W
G1074W,WHITE,20W
G1074W,WHITE,20W
G1074W,WHITE,20W
G1074W,WHITE,20W
G1074W,WHITE,20W
G1074W,WHITE,22W
G1074W,WHITE,22W
G1074W,WHITE,22W
G1074W,WHITE,22W
G1074W,WHITE,22W
G1074W,WHITE,22W
G1074W,WHITE,22W
G1074W,WHITE,22W
G1074W,WHITE,22W
G1074W,WHITE,22W
G1074W,WHITE,22W
G1074W,WHITE,22W
G1074W,WHITE,22W
G1074W,WHITE,22W
G1074W,WHITE,22W
G1074W,WHITE,22W
G1074W,WHITE,22W
G1074W,WHITE,22W
G1074W,WHITE,22W
G1074W,WHITE,22W
G1074W,WHITE,22W
G1074W,WHITE,22W
G1074W,WHITE,22W
G1074W,WHITE,22W
G1074W,WHITE,22W
G1074W,WHITE,24W
G1074W,WHITE,24W
G1074W,WHITE,24W
G1074W,WHITE,24W
G1074W,WHITE,24W
G1074W,WHITE,24W
G1074W,WHITE,24W
G1074W,WHITE,24W
G1074W,WHITE,24W
G1074W,WHITE,24W
G1074W,WHITE,24W
G1074W,WHITE,24W
G1074W,WHITE,24W
G1074W,WHITE,24W
G1074W,WHITE,24W
G1074W,WHITE,24W
G1074W,WHITE,24W
G1074W,WHITE,24W
G1074W,WHITE,24W
G1074W,WHITE,24W
G1074W,WHITE,26W
G1074W,WHITE,26W
G1074W,WHITE,26W
G1074W,WHITE,26W
G1074W,WHITE,26W
G1074W,WHITE,26W
G1074W,WHITE,26W
G1074W,WHITE,26W
G1074W,WHITE,26W
G1074W,WHITE,26W
G1074W,WHITE,26W
G1074W,WHITE,26W
G1074W,WHITE,26W
G1074W,WHITE,26W
G1074W,WHITE,26W
D1507,WHITE,10
D1507,WHITE,10
D1507,WHITE,10
D1507,WHITE,10
D1507,WHITE,10
D1507,WHITE,10
D1507,WHITE,10
D1507,WHITE,10
D1507,WHITE,10
D1507,WHITE,10
D1507,WHITE,10
D1507,WHITE,10
D1507,WHITE,10
D1507,WHITE,10
D1507,WHITE,10
D1507,WHITE,12
D1507,WHITE,12
D1507,WHITE,12
D1507,WHITE,12
D1507,WHITE,12
D1507,WHITE,12
D1507,WHITE,12
D1507,WHITE,12
D1507,WHITE,12
D1507,WHITE,12
D1507,WHITE,12
D1507,WHITE,12
D1507,WHITE,12
D1507,WHITE,12
D1507,WHITE,12
D1507,WHITE,12
D1507,WHITE,12
D1507,WHITE,12
D1507,WHITE,12
D1507,WHITE,12
D1507,WHITE,12
D1507,WHITE,12
D1507,WHITE,12
D1507,WHITE,12
D1507,WHITE,12
D1507,WHITE,12
D1507,WHITE,12
D1507,WHITE,12
D1507,WHITE,12
D1507,WHITE,12
D1507,WHITE,14
D1507,WHITE,14
D1507,WHITE,14
D1507,WHITE,14
D1507,WHITE,14
D1507,WHITE,14
D1507,WHITE,14
D1507,WHITE,14
D1507,WHITE,14
D1507,WHITE,14
D1507,WHITE,14
D1507,WHITE,14
D1507,WHITE,14
D1507,WHITE,14
D1507,WHITE,14
D1507,WHITE,14
D1507,WHITE,14
D1507,WHITE,14
D1507,WHITE,14
D1507,WHITE,14
D1507,WHITE,14
D1507,WHITE,14
D1507,WHITE,14
D1507,WHITE,14
D1507,WHITE,14
D1507,WHITE,14
D1507,WHITE,14
D1507,WHITE,14
D1507,WHITE,14
D1507,WHITE,14
D1507,WHITE,14
D1507,WHITE,14
D1507,WHITE,14
D1507,WHITE,14
D1507,WHITE,14
D1507,WHITE,16
D1507,WHITE,16
D1507,WHITE,16
D1507,WHITE,16
D1507,WHITE,16
D1507,WHITE,16
D1507,WHITE,16
D1507,WHITE,16
D1507,WHITE,16
D1507,WHITE,16
D1507,WHITE,16
D1507,WHITE,16
D1507,WHITE,16
D1507,WHITE,16
D1507,WHITE,16
D1507,WHITE,16
D1507,WHITE,16
D1507,WHITE,16
D1507,WHITE,16
D1507,WHITE,16
D1507,WHITE,16
D1507,WHITE,16
D1507,WHITE,16
D1507,WHITE,16
D1507,WHITE,16
D1507,WHITE,16
D1507,WHITE,16
D1507,WHITE,16
D1507,WHITE,16
D1507,WHITE,16
D1507,WHITE,16
D1507,WHITE,16
D1507,WHITE,16
D1507,WHITE,16
D1507,WHITE,16
D1507,WHITE,18
D1507,WHITE,18
D1507,WHITE,18
D1507,WHITE,18
D1507,WHITE,18
D1507,WHITE,18
D1507,WHITE,18
D1507,WHITE,18
D1507,WHITE,18
D1507,WHITE,18
D1507,WHITE,18
D1507,WHITE,18
D1507,WHITE,18
D1507,WHITE,18
D1507,WHITE,18
D1507,WHITE,18
D1507,WHITE,18
D1507,WHITE,18
D1507,WHITE,18
D1507,WHITE,18
D1507,WHITE,18
D1507,WHITE,18
D1507,WHITE,18
D1507,WHITE,18
D1507W,WHITE,14W
D1507W,WHITE,14W
D1507W,WHITE,14W
D1507W,WHITE,14W
D1507W,WHITE,14W
D1507W,WHITE,14W
D1507W,WHITE,14W
D1507W,WHITE,14W
D1507W,WHITE,14W
D1507W,WHITE,14W
D1507W,WHITE,14W
D1507W,WHITE,14W
D1507W,WHITE,14W
D1507W,WHITE,14W
D1507W,WHITE,14W
D1507W,WHITE,16W
D1507W,WHITE,16W
D1507W,WHITE,16W
D1507W,WHITE,16W
D1507W,WHITE,16W
D1507W,WHITE,16W
D1507W,WHITE,16W
D1507W,WHITE,16W
D1507W,WHITE,16W
D1507W,WHITE,16W
D1507W,WHITE,16W
D1507W,WHITE,16W
D1507W,WHITE,16W
D1507W,WHITE,16W
D1507W,WHITE,16W
D1507W,WHITE,16W
D1507W,WHITE,16W
D1507W,WHITE,16W
D1507W,WHITE,16W
D1507W,WHITE,16W
D1507W,WHITE,18W
D1507W,WHITE,18W
D1507W,WHITE,18W
D1507W,WHITE,18W
D1507W,WHITE,18W
D1507W,WHITE,18W
D1507W,WHITE,18W
D1507W,WHITE,18W
D1507W,WHITE,18W
D1507W,WHITE,18W
D1507W,WHITE,18W
D1507W,WHITE,18W
D1507W,WHITE,18W
D1507W,WHITE,18W
D1507W,WHITE,18W
D1507W,WHITE,18W
D1507W,WHITE,18W
D1507W,WHITE,18W
D1507W,WHITE,18W
D1507W,WHITE,18W
D1507W,WHITE,18W
D1507W,WHITE,18W
D1507W,WHITE,18W
D1507W,WHITE,18W
D1507W,WHITE,18W
D1507W,WHITE,20W
D1507W,WHITE,20W
D1507W,WHITE,20W
D1507W,WHITE,20W
D1507W,WHITE,20W
D1507W,WHITE,20W
D1507W,WHITE,20W
D1507W,WHITE,20W
D1507W,WHITE,20W
D1507W,WHITE,20W
D1507W,WHITE,20W
D1507W,WHITE,20W
D1507W,WHITE,20W
D1507W,WHITE,20W
D1507W,WHITE,20W
D1507W,WHITE,20W
D1507W,WHITE,20W
D1507W,WHITE,20W
D1507W,WHITE,20W
D1507W,WHITE,20W
D1507W,WHITE,20W
D1507W,WHITE,20W
D1507W,WHITE,20W
D1507W,WHITE,20W
D1507W,WHITE,20W
D1507W,WHITE,22W
D1507W,WHITE,22W
D1507W,WHITE,22W
D1507W,WHITE,22W
D1507W,WHITE,22W
D1507W,WHITE,22W
D1507W,WHITE,22W
D1507W,WHITE,22W
D1507W,WHITE,22W
D1507W,WHITE,22W
D1507W,WHITE,22W
D1507W,WHITE,22W
D1507W,WHITE,22W
D1507W,WHITE,22W
D1507W,WHITE,22W
D1507W,WHITE,22W
D1507W,WHITE,22W
D1507W,WHITE,22W
D1507W,WHITE,22W
D1507W,WHITE,22W
D1507W,WHITE,24W
D1507W,WHITE,24W
D1507W,WHITE,24W
D1507W,WHITE,24W
D1507W,WHITE,24W
D1507W,WHITE,24W
D1507W,WHITE,24W
D1507W,WHITE,24W
D1507W,WHITE,24W
D1507W,WHITE,24W
D1507W,WHITE,24W
D1507W,WHITE,24W
D1507W,WHITE,24W
D1507W,WHITE,24W
D1507W,WHITE,24W
