style,color,url,index
0557, Black,https://dl.dropboxusercontent.com/s/9j4yr2fd8tt9cxt/0557%20Black.jpg?dl=0,0
0557, Red,https://dl.dropboxusercontent.com/s/o66svswbkyer8nf/0557%20Red.jpg?dl=0,0
0557, White,https://dl.dropboxusercontent.com/s/h2gyoaur2kdvfum/0557%20White.jpg?dl=0,0
0582, Silver,https://dl.dropboxusercontent.com/s/i379v4ejl425bp3/0582%20Silver.jpg?dl=0,0
0586, Black,https://dl.dropboxusercontent.com/s/s7bjppt95kb9uy0/0586%20Black.jpg?dl=0,0
0650, Chocolate,https://dl.dropboxusercontent.com/s/8gb1mmzrobrv4vs/0650%20Chocolate.jpg?dl=0,0
0650, Royal.JP,https://dl.dropboxusercontent.com/s/fhujzr5nbhirytq/0650%20Royal.JPG?dl=0,0
0650, Silver.JP,https://dl.dropboxusercontent.com/s/a21wt7w7nt6zocd/0650%20Silver.JPG?dl=0,0
0650, White,https://dl.dropboxusercontent.com/s/fe1mbvmnprvifhj/0650%20White.jpg?dl=0,0
0652, Black,https://dl.dropboxusercontent.com/s/33enx0bhojyb7y7/0652%20Black.jpg?dl=0,0
0652, Red,https://dl.dropboxusercontent.com/s/20pm6ztnekkbyrl/0652%20Red.jpg?dl=0,0
0654, Purple,https://dl.dropboxusercontent.com/s/34vdim8vxqkp503/0654%20Purple.jpg?dl=0,0
0654, Red,https://dl.dropboxusercontent.com/s/5voyqotwtbulnij/0654%20Red.jpg?dl=0,0
0654, Royal,https://dl.dropboxusercontent.com/s/q4jiq85xe9tvhpw/0654%20Royal.jpg?dl=0,0
0654, White,https://dl.dropboxusercontent.com/s/hzdxc0bma9voojg/0654%20White.jpg?dl=0,0
0655, Black,https://dl.dropboxusercontent.com/s/xjsbggf5xgsobjs/0655%20Black.jpg?dl=0,0
0655, Navy.JP,https://dl.dropboxusercontent.com/s/q1kyd77anad1e6z/0655%20Navy.JPG?dl=0,0
0655, Royal,https://dl.dropboxusercontent.com/s/z54edq7r56t6ec8/0655%20Royal.jpg?dl=0,0
0655, White,https://dl.dropboxusercontent.com/s/82x2hcn0twgv3wd/0655%20White.jpg?dl=0,0
0708, Black,https://dl.dropboxusercontent.com/s/47r32iciuq92obw/0708%20Black.jpg?dl=0,0
0709, Black,https://dl.dropboxusercontent.com/s/ks9c490g74m83gc/0709%20Black.jpg?dl=0,0
0710, Black,https://dl.dropboxusercontent.com/s/j541kqo2i2ri058/0710%20Black.jpg?dl=0,0
0710, Chocolate,https://dl.dropboxusercontent.com/s/004zqlcu1sqdwca/0710%20Chocolate.jpg?dl=0,0
0710, Ivory,https://dl.dropboxusercontent.com/s/1axbi9aoi9b0bqm/0710%20Ivory.jpg?dl=0,0
0710, Navy,https://dl.dropboxusercontent.com/s/6opx8glq93uhpt5/0710%20Navy.jpg?dl=0,0
0710, Royal,https://dl.dropboxusercontent.com/s/jq5vfy7gtqg0mip/0710%20Royal.jpg?dl=0,0
0710, White,https://dl.dropboxusercontent.com/s/ek85wjdbp0l2soy/0710%20White.jpg?dl=0,0
0711, Lime,https://dl.dropboxusercontent.com/s/uv9f8qi2nkwsnt2/0711%20Lime.jpg?dl=0,0
0711, Lime,https://dl.dropboxusercontent.com/s/9w1b0f5p5paeaqr/0711%20Lime_back.jpg?dl=0,back.jp
0711, Navy,https://dl.dropboxusercontent.com/s/39ofrb0o8iyheol/0711%20Navy.jpg?dl=0,0
0818, Fuchsia.JP,https://dl.dropboxusercontent.com/s/jsr418v64wqu48j/0818%20Fuchsia.JPG?dl=0,0
0818, Navy,https://dl.dropboxusercontent.com/s/6drg5i1m1tyl4mt/0818%20Navy.jpg?dl=0,0
0818, Navy,https://dl.dropboxusercontent.com/s/1irum12ptze8lzv/0818%20Navy_back.jpg?dl=0,back.jp
0822, Navy,https://dl.dropboxusercontent.com/s/qy0a9ekibhqcfnj/0822%20Navy.jpg?dl=0,0
0822, Peach,https://dl.dropboxusercontent.com/s/p7ddw3fg62juvez/0822%20Peach.jpg?dl=0,0
0822, Peach,https://dl.dropboxusercontent.com/s/ydxsxsaoqgbgaam/0822%20Peach_back.jpg?dl=0,back.jp
0823, Black,https://dl.dropboxusercontent.com/s/xmn3c9281j6kkp8/0823%20Black.jpg?dl=0,0
0823, Chocolate,https://dl.dropboxusercontent.com/s/n1tjqs3ve3nkppo/0823%20Chocolate.jpg?dl=0,0
0823, Navy,https://dl.dropboxusercontent.com/s/uwuuolo3wj622t3/0823%20Navy.jpg?dl=0,0
0823, Purple,https://dl.dropboxusercontent.com/s/qmker33mbgrxk23/0823%20Purple.jpg?dl=0,0
0823, Red,https://dl.dropboxusercontent.com/s/zy5vk96g6p53c3p/0823%20Red.jpg?dl=0,0
0823, Royal,https://dl.dropboxusercontent.com/s/pwicr4c4wqrkfq9/0823%20Royal.jpg?dl=0,0
0823, Silver,https://dl.dropboxusercontent.com/s/ic03poiryrea7wq/0823%20Silver.jpg?dl=0,0
0823, White,https://dl.dropboxusercontent.com/s/mrcpk8ycictkbhr/0823%20White.jpg?dl=0,0
0824, Black,https://dl.dropboxusercontent.com/s/imkjz58e61xuavt/0824%20Black.jpg?dl=0,0
0824, Cranberry,https://dl.dropboxusercontent.com/s/1cs1vjmvqgw2rt3/0824%20Cranberry.jpg?dl=0,0
0824, Plum,https://dl.dropboxusercontent.com/s/ga7fjc70jnpsrqi/0824%20Plum.jpg?dl=0,0
0824, Royal,https://dl.dropboxusercontent.com/s/uvtdhtlyu9ut510/0824%20Royal.jpg?dl=0,0
0824, Silver,https://dl.dropboxusercontent.com/s/2yanlio4com4n3o/0824%20Silver.jpg?dl=0,0
0824, White,https://dl.dropboxusercontent.com/s/9jz7rfdo50c9lad/0824%20White.jpg?dl=0,0
0825, Black,https://dl.dropboxusercontent.com/s/3blfvhe1l5tpqfx/0825%20Black.jpg?dl=0,0
0825, Chocolate,https://dl.dropboxusercontent.com/s/54u5yb0jh77etc0/0825%20Chocolate.jpg?dl=0,0
0825, Chocolate,https://dl.dropboxusercontent.com/s/znr9f1puwqv19f1/0825%20Chocolate_back.jpg?dl=0,back.jp
0826, Black,https://dl.dropboxusercontent.com/s/r2ufywg025b5tgf/0826%20Black.jpg?dl=0,0
0826, Black,https://dl.dropboxusercontent.com/s/bzf7la7fpd3rbo8/0826%20Black_back.jpg?dl=0,back.jp
0826, White,https://dl.dropboxusercontent.com/s/rovtg67gnsmvcn4/0826%20White.jpg?dl=0,0
0867, Black,https://dl.dropboxusercontent.com/s/3v4nw1o202s6psi/0867%20Black.jpg?dl=0,0
0867, Black,https://dl.dropboxusercontent.com/s/watowbjvglpfu72/0867%20Black_back.jpg?dl=0,back.jp
0867, White,https://dl.dropboxusercontent.com/s/o5vmoyc0241meii/0867%20White.jpg?dl=0,0
0875, Peacock,https://dl.dropboxusercontent.com/s/qzhpoknv6svi3a0/0875%20Peacock.jpg?dl=0,0
0877, Blue,https://dl.dropboxusercontent.com/s/j7u0jmndrefqa57/0877%20Blue_back.jpg?dl=0,back.jp
0877, Navy,https://dl.dropboxusercontent.com/s/jz188k6vgakqk7w/0877%20Navy.jpg?dl=0,0
0877, Navy,https://dl.dropboxusercontent.com/s/s6f3qtkkmn6llrg/0877%20Navy_cami.jpg?dl=0,cami.jp
0877, White,https://dl.dropboxusercontent.com/s/z41gzxl3rd6pu9f/0877%20White.jpg?dl=0,0
0888, Sapphire,https://dl.dropboxusercontent.com/s/lmwh30cdasv9z7d/0888%20Sapphire.jpg?dl=0,0
0888, Sapphire,https://dl.dropboxusercontent.com/s/mc5go4vxn5wjumd/0888%20Sapphire_back.jpg?dl=0,back.jp
0888, Silver,https://dl.dropboxusercontent.com/s/ebtbmo41gztyeti/0888%20Silver.jpg?dl=0,0
0888, White,https://dl.dropboxusercontent.com/s/hsrym11krdrf7nf/0888%20White.jpg?dl=0,0
0889, Aqua blue,https://dl.dropboxusercontent.com/s/5z7vifeu7myhjpt/0889%20Aqua%20blue.jpg?dl=0,0
0889, Aqua blue,https://dl.dropboxusercontent.com/s/to55aajs78kp434/0889%20Aqua%20blue_back.jpg?dl=0,back.jp
0889, Coral pink,https://dl.dropboxusercontent.com/s/815z9fy23b5r9nf/0889%20Coral%20pink.jpg?dl=0,0
0889, White,https://dl.dropboxusercontent.com/s/6ah075e0f94mk2u/0889%20White.jpg?dl=0,0
0895, B. Orange,https://dl.dropboxusercontent.com/s/h3a49anebrqkhxz/0895%20B.%20Orange.jpg?dl=0,0
0895, Silver,https://dl.dropboxusercontent.com/s/l45sxjnoj64ip6a/0895%20Silver.jpg?dl=0,0
0895, Silver,https://dl.dropboxusercontent.com/s/lu6njy692ljfiqh/0895%20Silver_back.jpg?dl=0,back.jp
0895, White,https://dl.dropboxusercontent.com/s/785hxy1ggmtfit5/0895%20White.jpg?dl=0,0
0898, Seafoam,https://dl.dropboxusercontent.com/s/542syiwpdzhxb5z/0898%20Seafoam.jpg?dl=0,0
0898, White,https://dl.dropboxusercontent.com/s/b04nlqgvjfjetug/0898%20White.jpg?dl=0,0
0899, Seafoam,https://dl.dropboxusercontent.com/s/e5v2mh2q2m285so/0899%20Seafoam.jpg?dl=0,0
0899, Seafoam,https://dl.dropboxusercontent.com/s/fr1zg2894q49tbs/0899%20Seafoam_back.jpg?dl=0,back.jp
0899, White,https://dl.dropboxusercontent.com/s/zfd22wq424mf7wa/0899%20White_1.jpg?dl=0,1.jp
0899, White,https://dl.dropboxusercontent.com/s/mp0s1x4mhub76ir/0899%20White_2.jpg?dl=0,2.jp
0906, White-turq,https://dl.dropboxusercontent.com/s/hfn61ldbn4liv4p/0906%20White-turq_back.jpg?dl=0,back.jp
0906, White-turq,https://dl.dropboxusercontent.com/s/naztzleob1to9ki/0906%20White-turq_cami.jpg?dl=0,cami.jp
0907, Champagne,https://dl.dropboxusercontent.com/s/8nr39of0ag0u3pf/0907%20Champagne.jpg?dl=0,0
0907, Emerald,https://dl.dropboxusercontent.com/s/vrpnigxyvgj70ie/0907%20Emerald.jpg?dl=0,0
0907, Emerald,https://dl.dropboxusercontent.com/s/1v1b0v1xknirhv3/0907%20Emerald_back.jpg?dl=0,back.jp
0908, Champagne,https://dl.dropboxusercontent.com/s/533hjnzhqd8zyxl/0908%20Champagne.jpg?dl=0,0
0908, Emerald,https://dl.dropboxusercontent.com/s/739f4hune7p51ov/0908%20Emerald.jpg?dl=0,0
0908, Emerald,https://dl.dropboxusercontent.com/s/qqfg2ly2itun8jt/0908%20Emerald_back.jpg?dl=0,back.jp
0910, Black-wht Dot,https://dl.dropboxusercontent.com/s/e6ko5plcnfoz9py/0910%20Black-wht%20Dot.jpg?dl=0,0
0910, Black-wht Dot,https://dl.dropboxusercontent.com/s/blrhc9v799nq6hk/0910%20Black-wht%20Dot_back.jpg?dl=0,back.jp
0913, White,https://dl.dropboxusercontent.com/s/bc5z9pyn4z07qpd/0913%20White.jpg?dl=0,0
0913, White,https://dl.dropboxusercontent.com/s/68sfuk61jhc8std/0913%20White_back.jpg?dl=0,back.jp
0918, Navy,https://dl.dropboxusercontent.com/s/civoo6a77y1sojs/0918%20Navy.jpg?dl=0,0
0918, Navy,https://dl.dropboxusercontent.com/s/1zk1r0gnzr2xpmu/0918%20Navy_back.jpg?dl=0,back.jp
0886, Royal-black,https://dl.dropboxusercontent.com/s/1vuz31wwgft9rkm/0886%20Royal-black.jpg?dl=0,0
0708, Navy,https://dl.dropboxusercontent.com/s/ovp37ydptxgo95d/0708%20Navy.jpg?dl=0,0
0903, White,https://dl.dropboxusercontent.com/s/f0ewygcybe0e5lo/0903%20White.jpg?dl=0,0
0653, White,https://dl.dropboxusercontent.com/s/vb0l3iy2bre1nt8/0653%20White.jpg?dl=0,0
0653, White,https://dl.dropboxusercontent.com/s/1iy1fo9m4a0c4h9/0653%20White_back.jpg?dl=0,back.jp
0711, Fuchsia,https://dl.dropboxusercontent.com/s/4cyp1i3z0qjsxjy/0711%20Fuchsia.jpg?dl=0,0
#0708, Navy,https://dl.dropboxusercontent.com/s/3ztjcrausfwu1qb/%230708%20Navy_Need%20to%20change%20button%20color.jpg?dl=0,Need to change button color.jp
0708, White,https://dl.dropboxusercontent.com/s/2q3ugj96d1it1sh/0708%20White.jpg?dl=0,0
0886, Royal black,https://dl.dropboxusercontent.com/s/oyx9618lrx3rrf7/0886%20Royal%20black.jpg?dl=0,0
0888, Sapphire-teal,https://dl.dropboxusercontent.com/s/ngea8w8v48n2z3l/0888%20Sapphire-teal.jpg?dl=0,0
0888, Sapphire-teal,https://dl.dropboxusercontent.com/s/7rdkushl4zne79b/0888%20Sapphire-teal_back.jpg?dl=0,back.jp
0707, White,https://dl.dropboxusercontent.com/s/zsduik6ao8f59da/0707%20White.jpg?dl=0,0
0707, White,https://dl.dropboxusercontent.com/s/q1jpwi1m9xj1j97/0707%20White_back.jpg?dl=0,back.jp
0707, White,https://dl.dropboxusercontent.com/s/0v8r65kek9w5qct/0707%20White_cami.jpg?dl=0,cami.jp
0919, Fuchsia,https://dl.dropboxusercontent.com/s/tmdc8cyz2943a7k/0919%20Fuchsia_back.jpg?dl=0,back.jp
0919, Black,https://dl.dropboxusercontent.com/s/1gpwkl6rwcdddvf/0919%20Black_1.jpg?dl=0,1.jp
0919, Black,https://dl.dropboxusercontent.com/s/kwe3s2i82ksw1zk/0919%20Black_2.jpg?dl=0,2.jp
0919, Fuchsia,https://dl.dropboxusercontent.com/s/5csnlxg4s9mlm02/0919%20Fuchsia.jpg?dl=0,0
0920, White,https://dl.dropboxusercontent.com/s/1l6kxubzle5o8gt/0920%20White_back.jpg?dl=0,back.jp
0920, Black,https://dl.dropboxusercontent.com/s/xfjask96idw0r5v/0920%20Black_1.jpg?dl=0,1.jp
0920, Black,https://dl.dropboxusercontent.com/s/5v2l5o0ikic00tp/0920%20Black_2.jpg?dl=0,2.jp
0920, White,https://dl.dropboxusercontent.com/s/sbydq34aag992bn/0920%20White.jpg?dl=0,0
0653, Black,https://dl.dropboxusercontent.com/s/rqr7woofyq6enaz/0653%20Black.jpg?dl=0,0
0654, Black,https://dl.dropboxusercontent.com/s/blb68fdjgsx2ktv/0654%20Black.jpg?dl=0,0
0921, Black,https://dl.dropboxusercontent.com/s/5f7klwwwga92gl8/0921%20Black_1.jpg?dl=0,1.jp
0921, Black,https://dl.dropboxusercontent.com/s/17mt162onenwqd5/0921%20Black_2.jpg?dl=0,2.jp
0921, Black,https://dl.dropboxusercontent.com/s/61wziyx9rrcp52j/0921%20Black_dress.jpg?dl=0,dress.jp
0921, White,https://dl.dropboxusercontent.com/s/3nwmeg9u61sus1m/0921%20White.jpg?dl=0,0
0921, White,https://dl.dropboxusercontent.com/s/ctrk9e1ul327oo4/0921%20White_back.jpg?dl=0,back.jp
0921, White,https://dl.dropboxusercontent.com/s/ghpnhdep7ta44dr/0921%20White_dress.jpg?dl=0,dress.jp
0929, White,https://dl.dropboxusercontent.com/s/lxr2cxhkr55x8jd/0929%20White_back.jpg?dl=0,back.jp
0928, Violet,https://dl.dropboxusercontent.com/s/clergr1ia95ksp5/0928%20Violet.jpg?dl=0,0
0928, Violet,https://dl.dropboxusercontent.com/s/cl8iul6e4n8us5x/0928%20Violet_back.jpg?dl=0,back.jp
0929, White,https://dl.dropboxusercontent.com/s/ilwxczgwicc88ru/0929%20White.jpg?dl=0,0
0652, Emerald,https://dl.dropboxusercontent.com/s/gzpykyavtk7w97n/0652%20Emerald.jpg?dl=0,0
0652, Emerald,https://dl.dropboxusercontent.com/s/5zdiyxbtdqra6fe/0652%20Emerald_back.jpg?dl=0,back.jp
0709, Emerald,https://dl.dropboxusercontent.com/s/mmcnlfbb7p2e8o6/0709%20Emerald_back.jpg?dl=0,back.jp
0912, Blue,https://dl.dropboxusercontent.com/s/s07lhn03an2u5o2/0912%20Blue.jpg?dl=0,0
0912, Blue,https://dl.dropboxusercontent.com/s/h04scxuun49u76g/0912%20Blue_back.jpg?dl=0,back.jp
0912, White,https://dl.dropboxusercontent.com/s/ffz04vz5cdh8nop/0912%20White.jpg?dl=0,0
0914, White,https://dl.dropboxusercontent.com/s/ls46qcdenwbthef/0914%20White.jpg?dl=0,0
0914, Yellow,https://dl.dropboxusercontent.com/s/4hkbqlizslbnxun/0914%20Yellow_back.jpg?dl=0,back.jp
0650, Black,https://dl.dropboxusercontent.com/s/ap75huusnptps0s/0650%20Black_back.jpg?dl=0,back.jp
0915, Blue,https://dl.dropboxusercontent.com/s/lrcael1yy6bqpjx/0915%20Blue.jpg?dl=0,0
0915, Blue,https://dl.dropboxusercontent.com/s/k6ioebmc5cqmnyj/0915%20Blue_back.jpg?dl=0,back.jp
0915, Blue,https://dl.dropboxusercontent.com/s/bmx2kuphe7lpbir/0915%20Blue_dress%20back.jpg?dl=0,dress back.jp
0915, Blue,https://dl.dropboxusercontent.com/s/9yd3ylrv4sc0h5e/0915%20Blue_dress.jpg?dl=0,dress.jp
0915, White,https://dl.dropboxusercontent.com/s/y4asbk0rm5vopmo/0915%20White.jpg?dl=0,0
0915, Yellow,https://dl.dropboxusercontent.com/s/qudh8xsv7oboxpc/0915%20Yellow.jpg?dl=0,0
0915, Yellow,https://dl.dropboxusercontent.com/s/160uyww28hp83sg/0915%20Yellow_dress.jpg?dl=0,dress.jp
0709, Emerald,https://dl.dropboxusercontent.com/s/kc9u4zx7zurgvtd/0709%20Emerald.jpg?dl=0,0
0709, Red,https://dl.dropboxusercontent.com/s/lie444kg49djk3j/0709%20Red.jpg?dl=0,0
0650, Black,https://dl.dropboxusercontent.com/s/yjoca4tktyigx2x/0650%20Black.jpg?dl=0,0
0867, Chocolate,https://dl.dropboxusercontent.com/s/c0h172l8me7cwlh/0867%20Chocolate.jpg?dl=0,0
0825, White,https://dl.dropboxusercontent.com/s/9pniqn89lwmv7nt/0825%20White.jpg?dl=0,0
0929, Hot Pink,https://dl.dropboxusercontent.com/s/ywznoilrjs55gpw/0929%20Hot%20Pink.jpg?dl=0,0
0929, Turq,https://dl.dropboxusercontent.com/s/r0dcst8lys37rt3/0929%20Turq.jpg?dl=0,0
0930, Orange Red,https://dl.dropboxusercontent.com/s/q8h57owkqpz1x88/0930%20Orange%20Red.jpg?dl=0,0
0902, Blue,https://dl.dropboxusercontent.com/s/q7vko7ju5rz1mx1/0902%20Blue_back.jpg?dl=0,back.jp
0902, Pink,https://dl.dropboxusercontent.com/s/g2tm881c76unhzn/0902%20Pink.jpg?dl=0,0
0901, Ivory,https://dl.dropboxusercontent.com/s/c3xj96ly1tkib35/0901%20Ivory_dress.jpg?dl=0,dress.jp
0902, Blue,https://dl.dropboxusercontent.com/s/avpdwybgkfxqnx8/0902%20Blue.jpg?dl=0,0
0906, White-navy,https://dl.dropboxusercontent.com/s/ltirg9suz96kjxp/0906%20White-navy_cami.jpg?dl=0,cami.jp
0910, Coral-white,https://dl.dropboxusercontent.com/s/e55lo33gq200us5/0910%20Coral-white.jpg?dl=0,0
0915, Yellow,https://dl.dropboxusercontent.com/s/fgcf0jdxm9g7ncg/0915%20Yellow_1.jpg?dl=0,1.jp
0927, Ocean Blue,https://dl.dropboxusercontent.com/s/9nutgiedfizuylo/0927%20Ocean%20Blue.jpg?dl=0,0
0927, Violet,https://dl.dropboxusercontent.com/s/ezb090if0z9gz32/0927%20Violet.jpg?dl=0,0
0928, Ocean Blue,https://dl.dropboxusercontent.com/s/vksi72p0rtowbt4/0928%20Ocean%20Blue.jpg?dl=0,0
0901, Champagne,https://dl.dropboxusercontent.com/s/s06c9st93rymnko/0901%20Champagne.jpg?dl=0,0
0901, Ivory,https://dl.dropboxusercontent.com/s/0067sskpqojiih7/0901%20Ivory.jpg?dl=0,0
0903, Black,https://dl.dropboxusercontent.com/s/6b82tz5500kysel/0903%20Black.jpg?dl=0,0
0906, White-navy,https://dl.dropboxusercontent.com/s/m948dcmk86oz99u/0906%20White-navy.jpg?dl=0,0
0906, White-turq,https://dl.dropboxusercontent.com/s/0cgixca49kh5065/0906%20White-turq.jpg?dl=0,0
0914, Yellow,https://dl.dropboxusercontent.com/s/8h7jq16gvp93de0/0914%20Yellow.jpg?dl=0,0
D1319, Purple,https://dl.dropboxusercontent.com/s/hakh07mo0fi5dah/D1319%20Purple.jpg?dl=0,0
D1320, Mustard Gold,https://dl.dropboxusercontent.com/s/3ou2mkbmy5md4s5/D1320%20Mustard%20Gold.jpg?dl=0,0
D1320, Olive,https://dl.dropboxusercontent.com/s/5fwcyd9txckmrdz/D1320%20Olive.jpg?dl=0,0
D1320, Royal,https://dl.dropboxusercontent.com/s/5vd5r5mr2l9lawl/D1320%20Royal.jpg?dl=0,0
D1321, Black,https://dl.dropboxusercontent.com/s/cmc8m86z19addg8/D1321%20Black.jpg?dl=0,0
D1321, White,https://dl.dropboxusercontent.com/s/vckfvf9t1splfrr/D1321%20White.jpg?dl=0,0
D1322, Denim Dot,https://dl.dropboxusercontent.com/s/dtoyj71dfpi9q21/D1322%20Denim%20Dot.jpg?dl=0,0
D1323, Silver,https://dl.dropboxusercontent.com/s/i7fi69s701snpxd/D1323%20Silver.jpg?dl=0,0
D1323, White,https://dl.dropboxusercontent.com/s/k8r4hj4rpm059zt/D1323%20White.jpg?dl=0,0
D1324, Denim Dot,https://dl.dropboxusercontent.com/s/4mgtebxabbce8in/D1324%20Denim%20Dot.jpg?dl=0,0
D1325, Denim Dot,https://dl.dropboxusercontent.com/s/ivsmvgh2qyyeh52/D1325%20Denim%20Dot.jpg?dl=0,0
D1326P, Blue print,https://dl.dropboxusercontent.com/s/frkk0jmqu8oozr5/D1326P%20Blue%20print.jpg?dl=0,0
D1326P, Yellow print,https://dl.dropboxusercontent.com/s/d4gqk9fdyvcbmlz/D1326P%20Yellow%20print.jpg?dl=0,0
D1327, Green-pink,https://dl.dropboxusercontent.com/s/mjxv8g09ezkiam3/D1327%20Green-pink.jpg?dl=0,0
D1327, Green-yellow,https://dl.dropboxusercontent.com/s/w8num41i57qvxcd/D1327%20Green-yellow.jpg?dl=0,0
D1328, Champagne,https://dl.dropboxusercontent.com/s/fgtwi8jklr0r5jc/D1328%20Champagne.jpg?dl=0,0
D1328, Champagne,https://dl.dropboxusercontent.com/s/158t96gnexdsn54/D1328%20Champagne_back.jpg?dl=0,back.jp
D1329, Aqua blue,https://dl.dropboxusercontent.com/s/6qhlnzc8313axa0/D1329%20Aqua%20blue.jpg?dl=0,0
D1329, Aqua blue,https://dl.dropboxusercontent.com/s/xnfc3eda57l5wnq/D1329%20Aqua%20blue_back.jpg?dl=0,back.jp
D1329, Coral pink,https://dl.dropboxusercontent.com/s/k7syuwntqte1u22/D1329%20Coral%20pink.jpg?dl=0,0
D1329, White,https://dl.dropboxusercontent.com/s/l1qgpid43bihev1/D1329%20White.jpg?dl=0,0
D1329, White,https://dl.dropboxusercontent.com/s/u07z45rscjohfgh/D1329%20White_back.jpg?dl=0,back.jp
D1329, White,https://dl.dropboxusercontent.com/s/5nia0mzms3yb9x0/D1329%20White_dress.jpg?dl=0,dress.jp
D1331, Brick,https://dl.dropboxusercontent.com/s/q42mplg7e219jyb/D1331%20Brick.jpg?dl=0,0
D1331, Purple,https://dl.dropboxusercontent.com/s/jteqrqxtr0vwqlu/D1331%20Purple.jpg?dl=0,0
D1331, Rainbow,https://dl.dropboxusercontent.com/s/asddjvckd45tkwp/D1331%20Rainbow.jpg?dl=0,0
D1331, Royal,https://dl.dropboxusercontent.com/s/twjwj7bnfngitks/D1331%20Royal.jpg?dl=0,0
D1332, Black-wht,https://dl.dropboxusercontent.com/s/wktouvfupr30k1i/D1332%20Black-wht.jpg?dl=0,0
D1332, Black,https://dl.dropboxusercontent.com/s/4dj1h9350bm7svx/D1332%20Black.jpg?dl=0,0
D1332, Black,https://dl.dropboxusercontent.com/s/2zs4267jpqunh63/D1332%20Black_back.jpg?dl=0,back.jp
D1332, White,https://dl.dropboxusercontent.com/s/fwywtqlgcp3gy45/D1332%20White.jpg?dl=0,0
D1333, Ivory,https://dl.dropboxusercontent.com/s/t4i42gcv3jjlipe/D1333%20Ivory.jpg?dl=0,0
D1333, Lavender,https://dl.dropboxusercontent.com/s/1h9la7qk2j6ahnd/D1333%20Lavender.jpg?dl=0,0
D1333, Lavender,https://dl.dropboxusercontent.com/s/ljq3hml5dvmay7v/D1333%20Lavender_back.jpg?dl=0,back.jp
D1333, Navy,https://dl.dropboxusercontent.com/s/zdhaj7sxerxvd9u/D1333%20Navy_1.jpg?dl=0,1.jp
D1333, Navy,https://dl.dropboxusercontent.com/s/hl0xmcvvw7dkqcp/D1333%20Navy_2.jpg?dl=0,2.jp
D1334, Navy,https://dl.dropboxusercontent.com/s/773jov1q02m4j28/D1334%20Navy.jpg?dl=0,0
D1334, Navy,https://dl.dropboxusercontent.com/s/l48tcy3lt93c9yh/D1334%20Navy_dress.jpg?dl=0,dress.jp
D1334, Purple,https://dl.dropboxusercontent.com/s/aq0za8vux6pfgd8/D1334%20Purple.jpg?dl=0,0
D1335, White-blk,https://dl.dropboxusercontent.com/s/nxcgmrt4zyo4zmx/D1335%20White-blk.jpg?dl=0,0
D1336, White-blk,https://dl.dropboxusercontent.com/s/vdv7f6vah7m0218/D1336%20White-blk.jpg?dl=0,0
D1337, Multi,https://dl.dropboxusercontent.com/s/tbn9b7w9acq6roi/D1337%20Multi.jpg?dl=0,0
D1338, Black-wht,https://dl.dropboxusercontent.com/s/j4jh8sk5p4g4e7w/D1338%20Black-wht.jpg?dl=0,0
D1339, Gold-royal,https://dl.dropboxusercontent.com/s/o4gzje41r6xarsm/D1339%20Gold-royal.jpg?dl=0,0
D1340, Gold-red-blk,https://dl.dropboxusercontent.com/s/k65i6s4ji1y4lk9/D1340%20Gold-red-blk_1.jpg?dl=0,1.jp
D1340, Gold-red-blk,https://dl.dropboxusercontent.com/s/eqdvac1gf9jj9gg/D1340%20Gold-red-blk_2.jpg?dl=0,2.jp
D1341, Orange multi,https://dl.dropboxusercontent.com/s/jmfu09p8gfubuem/D1341%20Orange%20multi.jpg?dl=0,0
D1341, Seafoam + Orange,https://dl.dropboxusercontent.com/s/2ncrr7ooy32n85l/D1341%20Seafoam%20%2B%20Orange_dress.jpg?dl=0,dress.jp
D1341, Seafoam multi,https://dl.dropboxusercontent.com/s/rdy9upax3qiu636/D1341%20Seafoam%20multi.jpg?dl=0,0
D1341, Seafoam,https://dl.dropboxusercontent.com/s/njv5pztippg2ss5/D1341%20Seafoam_back.jpg?dl=0,back.jp
D1342, Black-red,https://dl.dropboxusercontent.com/s/okbqz00xtww6vff/D1342%20Black-red_1.jpg?dl=0,1.jp
D1342, Black-red,https://dl.dropboxusercontent.com/s/hwkl3yenmlhso35/D1342%20Black-red_2.jpg?dl=0,2.jp
D1342, White-royal,https://dl.dropboxusercontent.com/s/i401jh6suyq55cr/D1342%20White-royal_back.jpg?dl=0,back.jp
D1343, White,https://dl.dropboxusercontent.com/s/cl825kare4kzmfo/D1343%20White_1.jpg?dl=0,1.jp
D1343, White,https://dl.dropboxusercontent.com/s/g51j3kuorxq0mwb/D1343%20White_2.jpg?dl=0,2.jp
D1343, White,https://dl.dropboxusercontent.com/s/c7pyargadnugegg/D1343%20White_back.jpg?dl=0,back.jp
D1344, Gold-blk,https://dl.dropboxusercontent.com/s/crnmxob8pxmi7hf/D1344%20Gold-blk_1.jpg?dl=0,1.jp
D1344, Gold-blk,https://dl.dropboxusercontent.com/s/z59saj4578fxi0v/D1344%20Gold-blk_2.jpg?dl=0,2.jp
D1344, Gold-blk,https://dl.dropboxusercontent.com/s/t9w12lqjmla4dey/D1344%20Gold-blk_back.jpg?dl=0,back.jp
D1344, White,https://dl.dropboxusercontent.com/s/wd8g4pk2wvdk9yg/D1344%20White_1.jpg?dl=0,1.jp
D1344, White,https://dl.dropboxusercontent.com/s/8nqnh2uzshi8h08/D1344%20White_2.jpg?dl=0,2.jp
D1344, White,https://dl.dropboxusercontent.com/s/arrjc7zxzcvzvaq/D1344%20White_3.jpg?dl=0,3.jp
D1345, Gold,https://dl.dropboxusercontent.com/s/fq2ng7u02vw9t5z/D1345%20Gold.jpg?dl=0,0
D1345, Gold,https://dl.dropboxusercontent.com/s/fsoej1p88pnuhps/D1345%20Gold_dress.jpg?dl=0,dress.jp
D1345, Sapphire,https://dl.dropboxusercontent.com/s/ckmr4vwdzrqbf2s/D1345%20Sapphire_1.jpg?dl=0,1.jp
D1345, Sapphire,https://dl.dropboxusercontent.com/s/q5wkses8dylcc0l/D1345%20Sapphire_2.jpg?dl=0,2.jp
D1345, Sapphire,https://dl.dropboxusercontent.com/s/bv8b4xz31yww5h2/D1345%20Sapphire_back.jpg?dl=0,back.jp
D1345, White,https://dl.dropboxusercontent.com/s/q4k9bigh8hwus06/D1345%20White.jpg?dl=0,0
D1346, Black,https://dl.dropboxusercontent.com/s/u7pjl5tuw7eck1y/D1346%20Black.jpg?dl=0,0
D1346, White,https://dl.dropboxusercontent.com/s/61tvgvbax8pa7tz/D1346%20White.jpg?dl=0,0
D1348, Multi,https://dl.dropboxusercontent.com/s/v0cz0v4lcogwzcz/D1348%20Multi_back.jpg?dl=0,back.jp
D1349, Black-pink,https://dl.dropboxusercontent.com/s/7dinhmgnqi8qiqy/D1349%20Black-pink_1.jpg?dl=0,1.jp
D1349, Black-pink,https://dl.dropboxusercontent.com/s/1ngvftfb8h76i1s/D1349%20Black-pink_2.jpg?dl=0,2.jp
D1424, Burgundy,https://dl.dropboxusercontent.com/s/wn8zmhmrblgtcgp/D1424%20Burgundy.jpg?dl=0,0
D1424, Burgundy,https://dl.dropboxusercontent.com/s/y50dfyjvkp1tz76/D1424%20Burgundy_back.jpg?dl=0,back.jp
D1424, Champagne,https://dl.dropboxusercontent.com/s/uog3hwd2urp01m2/D1424%20Champagne_back.jpg?dl=0,back.jp
D1424, Champagne,https://dl.dropboxusercontent.com/s/8tw7r2kptaepcdy/D1424%20Champagne_dress.jpg?dl=0,dress.jp
D1424, Royal.JP,https://dl.dropboxusercontent.com/s/qaseg6mdzcy81n7/D1424%20Royal.JPG?dl=0,0
D1435, Black,https://dl.dropboxusercontent.com/s/fi983ck146fpijl/D1435%20Black.jpg?dl=0,0
D1435, Lavender,https://dl.dropboxusercontent.com/s/331ys5l9o6dagdj/D1435%20Lavender.jpg?dl=0,0
D1435, Purple,https://dl.dropboxusercontent.com/s/pwprzyptife0ifr/D1435%20Purple.jpg?dl=0,0
D1435, Sapphire,https://dl.dropboxusercontent.com/s/tmpzare2zn4ygiu/D1435%20Sapphire.jpg?dl=0,0
D1435, White,https://dl.dropboxusercontent.com/s/on35b114hzm6n3k/D1435%20White.jpg?dl=0,0
D1444, Black,https://dl.dropboxusercontent.com/s/fuw61isl4ze6s46/D1444%20Black.jpg?dl=0,0
D1446, Navy-wht,https://dl.dropboxusercontent.com/s/i6d2jq5miwlme53/D1446%20Navy-wht.jpg?dl=0,0
D1446, Red-black,https://dl.dropboxusercontent.com/s/7lmb432cjphhlqb/D1446%20Red-black.jpg?dl=0,0
D1446, White-blk,https://dl.dropboxusercontent.com/s/yf5h5oqjt1mmtqq/D1446%20White-blk.jpg?dl=0,0
D1449, Royal-blk,https://dl.dropboxusercontent.com/s/98uggjdv9ylm3vq/D1449%20Royal-blk.jpg?dl=0,0
D1449, Royal-blk,https://dl.dropboxusercontent.com/s/lcpfxqu5tdwatrd/D1449%20Royal-blk_dress.jpg?dl=0,dress.jp
D1450, Black,https://dl.dropboxusercontent.com/s/ucyis2kaunoso6a/D1450%20Black.jpg?dl=0,0
D1450, Ivory,https://dl.dropboxusercontent.com/s/eh9aaor6o95udce/D1450%20Ivory_1.jpg?dl=0,1.jp
D1450, Ivory,https://dl.dropboxusercontent.com/s/hjtnyjzt0gexme1/D1450%20Ivory_2.jpg?dl=0,2.jp
D1450, Lime,https://dl.dropboxusercontent.com/s/v203393j58420u6/D1450%20Lime.jpg?dl=0,0
D1450, Purple,https://dl.dropboxusercontent.com/s/zeg3w067ncng6c0/D1450%20Purple.jpg?dl=0,0
D1450, Royal,https://dl.dropboxusercontent.com/s/4p3xlbzzquij2p1/D1450%20Royal.jpg?dl=0,0
D1450, Royal,https://dl.dropboxusercontent.com/s/3z1my6re2vbg49f/D1450%20Royal_back.jpg?dl=0,back.jp
D1451, Black,https://dl.dropboxusercontent.com/s/4kvhcbwpgn6fb8o/D1451%20Black.jpg?dl=0,0
D1451, Cranberry,https://dl.dropboxusercontent.com/s/bk0epinjkzgqnm7/D1451%20Cranberry.jpg?dl=0,0
D1451, White,https://dl.dropboxusercontent.com/s/3r3l8ud0hkhx95s/D1451%20White.jpg?dl=0,0
D1453, Black,https://dl.dropboxusercontent.com/s/q28i2poge6vtchn/D1453%20Black.jpg?dl=0,0
D1453, Ice blue,https://dl.dropboxusercontent.com/s/srvql7hjbq9p944/D1453%20Ice%20blue.jpg?dl=0,0
D1453, Pink,https://dl.dropboxusercontent.com/s/1yn677oobhxuhye/D1453%20Pink.jpg?dl=0,0
D1453, White,https://dl.dropboxusercontent.com/s/e204voviz7vhxtv/D1453%20White.jpg?dl=0,0
D1455, Black,https://dl.dropboxusercontent.com/s/s37ewtnd7gfvcyn/D1455%20Black.jpg?dl=0,0
D1455, White,https://dl.dropboxusercontent.com/s/5amqjrnahy99a5g/D1455%20White.jpg?dl=0,0
D1457, White-blue,https://dl.dropboxusercontent.com/s/lefgq2e1855zye1/D1457%20White-blue.jpg?dl=0,0
D1457, White-pink,https://dl.dropboxusercontent.com/s/bxgm4rgkevbojp5/D1457%20White-pink.jpg?dl=0,0
D1458, Burgundy,https://dl.dropboxusercontent.com/s/6b9objx3clshmfy/D1458%20Burgundy.jpg?dl=0,0
D1458, Burgundy,https://dl.dropboxusercontent.com/s/fkqaamavybg1xit/D1458%20Burgundy_dress.jpg?dl=0,dress.jp
D1458, Green,https://dl.dropboxusercontent.com/s/8xjq354lt5zgp2o/D1458%20Green.jpg?dl=0,0
D1458, Navy,https://dl.dropboxusercontent.com/s/9vjoghwhqxm3w49/D1458%20Navy.jpg?dl=0,0
D1458, Pink,https://dl.dropboxusercontent.com/s/abki9w85hc1qc78/D1458%20Pink_1.jpg?dl=0,1.jp
D1458, Pink,https://dl.dropboxusercontent.com/s/p3ym517u95nw9kj/D1458%20Pink_2.jpg?dl=0,2.jp
D1458, White,https://dl.dropboxusercontent.com/s/3fg3ouukqir12tq/D1458%20White.jpg?dl=0,0
D1459, Denim blue,https://dl.dropboxusercontent.com/s/j7txjg030w5jar9/D1459%20Denim%20blue.jpg?dl=0,0
D1459, Denim blue,https://dl.dropboxusercontent.com/s/f3tfct7jubcplyu/D1459%20Denim%20blue_back.jpg?dl=0,back.jp
D1459, Orange,https://dl.dropboxusercontent.com/s/jgbjai12ehmbolv/D1459%20Orange.jpg?dl=0,0
D1462, Violet,https://dl.dropboxusercontent.com/s/ugs6kl383bx6yp0/D1462%20Violet.jpg?dl=0,0
D1463, Black,https://dl.dropboxusercontent.com/s/arhoh30tlamtwzp/D1463%20Black.jpg?dl=0,0
D1463, Black,https://dl.dropboxusercontent.com/s/7gnopn63kbikbpc/D1463%20Black_dress.jpg?dl=0,dress.jp
D1465, Jade,https://dl.dropboxusercontent.com/s/bl45sa6c0pj156e/D1465%20Jade.jpg?dl=0,0
D1467, Lilac-blk,https://dl.dropboxusercontent.com/s/pjmatdon8wk4jge/D1467%20Lilac-blk.jpg?dl=0,0
D1467, Orange-blk,https://dl.dropboxusercontent.com/s/rxp2ax9ge5g7aqx/D1467%20Orange-blk.jpg?dl=0,0
D1467, Orange-blk,https://dl.dropboxusercontent.com/s/x9rhdia78l2gl8r/D1467%20Orange-blk_back.jpg?dl=0,back.jp
D1468, Lime-wht,https://dl.dropboxusercontent.com/s/yldpadm2pyot7t1/D1468%20Lime-wht.jpg?dl=0,0
D1468, Pink-wht,https://dl.dropboxusercontent.com/s/ronozzmj2ssstkg/D1468%20Pink-wht.jpg?dl=0,0
D1468, Pink-wht,https://dl.dropboxusercontent.com/s/n3a2yxmpp9y5j9t/D1468%20Pink-wht_back.jpg?dl=0,back.jp
D1468, White,https://dl.dropboxusercontent.com/s/pzpivx0vqbbvt98/D1468%20White.jpg?dl=0,0
D1468, Yellow-wht,https://dl.dropboxusercontent.com/s/def57grisb9aeed/D1468%20Yellow-wht.jpg?dl=0,0
D1469, Gold-blk,https://dl.dropboxusercontent.com/s/ygfuiaez8dubjnw/D1469%20Gold-blk.jpg?dl=0,0
D1469, Red-blk,https://dl.dropboxusercontent.com/s/9shose8wvuez3yo/D1469%20Red-blk.jpg?dl=0,0
D1469, Red-blk,https://dl.dropboxusercontent.com/s/0psupz2jiavduze/D1469%20Red-blk_back.jpg?dl=0,back.jp
D1469, White,https://dl.dropboxusercontent.com/s/8y27iegc63rl1wj/D1469%20White.jpg?dl=0,0
D1472, Purple,https://dl.dropboxusercontent.com/s/5dd9nffqcw20wyq/D1472%20Purple.jpg?dl=0,0
D1472, Purple,https://dl.dropboxusercontent.com/s/t9ktm0j4qx5vmht/D1472%20Purple_back.jpg?dl=0,back.jp
D1473, Black,https://dl.dropboxusercontent.com/s/sysq2f6ouo4j38u/D1473%20Black_back.jpg?dl=0,back.jp
D1473, Black,https://dl.dropboxusercontent.com/s/eydlkiweor2laeb/D1473%20Black_dress.jpg?dl=0,dress.jp
D1474, Black,https://dl.dropboxusercontent.com/s/gug6d13fr7wx97g/D1474%20Black_1.jpg?dl=0,1.jp
D1474, Black,https://dl.dropboxusercontent.com/s/qdil03gwnk8bs1n/D1474%20Black_2.jpg?dl=0,2.jp
D1474, Ivory,https://dl.dropboxusercontent.com/s/d7p5iyqrppow475/D1474%20Ivory.jpg?dl=0,0
D1474, Ivory,https://dl.dropboxusercontent.com/s/rk1megvj2y9f2pu/D1474%20Ivory_back.jpg?dl=0,back.jp
D1475, Denim Blue,https://dl.dropboxusercontent.com/s/52ct2g59pi6v2sk/D1475%20Denim%20Blue_1.jpg?dl=0,1.jp
D1475, Denim Blue,https://dl.dropboxusercontent.com/s/7jqe3d02wr192vr/D1475%20Denim%20Blue_2.jpg?dl=0,2.jp
D1475, Khaki,https://dl.dropboxusercontent.com/s/28050t3x30hqjlh/D1475%20Khaki_1.jpg?dl=0,1.jp
D1475, Khaki,https://dl.dropboxusercontent.com/s/2t7xtqdrqszlpsm/D1475%20Khaki_2.jpg?dl=0,2.jp
D1475, Lavender,https://dl.dropboxusercontent.com/s/8nwd7rxz6zrefrd/D1475%20Lavender.jpg?dl=0,0
D1475, White,https://dl.dropboxusercontent.com/s/t4ah05dj5lws5qw/D1475%20White_1.jpg?dl=0,1.jp
D1475, White,https://dl.dropboxusercontent.com/s/oav096fz2tilym9/D1475%20White_2.jpg?dl=0,2.jp
D1476, Denim blue.JP,https://dl.dropboxusercontent.com/s/0cx8bczm5495b93/D1476%20Denim%20blue.JPG?dl=0,0
D1476, Lavender,https://dl.dropboxusercontent.com/s/xy07nu8ym4twxr0/D1476%20Lavender_1.jpg?dl=0,1.jp
D1476, Lavender,https://dl.dropboxusercontent.com/s/9ctpbofitt2j2yz/D1476%20Lavender_2.jpg?dl=0,2.jp
D1476, Lavender,https://dl.dropboxusercontent.com/s/pxq02jsu7cfkl6o/D1476%20Lavender_3.jpg?dl=0,3.jp
D1476, Lavender,https://dl.dropboxusercontent.com/s/vqfdvapz17jse7g/D1476%20Lavender_4.jpg?dl=0,4.jp
D1476, Lavender,https://dl.dropboxusercontent.com/s/rwrt9k66x4obvt2/D1476%20Lavender_5.jpg?dl=0,5.jp
D1477, Denim blue.JP,https://dl.dropboxusercontent.com/s/v814sgqykshi5dc/D1477%20Denim%20blue.JPG?dl=0,0
D1477, Pink,https://dl.dropboxusercontent.com/s/zbu30vx9ocv08mc/D1477%20Pink.jpg?dl=0,0
D1477, White,https://dl.dropboxusercontent.com/s/uxv7j04s1h3qhh5/D1477%20White.jpg?dl=0,0
D1477, White,https://dl.dropboxusercontent.com/s/sl06w0chhtbto0y/D1477%20White_back.jpg?dl=0,back.jp
D1478, Ice blue,https://dl.dropboxusercontent.com/s/5t38gfuoj85tb1k/D1478%20Ice%20blue.jpg?dl=0,0
D1479, Ice blue,https://dl.dropboxusercontent.com/s/1pqc8elno0xjjd5/D1479%20Ice%20blue.jpg?dl=0,0
D1479, Purple,https://dl.dropboxusercontent.com/s/wkphcmkbrlfrnty/D1479%20Purple_dress.jpg?dl=0,dress.jp
D1481, Hot Pink,https://dl.dropboxusercontent.com/s/54rdh43aimocwwy/D1481%20Hot%20Pink.jpg?dl=0,0
D1481, White,https://dl.dropboxusercontent.com/s/yu4e2pax97rnxmy/D1481%20White.jpg?dl=0,0
D1482, Lemon yellow,https://dl.dropboxusercontent.com/s/aivt5ripomg856e/D1482%20Lemon%20yellow.jpg?dl=0,0
D1482, Lilac,https://dl.dropboxusercontent.com/s/70gunp1l5d2158h/D1482%20Lilac.jpg?dl=0,0
D1482, Lilac,https://dl.dropboxusercontent.com/s/af63d76korb4me2/D1482%20Lilac_back.jpg?dl=0,back.jp
D1482, White,https://dl.dropboxusercontent.com/s/rou9zfnnc8rht8t/D1482%20White.jpg?dl=0,0
D1483, Black-green,https://dl.dropboxusercontent.com/s/dgmaug8ox13co7b/D1483%20Black-green.jpg?dl=0,0
D1483, White-blk,https://dl.dropboxusercontent.com/s/5ouqht9qws2x7gj/D1483%20White-blk_1.jpg?dl=0,1.jp
D1483, White-blk,https://dl.dropboxusercontent.com/s/tmr45rdr2fbq423/D1483%20White-blk_2.jpg?dl=0,2.jp
D1483, White-lav,https://dl.dropboxusercontent.com/s/229acy6biit8l9f/D1483%20White-lav.jpg?dl=0,0
D1484, Lemon yellow,https://dl.dropboxusercontent.com/s/2g5d3v8z0itpya2/D1484%20Lemon%20yellow.jpg?dl=0,0
D1484, Lemon yellow,https://dl.dropboxusercontent.com/s/jk3qx20l1hqyscy/D1484%20Lemon%20yellow_back.jpg?dl=0,back.jp
D1484, Lime,https://dl.dropboxusercontent.com/s/yqzuq40qstmsiws/D1484%20Lime.jpg?dl=0,0
D1484, White,https://dl.dropboxusercontent.com/s/4ecly5r1fxru1hn/D1484%20White.jpg?dl=0,0
D1485, Dk. Lime,https://dl.dropboxusercontent.com/s/2j0tuipu25348uo/D1485%20Dk.%20Lime.jpg?dl=0,0
D1485, Ice blue,https://dl.dropboxusercontent.com/s/6m64we9hyfxivxf/D1485%20Ice%20blue.jpg?dl=0,0
D1485, Ice blue,https://dl.dropboxusercontent.com/s/o00tfrgm9bcppx1/D1485%20Ice%20blue_back.jpg?dl=0,back.jp
D1485, Rose pink,https://dl.dropboxusercontent.com/s/foitqlrjqic0p6o/D1485%20Rose%20pink.jpg?dl=0,0
D1485, Rose Pink,https://dl.dropboxusercontent.com/s/kjq2oovwpg2679r/D1485%20Rose%20Pink_back.jpg?dl=0,back.jp
D1485, White,https://dl.dropboxusercontent.com/s/7bh4wj47r4x4jyt/D1485%20White.jpg?dl=0,0
D1486, Navy.JP,https://dl.dropboxusercontent.com/s/6lcmtd9owfvbcc0/D1486%20Navy.JPG?dl=0,0
D1486, White,https://dl.dropboxusercontent.com/s/zuxd3w9i3oik4ka/D1486%20White.jpg?dl=0,0
D1486, White,https://dl.dropboxusercontent.com/s/bgq24s9r5h9l82t/D1486%20White_back.jpg?dl=0,back.jp
D1488, Purple-turq,https://dl.dropboxusercontent.com/s/88pfllokl7f5gdd/D1488%20Purple-turq.jpg?dl=0,0
D1489, Denim blue,https://dl.dropboxusercontent.com/s/mmeh2s7igco6fmp/D1489%20Denim%20blue.jpg?dl=0,0
D1489, Denim blue,https://dl.dropboxusercontent.com/s/r1rlyxq1jjm0hyd/D1489%20Denim%20blue_back.jpg?dl=0,back.jp
D1489, Pink,https://dl.dropboxusercontent.com/s/749e7mnmg1pyuj7/D1489%20Pink.jpg?dl=0,0
D1490, White,https://dl.dropboxusercontent.com/s/c7so0ce3ancofbh/D1490%20White_1.jpg?dl=0,1.jp
D1490, White,https://dl.dropboxusercontent.com/s/ejoknoy5nod07n7/D1490%20White_2.jpg?dl=0,2.jp
D1490, White,https://dl.dropboxusercontent.com/s/3jpwo9q1dvwwey3/D1490%20White_back.jpg?dl=0,back.jp
D1491, Champagne,https://dl.dropboxusercontent.com/s/7s5vmxjtzqez1kb/D1491%20Champagne.jpg?dl=0,0
D1491, Champagne,https://dl.dropboxusercontent.com/s/qimz8zmwmd1aehp/D1491%20Champagne_back.jpg?dl=0,back.jp
D1492, Lime green,https://dl.dropboxusercontent.com/s/08u3qmyxalud68q/D1492%20Lime%20green_1.jpg?dl=0,1.jp
D1492, Lime green,https://dl.dropboxusercontent.com/s/g2jn3rfl5sc8cib/D1492%20Lime%20green_2.jpg?dl=0,2.jp
D1493, Silver,https://dl.dropboxusercontent.com/s/3mt3vb7tv3b4qqd/D1493%20Silver.jpg?dl=0,0
D1493, Silver,https://dl.dropboxusercontent.com/s/8ijj4cbtmzrk2u3/D1493%20Silver_back.jpg?dl=0,back.jp
D1493, White,https://dl.dropboxusercontent.com/s/fh2cetajfwdnc9m/D1493%20White.jpg?dl=0,0
D1494, Ivory-2,https://dl.dropboxusercontent.com/s/uc24r0fzlcpm08o/D1494%20Ivory-2.jpg?dl=0,0
D1494, Ivory,https://dl.dropboxusercontent.com/s/pgvk7wgnw5ylxdw/D1494%20Ivory_1.jpg?dl=0,1.jp
D1494, Ivory,https://dl.dropboxusercontent.com/s/ibt1mfu8lf9541w/D1494%20Ivory_back.jpg?dl=0,back.jp
D1494, Pink,https://dl.dropboxusercontent.com/s/ufw2mb9jgxu54fz/D1494%20Pink.jpg?dl=0,0
D1495, Navy,https://dl.dropboxusercontent.com/s/4ek50r6te1w3mj9/D1495%20Navy.jpg?dl=0,0
D1495, Navy,https://dl.dropboxusercontent.com/s/8y9cbp7d10uggbm/D1495%20Navy_back.jpg?dl=0,back.jp
D1495, White,https://dl.dropboxusercontent.com/s/o8z5lkpgaf0ribv/D1495%20White.jpg?dl=0,0
D1496, Blue,https://dl.dropboxusercontent.com/s/43tgd5z0kgsd3n0/D1496%20Blue_1.jpg?dl=0,1.jp
D1496, Blue,https://dl.dropboxusercontent.com/s/real40odzd8dg4i/D1496%20Blue_2.jpg?dl=0,2.jp
D1496, Blue,https://dl.dropboxusercontent.com/s/vbnbrzfgawdq744/D1496%20Blue_3.jpg?dl=0,3.jp
D1497, Lime green,https://dl.dropboxusercontent.com/s/gyqqw9wegfcb9ac/D1497%20Lime%20green.jpg?dl=0,0
D1497, Lime green,https://dl.dropboxusercontent.com/s/s49k8y4iqek5td3/D1497%20Lime%20green_back.jpg?dl=0,back.jp
D1498, Navy,https://dl.dropboxusercontent.com/s/8x10xj351aser0r/D1498%20Navy_1.jpg?dl=0,1.jp
D1498, Navy,https://dl.dropboxusercontent.com/s/yf740fdkyzwzx1w/D1498%20Navy_2.jpg?dl=0,2.jp
D1498, Navy,https://dl.dropboxusercontent.com/s/dsyl7js838tx8aa/D1498%20Navy_back.jpg?dl=0,back.jp
D1498, Purple-gold,https://dl.dropboxusercontent.com/s/ay94g2jyeyy33y5/D1498%20Purple-gold.jpg?dl=0,0
D1498, Red-blk,https://dl.dropboxusercontent.com/s/90ymf4qhy5b0gbb/D1498%20Red-blk.jpg?dl=0,0
D1499, Champagne,https://dl.dropboxusercontent.com/s/36ep5bf0r4t05au/D1499%20Champagne.jpg?dl=0,0
D1499, Copper,https://dl.dropboxusercontent.com/s/og8to1aalfap283/D1499%20Copper.jpg?dl=0,0
D1499, Copper,https://dl.dropboxusercontent.com/s/fvsodq3tda7wvr7/D1499%20Copper_back.jpg?dl=0,back.jp
D1499, White,https://dl.dropboxusercontent.com/s/bkkp6iqdf0voa61/D1499%20White.jpg?dl=0,0
D1500, Ivory,https://dl.dropboxusercontent.com/s/fzm1nebflajmc4q/D1500%20Ivory_1.jpg?dl=0,1.jp
D1500, Ivory,https://dl.dropboxusercontent.com/s/78bvdouy7om3qtf/D1500%20Ivory_2.jpg?dl=0,2.jp
D1501, Black leopard,https://dl.dropboxusercontent.com/s/0vmo8zjihufu68d/D1501%20Black%20leopard.jpg?dl=0,0
D1501, Black leopard,https://dl.dropboxusercontent.com/s/rg85aln4j8ahk4w/D1501%20Black%20leopard_back.jpg?dl=0,back.jp
D1502, Black-green,https://dl.dropboxusercontent.com/s/ia61ltbmh1ezxwg/D1502%20Black-green.jpg?dl=0,0
D1502, Black-pink,https://dl.dropboxusercontent.com/s/ey46k504ssrb31y/D1502%20Black-pink.jpg?dl=0,0
D1504, Champagne,https://dl.dropboxusercontent.com/s/ajbu0i8aeso4dqd/D1504%20Champagne_1.jpg?dl=0,1.jp
D1504, Champagne,https://dl.dropboxusercontent.com/s/3wkszaoepr2cx7b/D1504%20Champagne_2.jpg?dl=0,2.jp
D1504, Champagne,https://dl.dropboxusercontent.com/s/0tf1prraxmq6lzv/D1504%20Champagne_back.jpg?dl=0,back.jp
D1505, Olive,https://dl.dropboxusercontent.com/s/sygi9rtzowt9ohq/D1505%20Olive.jpg?dl=0,0
D1505, Olive,https://dl.dropboxusercontent.com/s/9iuapix8g7rcwba/D1505%20Olive_back.jpg?dl=0,back.jp
D1506, Olive,https://dl.dropboxusercontent.com/s/6mvfbp8hrjaytbj/D1506%20Olive.jpg?dl=0,0
D1506, Olive,https://dl.dropboxusercontent.com/s/tkr0wd1k9rt62rv/D1506%20Olive_back.jpg?dl=0,back.jp
D1320, Mustard-gold,https://dl.dropboxusercontent.com/s/ermkeey2cfqz3cn/D1320%20Mustard-gold.jpg?dl=0,0
D1332, Black-black,https://dl.dropboxusercontent.com/s/08jsexbv2odiff4/D1332%20Black-black.jpg?dl=0,0
D1332, Black-black,https://dl.dropboxusercontent.com/s/yu9xamn26eji6f4/D1332%20Black-black_back.jpg?dl=0,back.jp
D1332, White-white,https://dl.dropboxusercontent.com/s/mdy88vilrehrgm5/D1332%20White-white.jpg?dl=0,0
D1318, Fuchsia Royal,https://dl.dropboxusercontent.com/s/jpzxbkqz9esh4n7/D1318%20Fuchsia%20Royal.jpg?dl=0,0
D5005, blush pink,https://dl.dropboxusercontent.com/s/csihi34zmjnbsca/D5005%20blush%20pink.jpg?dl=0,0
D5005, champagne,https://dl.dropboxusercontent.com/s/swxyu662ah7iq86/D5005%20champagne.jpg?dl=0,0
D1424, Black,https://dl.dropboxusercontent.com/s/rtjufvtru7j6g4o/D1424%20Black.jpg?dl=0,0
D1424, White,https://dl.dropboxusercontent.com/s/2mezhfl093g2nru/D1424%20White.jpg?dl=0,0
D1446, Pink-blk,https://dl.dropboxusercontent.com/s/ppmi84e7nfom14y/D1446%20Pink-blk.jpg?dl=0,0
D1446, Purple-blk,https://dl.dropboxusercontent.com/s/51egim04m3ohiss/D1446%20Purple-blk.jpg?dl=0,0
D1473, Black,https://dl.dropboxusercontent.com/s/75lmvr8rszs3tfb/D1473%20Black.jpg?dl=0,0
D1473, Navy,https://dl.dropboxusercontent.com/s/cu3k9t4i09kurg4/D1473%20Navy.jpg?dl=0,0
D1326, White,https://dl.dropboxusercontent.com/s/q6ba1p2nyexhf6q/D1326%20White.jpg?dl=0,0
D1446, S.Pink-blk,https://dl.dropboxusercontent.com/s/qbeicgkvk8xjq4g/D1446%20S.Pink-blk.jpg?dl=0,0
D1346, Silver,https://dl.dropboxusercontent.com/s/3c1wdkv1kskf0dx/D1346%20Silver.jpg?dl=0,0
D1350, White-blk,https://dl.dropboxusercontent.com/s/k3b9vialozyup5s/D1350%20White-blk.jpg?dl=0,0
D1350, White-blk,https://dl.dropboxusercontent.com/s/7u1k0pgawa1irqf/D1350%20White-blk_back.jpg?dl=0,back.jp
D1351, White,https://dl.dropboxusercontent.com/s/lavswg4onb0d70s/D1351%20White.jpg?dl=0,0
D1351, White,https://dl.dropboxusercontent.com/s/qon6c147zcuh6r6/D1351%20White_back.jpg?dl=0,back.jp
D1353, White,https://dl.dropboxusercontent.com/s/epb82b7k3om54je/D1353%20White.jpg?dl=0,0
D1327, Green,https://dl.dropboxusercontent.com/s/8zfidum9hc2f9l3/D1327%20Green.jpg?dl=0,0
D1327, Royal,https://dl.dropboxusercontent.com/s/qonzh07imfvzim1/D1327%20Royal_1.jpg?dl=0,1.jp
D1327, Royal,https://dl.dropboxusercontent.com/s/0jslus1j14bvo4f/D1327%20Royal_2.jpg?dl=0,2.jp
D1328, Silver,https://dl.dropboxusercontent.com/s/gawv8z6g488odw4/D1328%20Silver.jpg?dl=0,0
D1328, Silver,https://dl.dropboxusercontent.com/s/2tpbi4ej5tti4wa/D1328%20Silver_back.jpg?dl=0,back.jp
D1343, Violet,https://dl.dropboxusercontent.com/s/zj0xm4oil70cadp/D1343%20Violet.jpg?dl=0,0
D1346, Navy,https://dl.dropboxusercontent.com/s/hub94izwlkl898o/D1346%20Navy.jpg?dl=0,0
D1352, Pink-1,https://dl.dropboxusercontent.com/s/7tt2ndeszcjx550/D1352%20Pink-1.jpg?dl=0,0
D1353, Ice blue-1,https://dl.dropboxusercontent.com/s/en69whbmus4b84x/D1353%20Ice%20blue-1.jpg?dl=0,0
D1353, Ice blue-2,https://dl.dropboxusercontent.com/s/x9h7ayrmxi4l1go/D1353%20Ice%20blue-2.jpg?dl=0,0
D1353, Ice blue,https://dl.dropboxusercontent.com/s/p66lupqooz7cnbg/D1353%20Ice%20blue_back.jpg?dl=0,back.jp
D1455, Lavender,https://dl.dropboxusercontent.com/s/eq6hz0nj79wlulp/D1455%20Lavender_dress.jpg?dl=0,dress.jp
D1318, Fuchsia-royal,https://dl.dropboxusercontent.com/s/ccl8rqazvaqao83/D1318%20Fuchsia-royal.jpg?dl=0,0
D1318, Fuchsia-royal,https://dl.dropboxusercontent.com/s/taeg9zzurtq7qbk/D1318%20Fuchsia-royal_back.jpg?dl=0,back.jp
D1319, Blue,https://dl.dropboxusercontent.com/s/2d2o339m9yukqer/D1319%20Blue_back.jpg?dl=0,back.jp
D1327, Green,https://dl.dropboxusercontent.com/s/ymqqkj6mfyvo8xc/D1327%20Green_back.jpg?dl=0,back.jp
D1331, Red,https://dl.dropboxusercontent.com/s/6g3cv9petttav30/D1331%20Red.jpg?dl=0,0
D1331, Red,https://dl.dropboxusercontent.com/s/syld0igkjc647ni/D1331%20Red_back.jpg?dl=0,back.jp
D1343, Ocean Blue,https://dl.dropboxusercontent.com/s/q3ormghgejck3tw/D1343%20Ocean%20Blue.jpg?dl=0,0
D1344, Red,https://dl.dropboxusercontent.com/s/hpm2ri60bkvn0o4/D1344%20Red_1.jpg?dl=0,1.jp
D1344, Red,https://dl.dropboxusercontent.com/s/x0pi8kk96n9n9jc/D1344%20Red_2.jpg?dl=0,2.jp
D1352, Pink-2,https://dl.dropboxusercontent.com/s/ltm2guzgtnkw5mf/D1352%20Pink-2.jpg?dl=0,0
D1352, Pink,https://dl.dropboxusercontent.com/s/wjmvlpcbxmahjx5/D1352%20Pink_back.jpg?dl=0,back.jp
D1352, Turq,https://dl.dropboxusercontent.com/s/ktkcbnbxghns3mz/D1352%20Turq.jpg?dl=0,0
D1354, Gold-violet,https://dl.dropboxusercontent.com/s/bea5z6ohlswzkb5/D1354%20Gold-violet_1.jpg?dl=0,1.jp
D1354, Gold-violet,https://dl.dropboxusercontent.com/s/treqz1oi8qce2bo/D1354%20Gold-violet_back.jpg?dl=0,back.jp
D1511, Ice blue,https://dl.dropboxusercontent.com/s/zip5lnfhk0r42ek/D1511%20Ice%20blue.jpg?dl=0,0
G1007, Gold,https://dl.dropboxusercontent.com/s/7ygp5fyznq2y669/G1007%20Gold.jpg?dl=0,0
G1007, Lavender,https://dl.dropboxusercontent.com/s/kzytze8slgu3212/G1007%20Lavender.jpg?dl=0,0
G1007, Lavender,https://dl.dropboxusercontent.com/s/ovfh8xsfok73gu7/G1007%20Lavender_back.jpg?dl=0,back.jp
G1083, Lavender,https://dl.dropboxusercontent.com/s/is8t0x13os86spm/G1083%20Lavender.jpg?dl=0,0
G1083, Lavender,https://dl.dropboxusercontent.com/s/mkbd1ofegptxv57/G1083%20Lavender_back.jpg?dl=0,back.jp
G1083, Lavender,https://dl.dropboxusercontent.com/s/q9iesj31ebxxwq7/G1083%20Lavender_cami.jpg?dl=0,cami.jp
G1083, White,https://dl.dropboxusercontent.com/s/xwfduetfoahj1k3/G1083%20White.jpg?dl=0,0
G1084, Lemon-Lime,https://dl.dropboxusercontent.com/s/pvmzcqdhpgf7to7/G1084%20Lemon-Lime.jpg?dl=0,0
G1084, Lilac,https://dl.dropboxusercontent.com/s/guya8ufnbwowm56/G1084%20Lilac.jpg?dl=0,0
G1084, White,https://dl.dropboxusercontent.com/s/laxz5gjmeuzny2m/G1084%20White.jpg?dl=0,0
G1084, White,https://dl.dropboxusercontent.com/s/rtxcsve4mttas8p/G1084%20White_back.jpg?dl=0,back.jp
G1085, Mint,https://dl.dropboxusercontent.com/s/du2zjl7vi4kglxm/G1085%20Mint.jpg?dl=0,0
G1085, White,https://dl.dropboxusercontent.com/s/0nykc93zdgin7x3/G1085%20White.jpg?dl=0,0
G1085, White,https://dl.dropboxusercontent.com/s/mt1brsfbb494o0i/G1085%20White_back.jpg?dl=0,back.jp
G1086, Indigo blue,https://dl.dropboxusercontent.com/s/l4wrz0loryv15xl/G1086%20Indigo%20blue.jpg?dl=0,0
G1086, Indigo blue,https://dl.dropboxusercontent.com/s/nbr23nwroftej8i/G1086%20Indigo%20blue_back.jpg?dl=0,back.jp
G1087, Lavender,https://dl.dropboxusercontent.com/s/pambszg5ero582g/G1087%20Lavender.jpg?dl=0,0
G1087, Lavender,https://dl.dropboxusercontent.com/s/olke292del8knl5/G1087%20Lavender_back.jpg?dl=0,back.jp
G1087, White,https://dl.dropboxusercontent.com/s/kt6w73s3qcgtb8d/G1087%20White.jpg?dl=0,0
G1090, Cranberry,https://dl.dropboxusercontent.com/s/z06em3oy1uylp5z/G1090%20Cranberry.jpg?dl=0,0
G1090, Navy,https://dl.dropboxusercontent.com/s/67rpopy3dzgzc83/G1090%20Navy.jpg?dl=0,0
G1090, Navy,https://dl.dropboxusercontent.com/s/bd6wntqh3w7wa8g/G1090%20Navy_back.jpg?dl=0,back.jp
D1477L, Denim,https://dl.dropboxusercontent.com/s/i60ax1bbq068yw0/D1477L%20Denim.jpg?dl=0,0
D1477L, Denim,https://dl.dropboxusercontent.com/s/o9qrn8yiy1ny96m/D1477L%20Denim_back.jpg?dl=0,back.jp
D1477L_White.jp,,https://dl.dropboxusercontent.com/s/eyg9jh3c4lmg3ca/D1477L_White.jpg?dl=0,White.jp
D1479, Black,https://dl.dropboxusercontent.com/s/lk0h3fc5cuiyj7e/D1479%20Black_dress.jpg?dl=0,dress.jp
D1503, Apple Green,https://dl.dropboxusercontent.com/s/w75jqhgpvbk7j2o/D1503%20Apple%20Green.jpg?dl=0,0
D1503, Apple Green,https://dl.dropboxusercontent.com/s/k1o3il53x8khn2a/D1503%20Apple%20Green_dress.jpg?dl=0,dress.jp
D1503, Purple,https://dl.dropboxusercontent.com/s/olsj267ucialdsk/D1503%20Purple.jpg?dl=0,0
D1510, White-1,https://dl.dropboxusercontent.com/s/0sf3oyqjo3fnvw7/D1510%20White-1.jpg?dl=0,0
D1510, White-2,https://dl.dropboxusercontent.com/s/bqcfo48xyy3y8mu/D1510%20White-2.jpg?dl=0,0
D1510, White,https://dl.dropboxusercontent.com/s/o65pesmlt4qc7a8/D1510%20White_back.jpg?dl=0,back.jp
D1510, White,https://dl.dropboxusercontent.com/s/q58xjge9hfb1dgi/D1510%20White_dress.jpg?dl=0,dress.jp
D1511, Ivory,https://dl.dropboxusercontent.com/s/bmjdtw48b4tw8qk/D1511%20Ivory.jpg?dl=0,0
D1511, Ivory,https://dl.dropboxusercontent.com/s/pmr7itpxfsfaq1l/D1511%20Ivory_back.jpg?dl=0,back.jp
D1482, Yellow,https://dl.dropboxusercontent.com/s/yv3ug6umnf0piw5/D1482%20Yellow.jpg?dl=0,0
D1489, Pink-1,https://dl.dropboxusercontent.com/s/5hluvwzkqd28d1y/D1489%20Pink-1.jpg?dl=0,0
D1489, Pink-2,https://dl.dropboxusercontent.com/s/u0151gjf3fuwx5f/D1489%20Pink-2.jpg?dl=0,0
D1489, Pink,https://dl.dropboxusercontent.com/s/kxe5auztjib3l1x/D1489%20Pink_back.jpg?dl=0,back.jp
D1493, Black,https://dl.dropboxusercontent.com/s/gw0m3l0y7t47ue4/D1493%20Black.jpg?dl=0,0
D1493, Black,https://dl.dropboxusercontent.com/s/o681gu0208xqkiq/D1493%20Black_back.jpg?dl=0,back.jp
D1493, White-1,https://dl.dropboxusercontent.com/s/hnuprvnkklhoiaj/D1493%20White-1.jpg?dl=0,0
D1493, White-2,https://dl.dropboxusercontent.com/s/28pyucv1u3a34nz/D1493%20White-2.jpg?dl=0,0
D1503, Apple Green,https://dl.dropboxusercontent.com/s/h0cje7izazxhsmi/D1503%20Apple%20Green_back.jpg?dl=0,back.jp
D1503, White,https://dl.dropboxusercontent.com/s/rxz1l2mbdel9hix/D1503%20White.jpg?dl=0,0
D1503, White,https://dl.dropboxusercontent.com/s/ds7edch6jx2ktem/D1503%20White_dress.jpg?dl=0,dress.jp
D1504, Pink,https://dl.dropboxusercontent.com/s/4tru0o9ayvepus5/D1504%20Pink.jpg?dl=0,0
D1504, Pink,https://dl.dropboxusercontent.com/s/i8i8ni4rccwzf9r/D1504%20Pink_back.jpg?dl=0,back.jp
D1504, White,https://dl.dropboxusercontent.com/s/cc7jmhhwtxgcvj8/D1504%20White.jpg?dl=0,0
D1507, White,https://dl.dropboxusercontent.com/s/rmpubwn681494qe/D1507%20White.jpg?dl=0,0
D1507, White,https://dl.dropboxusercontent.com/s/6pl9iz02uacc0x7/D1507%20White_back.jpg?dl=0,back.jp
D1507, White,https://dl.dropboxusercontent.com/s/puzdll0lzdikzde/D1507%20White_dress.jpg?dl=0,dress.jp
D1319, Blue,https://dl.dropboxusercontent.com/s/1ath9g4zzrtemua/D1319%20Blue.jpg?dl=0,0
D1342, White-royal,https://dl.dropboxusercontent.com/s/netoq7ayjltfwba/D1342%20White-royal.jpg?dl=0,0
D1347, Multi,https://dl.dropboxusercontent.com/s/08wx2d6l96l7fn7/D1347%20Multi.jpg?dl=0,0
D1348, Multi,https://dl.dropboxusercontent.com/s/toy989t0h4z7xux/D1348%20Multi.jpg?dl=0,0
D1423B, Black,https://dl.dropboxusercontent.com/s/q48mk7i6cm4c8ev/D1423B%20Black.jpg?dl=0,0
D1423B, Black,https://dl.dropboxusercontent.com/s/1w59cdy9qr4d0ih/D1423B%20Black_back.jpg?dl=0,back.jp
D1423B, Champagne,https://dl.dropboxusercontent.com/s/sfetoor3jcvnrq9/D1423B%20Champagne.jpg?dl=0,0
D1423B, Champagne,https://dl.dropboxusercontent.com/s/w43tlrt1wdp6i23/D1423B%20Champagne_dress.jpg?dl=0,dress.jp
D1423B, Lt. Silver,https://dl.dropboxusercontent.com/s/rb0gfzn5csodhx2/D1423B%20Lt.%20Silver.jpg?dl=0,0
D1423B, Lt. Silver,https://dl.dropboxusercontent.com/s/x4xjdm90b2z5w3s/D1423B%20Lt.%20Silver_dress.jpg?dl=0,dress.jp
D1423B, White,https://dl.dropboxusercontent.com/s/t2xmpvn0srqpplr/D1423B%20White.jpg?dl=0,0
D1424, Champagne,https://dl.dropboxusercontent.com/s/xd6i7pwytidafop/D1424%20Champagne.jpg?dl=0,0
D1455, Lavender,https://dl.dropboxusercontent.com/s/3g0jlpuw6w40gl3/D1455%20Lavender.jpg?dl=0,0
D1455, Lavender,https://dl.dropboxusercontent.com/s/cpfp3j3rxheuxsv/D1455%20Lavender_back.jpg?dl=0,back.jp
D1459, Denim Blue,https://dl.dropboxusercontent.com/s/ex7d8khezvvae06/D1459%20Denim%20Blue_dress.jpg?dl=0,dress.jp
D1479, Black,https://dl.dropboxusercontent.com/s/i67orz1haoq3w5t/D1479%20Black.jpg?dl=0,0
D1479, Purple,https://dl.dropboxusercontent.com/s/9jlvigegc8mr3z1/D1479%20Purple.jpg?dl=0,0
D1479, Purple,https://dl.dropboxusercontent.com/s/21z7hcpg514ilu5/D1479%20Purple_back.jpg?dl=0,back.jp
G0842, White-turq,https://dl.dropboxusercontent.com/s/xg8d68dtd257g86/G0842%20White-turq.jpg?dl=0,0
G0842, White-turq,https://dl.dropboxusercontent.com/s/vcqm6l83hywle1g/G0842%20White-turq_back.jpg?dl=0,back.jp
G0842, White-turq,https://dl.dropboxusercontent.com/s/efc0uqg800auqbw/G0842%20White-turq_cami.jpg?dl=0,cami.jp
G0844, Black,https://dl.dropboxusercontent.com/s/t80uf75yenmairq/G0844%20Black.jpg?dl=0,0
G0844, Champ,https://dl.dropboxusercontent.com/s/ogo6uzcl6bt2ddg/G0844%20Champ.jpg?dl=0,0
G0844, Gold-blk,https://dl.dropboxusercontent.com/s/18resrsofq7gzvu/G0844%20Gold-blk.jpg?dl=0,0
G0844, Gold-blk,https://dl.dropboxusercontent.com/s/qfq4ck1uwa6pet6/G0844%20Gold-blk_back.jpg?dl=0,back.jp
G0844, Gold-blk,https://dl.dropboxusercontent.com/s/lij9r0e210xgwba/G0844%20Gold-blk_cami.jpg?dl=0,cami.jp
G0844, Ice blue,https://dl.dropboxusercontent.com/s/winfx7b8fauq6ro/G0844%20Ice%20blue.jpg?dl=0,0
G0844, Ivory,https://dl.dropboxusercontent.com/s/gq54gc4qyzkofe1/G0844%20Ivory.jpg?dl=0,0
G0844, Silver,https://dl.dropboxusercontent.com/s/nni5vhmvezz6nx7/G0844%20Silver_1.jpg?dl=0,1.jp
G0844, Silver,https://dl.dropboxusercontent.com/s/f85xzgonzdt3zsa/G0844%20Silver_2.jpg?dl=0,2.jp
G0844, White,https://dl.dropboxusercontent.com/s/clep81y8jw50i1x/G0844%20White.jpg?dl=0,0
G1001, Black,https://dl.dropboxusercontent.com/s/rmaxgry8afylwg8/G1001%20Black.jpg?dl=0,0
G1001, Silver,https://dl.dropboxusercontent.com/s/64pqox4kvapdnap/G1001%20Silver.jpg?dl=0,0
G1001, White,https://dl.dropboxusercontent.com/s/huci0j8fsoelv9t/G1001%20White.jpg?dl=0,0
G1007, Black,https://dl.dropboxusercontent.com/s/9lydnocur614d8c/G1007%20Black.jpg?dl=0,0
G1007, Chocolate,https://dl.dropboxusercontent.com/s/gja5qw7ssl0a1z6/G1007%20Chocolate.jpg?dl=0,0
G1007, Emerald,https://dl.dropboxusercontent.com/s/l0bqm1wlbewmdom/G1007%20Emerald.jpg?dl=0,0
G1007, Ice blue,https://dl.dropboxusercontent.com/s/h4nfui092864nkr/G1007%20Ice%20blue.jpg?dl=0,0
G1007, Pink,https://dl.dropboxusercontent.com/s/vioplnjja345ju2/G1007%20Pink.jpg?dl=0,0
G1007, Red,https://dl.dropboxusercontent.com/s/t9i5o0dygfxuj94/G1007%20Red.jpg?dl=0,0
G1011, Champagne,https://dl.dropboxusercontent.com/s/8qra3p7jaqgovq4/G1011%20Champagne.jpg?dl=0,0
G1011, Gunmetal,https://dl.dropboxusercontent.com/s/b8vpwp7ebt4n2qn/G1011%20Gunmetal.jpg?dl=0,0
G1011, Gunmetal,https://dl.dropboxusercontent.com/s/e8elomh8dhxv4aj/G1011%20Gunmetal_back.jpg?dl=0,back.jp
G1011, Red,https://dl.dropboxusercontent.com/s/5g7wh76ts6n1nn7/G1011%20Red.jpg?dl=0,0
G1018, Black,https://dl.dropboxusercontent.com/s/zmg32x2h1tr6t4o/G1018%20Black.jpg?dl=0,0
G1018, Cranberry,https://dl.dropboxusercontent.com/s/jwnojl2jzk1vk3g/G1018%20Cranberry.jpg?dl=0,0
G1018, Ginger,https://dl.dropboxusercontent.com/s/4cephf418p0kx7t/G1018%20Ginger.jpg?dl=0,0
G1018, Purple,https://dl.dropboxusercontent.com/s/1y1wquf6hrs4vi1/G1018%20Purple.jpg?dl=0,0
G1018, Soft Pink,https://dl.dropboxusercontent.com/s/grisnogvqjbf4fl/G1018%20Soft%20Pink.jpg?dl=0,0
G1018, White,https://dl.dropboxusercontent.com/s/lk8u3i8brlbk3tp/G1018%20White.jpg?dl=0,0
G1026, White,https://dl.dropboxusercontent.com/s/8qsza0fom9b2ulo/G1026%20White.jpg?dl=0,0
G1032, Black-sil,https://dl.dropboxusercontent.com/s/ugcptn9imc0iq9c/G1032%20Black-sil.jpg?dl=0,0
G1032, Black-sil,https://dl.dropboxusercontent.com/s/43pz43h4v80pqkg/G1032%20Black-sil_back.jpg?dl=0,back.jp
G1034, White-blue,https://dl.dropboxusercontent.com/s/yohew08e64utudu/G1034%20White-blue.jpg?dl=0,0
G1034, White-blue,https://dl.dropboxusercontent.com/s/ubnin83crztvcvn/G1034%20White-blue_back.jpg?dl=0,back.jp
G1034, White-pink,https://dl.dropboxusercontent.com/s/oidl6kivrxvg69k/G1034%20White-pink.jpg?dl=0,0
G1034, White-pink,https://dl.dropboxusercontent.com/s/s50r919rf6snh0i/G1034%20White-pink_dress.jpg?dl=0,dress.jp
G1035, Black-royal,https://dl.dropboxusercontent.com/s/x338iao9n01h8d9/G1035%20Black-royal.jpg?dl=0,0
G1035, Black-royal,https://dl.dropboxusercontent.com/s/92wvj00xaxj9zrn/G1035%20Black-royal_back.jpg?dl=0,back.jp
G1035, Black-royal,https://dl.dropboxusercontent.com/s/blen84e9sqftd6u/G1035%20Black-royal_dress.jpg?dl=0,dress.jp
G1037, Gold-wht,https://dl.dropboxusercontent.com/s/0g147b6c7upo3wj/G1037%20Gold-wht.jpg?dl=0,0
G1039, back shot,https://dl.dropboxusercontent.com/s/32k56rfyqugbx9f/G1039%20back%20shot.jpg?dl=0,0
G1039, Black-wht,https://dl.dropboxusercontent.com/s/oot02zh6zden3u7/G1039%20Black-wht.jpg?dl=0,0
G1039, Emerald-wht,https://dl.dropboxusercontent.com/s/8nlxsnoitizhjmf/G1039%20Emerald-wht.jpg?dl=0,0
G1039, Gold-wht,https://dl.dropboxusercontent.com/s/0sks1h18n9t76sm/G1039%20Gold-wht.jpg?dl=0,0
G1041, Navy,https://dl.dropboxusercontent.com/s/eqpwg4j1pgjbb5m/G1041%20Navy_back.jpg?dl=0,back.jp
G1041, Purple,https://dl.dropboxusercontent.com/s/w5zc1aam5dx1v4r/G1041%20Purple.jpg?dl=0,0
G1042, Emerald-wht,https://dl.dropboxusercontent.com/s/1bp4ik6ia0pppyt/G1042%20Emerald-wht.jpg?dl=0,0
G1042, Emerald-wht,https://dl.dropboxusercontent.com/s/eedbpnqkmhdosr1/G1042%20Emerald-wht_back.jpg?dl=0,back.jp
G1042, Gold-wht,https://dl.dropboxusercontent.com/s/kel0xepdrpoq46g/G1042%20Gold-wht.jpg?dl=0,0
G1042, White,https://dl.dropboxusercontent.com/s/vip9klckwq0j4sm/G1042%20White.jpg?dl=0,0
G1043, Lilac-blk,https://dl.dropboxusercontent.com/s/arkiu8p80jek06p/G1043%20Lilac-blk.jpg?dl=0,0
G1043, Lime-blk,https://dl.dropboxusercontent.com/s/bt46o60qqc1hqzb/G1043%20Lime-blk.jpg?dl=0,0
G1043, Orange-blk,https://dl.dropboxusercontent.com/s/vqe4p034mgjfk6l/G1043%20Orange-blk.jpg?dl=0,0
G1043, Orange-blk,https://dl.dropboxusercontent.com/s/o1no7kmb67voxfw/G1043%20Orange-blk_back.jpg?dl=0,back.jp
G1044, Hot pink-blk,https://dl.dropboxusercontent.com/s/tm3i1zbpdipqh50/G1044%20Hot%20pink-blk.jpg?dl=0,0
G1044, Lime-blk,https://dl.dropboxusercontent.com/s/bhwewwmmm9u3n28/G1044%20Lime-blk.jpg?dl=0,0
G1044, Royal-blk,https://dl.dropboxusercontent.com/s/u6duyri522la9lb/G1044%20Royal-blk.jpg?dl=0,0
G1044, Royal-blk,https://dl.dropboxusercontent.com/s/rpo5aa2lcgd7f3v/G1044%20Royal-blk_back.jpg?dl=0,back.jp
G1045, Hot pink,https://dl.dropboxusercontent.com/s/yu8ydga95bvk4zh/G1045%20Hot%20pink.jpg?dl=0,0
G1045, Lime-blk,https://dl.dropboxusercontent.com/s/cho0he9kumph4nw/G1045%20Lime-blk.jpg?dl=0,0
G1045, Lime-blk,https://dl.dropboxusercontent.com/s/7jcg8os8o5wu1ps/G1045%20Lime-blk_back.jpg?dl=0,back.jp
G1045, Lime-blk,https://dl.dropboxusercontent.com/s/xjoos2daexlnl6w/G1045%20Lime-blk_dress.jpg?dl=0,dress.jp
G1045, Royal-blk,https://dl.dropboxusercontent.com/s/juyaniqcib5kmr1/G1045%20Royal-blk.jpg?dl=0,0
G1046, Turq,https://dl.dropboxusercontent.com/s/tpit13czjpj6u4g/G1046%20Turq.jpg?dl=0,0
G1047, Emerald,https://dl.dropboxusercontent.com/s/ireipgbbo7s3sal/G1047%20Emerald.jpg?dl=0,0
G1047, Emerald,https://dl.dropboxusercontent.com/s/pn5odgxzg1qsfm5/G1047%20Emerald_back_1.jpg?dl=0,back_1.jp
G1047, Emerald,https://dl.dropboxusercontent.com/s/f0m5fiy0vtxd1ip/G1047%20Emerald_back_2.jpg?dl=0,back_2.jp
G1047, Emerald,https://dl.dropboxusercontent.com/s/my50b1a4xexwkvc/G1047%20Emerald_dress.jpg?dl=0,dress.jp
G1047, Ice blue,https://dl.dropboxusercontent.com/s/feszdadtnr6m5wt/G1047%20Ice%20blue.jpg?dl=0,0
G1047, Ice blue,https://dl.dropboxusercontent.com/s/v2dmbft0yuba9kq/G1047%20Ice%20blue_back.jpg?dl=0,back.jp
G1047, Pink,https://dl.dropboxusercontent.com/s/0z0tlh5uva0z0og/G1047%20Pink.jpg?dl=0,0
G1047, White,https://dl.dropboxusercontent.com/s/otupbcdm8c9plux/G1047%20White.jpg?dl=0,0
G1048, Lemon Yellow,https://dl.dropboxusercontent.com/s/mzrebxepyuy1odh/G1048%20Lemon%20Yellow.jpg?dl=0,0
G1048, Rose pink,https://dl.dropboxusercontent.com/s/ktyc0x0ar9h50yw/G1048%20Rose%20pink.jpg?dl=0,0
G1048, White,https://dl.dropboxusercontent.com/s/lxy4z3wg53f9xpi/G1048%20White.jpg?dl=0,0
G1049, Rose pink,https://dl.dropboxusercontent.com/s/a7s6x47hs0sdjvc/G1049%20Rose%20pink.jpg?dl=0,0
G1049, White,https://dl.dropboxusercontent.com/s/x3ca0kb9uds5596/G1049%20White.jpg?dl=0,0
G1049_back.jp,,https://dl.dropboxusercontent.com/s/i6yu2hv1ne12fgk/G1049_back.jpg?dl=0,back.jp
G1050, Peach,https://dl.dropboxusercontent.com/s/vte3njfejjuk77p/G1050%20Peach.jpg?dl=0,0
G1050, White,https://dl.dropboxusercontent.com/s/8dj4bognlbz3jce/G1050%20White.jpg?dl=0,0
G1050_back.jp,,https://dl.dropboxusercontent.com/s/xfrstxryua5wl70/G1050_back.jpg?dl=0,back.jp
G1051, Green,https://dl.dropboxusercontent.com/s/af1ni73v1i80n4y/G1051%20Green_back.jpg?dl=0,back.jp
G1052, Champagne,https://dl.dropboxusercontent.com/s/8k9kazgnnhxh6n8/G1052%20Champagne.jpg?dl=0,0
G1052, Champagne,https://dl.dropboxusercontent.com/s/iwsfxyk5rp4828h/G1052%20Champagne_back.jpg?dl=0,back.jp
G1053, Navy-wht,https://dl.dropboxusercontent.com/s/3wzqyq3ptk1i5uk/G1053%20Navy-wht_1.jpg?dl=0,1.jp
G1053, Navy-wht,https://dl.dropboxusercontent.com/s/3bj27kpx0k6y0i6/G1053%20Navy-wht_2.jpg?dl=0,2.jp
G1053, Navy-wht,https://dl.dropboxusercontent.com/s/kdpbbrkl4boxcx8/G1053%20Navy-wht_back.jpg?dl=0,back.jp
G1053, Navy-wht,https://dl.dropboxusercontent.com/s/cfpi89t9k8vl697/G1053%20Navy-wht_cami.jpg?dl=0,cami.jp
G1054, Navy-wht,https://dl.dropboxusercontent.com/s/5nvqtj7xg9qb2bv/G1054%20Navy-wht.jpg?dl=0,0
G1055, Navy-wht,https://dl.dropboxusercontent.com/s/71rme99ny2m85sv/G1055%20Navy-wht.jpg?dl=0,0
G1055, Navy-wht,https://dl.dropboxusercontent.com/s/vdoazkyw9gnhyau/G1055%20Navy-wht_cami.jpg?dl=0,cami.jp
G1055, Purple-wht,https://dl.dropboxusercontent.com/s/14xjtajmkmk5pbj/G1055%20Purple-wht.jpg?dl=0,0
G1055, Purple-wht,https://dl.dropboxusercontent.com/s/nceefc6ja9tt9eb/G1055%20Purple-wht_back.jpg?dl=0,back.jp
G1055, Purple-wht,https://dl.dropboxusercontent.com/s/xqc1lon5x2o0siv/G1055%20Purple-wht_cami.jpg?dl=0,cami.jp
G1056, Navy-wht,https://dl.dropboxusercontent.com/s/g87x1t2vmshkd47/G1056%20Navy-wht.jpg?dl=0,0
G1056, Purple-wht,https://dl.dropboxusercontent.com/s/00uprra9dbql03w/G1056%20Purple-wht.jpg?dl=0,0
G1056, Purple-wht,https://dl.dropboxusercontent.com/s/k4vld54zstr7wc4/G1056%20Purple-wht_back.jpg?dl=0,back.jp
G1059, Black,https://dl.dropboxusercontent.com/s/2gvce7vbmfbovsm/G1059%20Black.jpg?dl=0,0
G1059, Black,https://dl.dropboxusercontent.com/s/hf9s0r1zis1y86o/G1059%20Black_cami.jpg?dl=0,cami.jp
G1059, Fuchsia,https://dl.dropboxusercontent.com/s/jj0vzoyrv858baa/G1059%20Fuchsia.jpg?dl=0,0
G1059, Fuchsia,https://dl.dropboxusercontent.com/s/wqczwyismhlw9jk/G1059%20Fuchsia_back.jpg?dl=0,back.jp
G1059, Ivory,https://dl.dropboxusercontent.com/s/pdkci9et299pp83/G1059%20Ivory.jpg?dl=0,0
G1060, Lavender,https://dl.dropboxusercontent.com/s/zkr4122q3hrba65/G1060%20Lavender.jpg?dl=0,0
G1060, Lavender,https://dl.dropboxusercontent.com/s/kjaa8sbt33pgy1j/G1060%20Lavender_back.jpg?dl=0,back.jp
G1060, Lavender,https://dl.dropboxusercontent.com/s/2uviw7kt59q53ub/G1060%20Lavender_cami.jpg?dl=0,cami.jp
G1060, Off white,https://dl.dropboxusercontent.com/s/okv2yon5bmpah2s/G1060%20Off%20white.jpg?dl=0,0
G1061, Blue,https://dl.dropboxusercontent.com/s/5x1liey8w38g3ah/G1061%20Blue.jpg?dl=0,0
G1061, Blue,https://dl.dropboxusercontent.com/s/3xe0glh2dwc7ywj/G1061%20Blue_back.jpg?dl=0,back.jp
G1061, Silver,https://dl.dropboxusercontent.com/s/2lv41yhy2xkqqba/G1061%20Silver.jpg?dl=0,0
G1061, Silver,https://dl.dropboxusercontent.com/s/zzaozi0xlsvqgnn/G1061%20Silver_cami.jpg?dl=0,cami.jp
G1062, Fuchsia,https://dl.dropboxusercontent.com/s/pvtro6qy5tpafe4/G1062%20Fuchsia.jpg?dl=0,0
G1062, Mustard,https://dl.dropboxusercontent.com/s/w98nn66lqka8kjo/G1062%20Mustard.jpg?dl=0,0
G1062, Mustard,https://dl.dropboxusercontent.com/s/epfoo13koiw3ppz/G1062%20Mustard_back.jpg?dl=0,back.jp
G1062, Mustard,https://dl.dropboxusercontent.com/s/zbmpyf47s3mdjuk/G1062%20Mustard_dress.jpg?dl=0,dress.jp
G1063, Ice blue,https://dl.dropboxusercontent.com/s/nvhasr2j56llfgx/G1063%20Ice%20blue.jpg?dl=0,0
G1063, Ice blue,https://dl.dropboxusercontent.com/s/oy8mfms8oll35cd/G1063%20Ice%20blue_back.jpg?dl=0,back.jp
G1063, Pink,https://dl.dropboxusercontent.com/s/d7hl318q9tz0fkb/G1063%20Pink.jpg?dl=0,0
G1064, Black leopard,https://dl.dropboxusercontent.com/s/kfqr37801pm2tk9/G1064%20Black%20leopard_1.jpg?dl=0,1.jp
G1064, Black leopard,https://dl.dropboxusercontent.com/s/rzu04f65t3efj7h/G1064%20Black%20leopard_2.jpg?dl=0,2.jp
G1064, Black leopard,https://dl.dropboxusercontent.com/s/ctsvr4pfxxtgp7y/G1064%20Black%20leopard_3.jpg?dl=0,3.jp
G1064, Black leopard,https://dl.dropboxusercontent.com/s/tsl4n7nnpdwhc7a/G1064%20Black%20leopard_back.jpg?dl=0,back.jp
G1064, Black leopard,https://dl.dropboxusercontent.com/s/9td0n7ijcn0p6ev/G1064%20Black%20leopard_dress_1.jpg?dl=0,dress_1.jp
G1064, Black leopard,https://dl.dropboxusercontent.com/s/cvvmotpzbv5eaee/G1064%20Black%20leopard_dress_2.jpg?dl=0,dress_2.jp
G1065, Black leopard,https://dl.dropboxusercontent.com/s/yd47up8gy3k5gds/G1065%20Black%20leopard.jpg?dl=0,0
G1065, Black leopard,https://dl.dropboxusercontent.com/s/8yat4mzerpmku7a/G1065%20Black%20leopard_back.jpg?dl=0,back.jp
G1066, Fuchsia,https://dl.dropboxusercontent.com/s/htl9cumb1eo8jcf/G1066%20Fuchsia.jpg?dl=0,0
G1066, Fuchsia,https://dl.dropboxusercontent.com/s/8h425xzjtn8wpye/G1066%20Fuchsia_cami.jpg?dl=0,cami.jp
G1066, Mustard,https://dl.dropboxusercontent.com/s/4iaj2xfqi55sfe2/G1066%20Mustard.jpg?dl=0,0
G1066, Mustard,https://dl.dropboxusercontent.com/s/gsicjeui0w1b0ju/G1066%20Mustard_back.jpg?dl=0,back.jp
G1067, Navy-green,https://dl.dropboxusercontent.com/s/on9n5nm0jkms8zi/G1067%20Navy-green.jpg?dl=0,0
G1067, Navy-green,https://dl.dropboxusercontent.com/s/4f2qk0k9p1zilki/G1067%20Navy-green_cami.jpg?dl=0,cami.jp
G1067, Purple-gold,https://dl.dropboxusercontent.com/s/1t3eruuor3c7r7p/G1067%20Purple-gold.jpg?dl=0,0
G1067, Purple-gold,https://dl.dropboxusercontent.com/s/874cmkkywikdb2y/G1067%20Purple-gold_back.jpg?dl=0,back.jp
G1068, Navy-green,https://dl.dropboxusercontent.com/s/yf9qvo6p8usf4as/G1068%20Navy-green.jpg?dl=0,0
G1068, Red-blk,https://dl.dropboxusercontent.com/s/4td1bn1crwwyj1q/G1068%20Red-blk.jpg?dl=0,0
G1068, Red-blk,https://dl.dropboxusercontent.com/s/0v7nta5twepy26q/G1068%20Red-blk_back.jpg?dl=0,back.jp
G1069, Cinnamon,https://dl.dropboxusercontent.com/s/ti1g61u0fp6g3ax/G1069%20Cinnamon.jpg?dl=0,0
G1069, Cinnamon,https://dl.dropboxusercontent.com/s/4bi0rsbsa0nzcj9/G1069%20Cinnamon_back.jpg?dl=0,back.jp
G1069, Cinnamon,https://dl.dropboxusercontent.com/s/wxjf154hgte9cua/G1069%20Cinnamon_cami.jpg?dl=0,cami.jp
G1069, Steel,https://dl.dropboxusercontent.com/s/m0upayewax5nvon/G1069%20Steel.jpg?dl=0,0
G1069, Steel,https://dl.dropboxusercontent.com/s/em2d7ibevxezoc3/G1069%20Steel_back.jpg?dl=0,back.jp
G1069A, White,https://dl.dropboxusercontent.com/s/esaac9nn5nh5zq1/G1069A%20White.jpg?dl=0,0
G1072, Apple Green,https://dl.dropboxusercontent.com/s/s976ybc1tuoejin/G1072%20Apple%20Green.jpg?dl=0,0
G1080, Purple,https://dl.dropboxusercontent.com/s/b0xgwc0cdyasld1/G1080%20Purple.jpg?dl=0,0
G1080, Purple,https://dl.dropboxusercontent.com/s/37hqgotyuaxjnkh/G1080%20Purple_back.jpg?dl=0,back.jp
G1080, Red,https://dl.dropboxusercontent.com/s/bx34dsu6sbmwkji/G1080%20Red.jpg?dl=0,0
G1080, Red,https://dl.dropboxusercontent.com/s/rfoe85j6iifot3e/G1080%20Red_back.jpg?dl=0,back.jp
G1080, White,https://dl.dropboxusercontent.com/s/dqblfc64nw94ajb/G1080%20White_1.jpg?dl=0,1.jp
G1080, White,https://dl.dropboxusercontent.com/s/nkmy5e5xk1f6uxp/G1080%20White_2.jpg?dl=0,2.jp
G1081, Black,https://dl.dropboxusercontent.com/s/xgbdq3q99x9axzp/G1081%20Black.jpg?dl=0,0
G1081, Black,https://dl.dropboxusercontent.com/s/z1sk4y3lyqc4cr8/G1081%20Black_back.jpg?dl=0,back.jp
G1081, Mustard gold,https://dl.dropboxusercontent.com/s/jn4rwnvpr2b6dyg/G1081%20Mustard%20gold.jpg?dl=0,0
G1081, Red,https://dl.dropboxusercontent.com/s/pqm8z3engnmla2h/G1081%20Red_dress_1.jpg?dl=0,dress_1.jp
G1081, Red,https://dl.dropboxusercontent.com/s/gh4zfm3ocz7eaio/G1081%20Red_dress_2.jpg?dl=0,dress_2.jp
G1082, White-blk Dot,https://dl.dropboxusercontent.com/s/b7751b6zrr27zly/G1082%20White-blk%20Dot.jpg?dl=0,0
G1082, White-blk Dot,https://dl.dropboxusercontent.com/s/5ghok0n8l915g9q/G1082%20White-blk%20Dot_back.jpg?dl=0,back.jp
G1082, White-blk Dot,https://dl.dropboxusercontent.com/s/vtuwal3uqulhwc5/G1082%20White-blk%20Dot_cami.jpg?dl=0,cami.jp
G1082, White-blk-red,https://dl.dropboxusercontent.com/s/se0ski7pvi1r2nl/G1082%20White-blk-red.jpg?dl=0,0
G1082, White-lav,https://dl.dropboxusercontent.com/s/ga0uxxw36za4wy6/G1082%20White-lav_1.jpg?dl=0,1.jp
G1082, White-lav,https://dl.dropboxusercontent.com/s/o2n9we9v56ebgar/G1082%20White-lav_2.jpg?dl=0,2.jp
G1088, Black,https://dl.dropboxusercontent.com/s/9wb49yjxaqg8l2h/G1088%20Black.jpg?dl=0,0
G1088, Champagne,https://dl.dropboxusercontent.com/s/lhpo19x2i1kq203/G1088%20Champagne.jpg?dl=0,0
G1088, Navy,https://dl.dropboxusercontent.com/s/ods1tgqhffnf9kc/G1088%20Navy.jpg?dl=0,0
G1088, Silver,https://dl.dropboxusercontent.com/s/kocyxmh42judj2b/G1088%20Silver.jpg?dl=0,0
G1088, Silver,https://dl.dropboxusercontent.com/s/pbp0p52hkvrp2bz/G1088%20Silver_back.jpg?dl=0,back.jp
G1088, Silver,https://dl.dropboxusercontent.com/s/mcnsqrraaxp40ue/G1088%20Silver_cami.jpg?dl=0,cami.jp
G1088, White,https://dl.dropboxusercontent.com/s/76plwpsd6o3li7p/G1088%20White.jpg?dl=0,0
G1049, Rose pink,https://dl.dropboxusercontent.com/s/nmoq15id583lt16/G1049%20Rose%20pink_back.jpg?dl=0,back.jp
G1050, White,https://dl.dropboxusercontent.com/s/y8mu4be1hg6ftlq/G1050%20White_back.jpg?dl=0,back.jp
G1069, Cinnamon-taupe,https://dl.dropboxusercontent.com/s/o2otdia6d3s6zfe/G1069%20Cinnamon-taupe.jpg?dl=0,0
G1051, Gold,https://dl.dropboxusercontent.com/s/3rol19dn5d391g7/G1051%20Gold.jpg?dl=0,0
G1051, Green,https://dl.dropboxusercontent.com/s/zb3zoydtxzy3jyj/G1051%20Green.jpg?dl=0,0
G1011, White,https://dl.dropboxusercontent.com/s/8oeaeyl1k7mtryr/G1011%20White.jpg?dl=0,0
G1007, Dk. Lavender,https://dl.dropboxusercontent.com/s/qvdd0idokj1whef/G1007%20Dk.%20Lavender.jpg?dl=0,0
G1007, White,https://dl.dropboxusercontent.com/s/iqw0oyom37fcxs2/G1007%20White.jpg?dl=0,0
G1007, Lavender,https://dl.dropboxusercontent.com/s/ae4wyf8f2995ey9/G1007%20Lavender.jpg?dl=0,0
G1007, Lavender,https://dl.dropboxusercontent.com/s/616hmjalook9z4z/G1007%20Lavender_back.jpg?dl=0,back.jp
G1056, Purple-white,https://dl.dropboxusercontent.com/s/d8jgzbdsoz1oeq8/G1056%20Purple-white.jpg?dl=0,0
G1056, Purple-white,https://dl.dropboxusercontent.com/s/gx4hgdgbp46jkxj/G1056%20Purple-white_back.jpg?dl=0,back.jp
G1070, Purple,https://dl.dropboxusercontent.com/s/41lo5md9iv9poik/G1070%20Purple.jpg?dl=0,0
G1070, Red,https://dl.dropboxusercontent.com/s/h806n43z6arv5vl/G1070%20Red.jpg?dl=0,0
G1070, Red,https://dl.dropboxusercontent.com/s/s9wu1jchk6yekbo/G1070%20Red_back.jpg?dl=0,back.jp
G1070, Red,https://dl.dropboxusercontent.com/s/hzhhk0694r98fn7/G1070%20Red_cami.jpg?dl=0,cami.jp
G1074, Apple green,https://dl.dropboxusercontent.com/s/jj3z9i15tm9ovlc/G1074%20Apple%20green.jpg?dl=0,0
G1074, Pink,https://dl.dropboxusercontent.com/s/r0fplquf7tohpyf/G1074%20Pink.jpg?dl=0,0
G1083, Lavender,https://dl.dropboxusercontent.com/s/kq56zsbd16wmr6r/G1083%20Lavender_cami.jpg?dl=0,cami.jp
G1086, Indigo blue,https://dl.dropboxusercontent.com/s/tf8n3gti17wl7cl/G1086%20Indigo%20blue.jpg?dl=0,0
G1086, Indigo blue,https://dl.dropboxusercontent.com/s/b93r9zsefwnx39b/G1086%20Indigo%20blue_back.jpg?dl=0,back.jp
G1087, Lavender,https://dl.dropboxusercontent.com/s/tim0ws0kn6zdprr/G1087%20Lavender_back.jpg?dl=0,back.jp
G1092, Orange,https://dl.dropboxusercontent.com/s/xh69k5bb94hbkcc/G1092%20Orange.jpg?dl=0,0
G1083, Lavender,https://dl.dropboxusercontent.com/s/gi2w8byv2yezk3c/G1083%20Lavender.jpg?dl=0,0
G1083, Lavender,https://dl.dropboxusercontent.com/s/xk91ozd9332ycbe/G1083%20Lavender_back.jpg?dl=0,back.jp
G1083, White,https://dl.dropboxusercontent.com/s/ofyu33iur0kx5lc/G1083%20White.jpg?dl=0,0
G1084, Lemon-Lime,https://dl.dropboxusercontent.com/s/gcbi24mpk0x46r6/G1084%20Lemon-Lime.jpg?dl=0,0
G1084, Lilac,https://dl.dropboxusercontent.com/s/jofbkvqcca1ix90/G1084%20Lilac.jpg?dl=0,0
G1084, White,https://dl.dropboxusercontent.com/s/x7g5tgp0amsj6yi/G1084%20White.jpg?dl=0,0
G1084, White,https://dl.dropboxusercontent.com/s/35tm4dkp524yg94/G1084%20White_back.jpg?dl=0,back.jp
G1085, Mint,https://dl.dropboxusercontent.com/s/ksjsjapfl5dolli/G1085%20Mint.jpg?dl=0,0
G1085, White,https://dl.dropboxusercontent.com/s/v8esogg3f60stns/G1085%20White.jpg?dl=0,0
G1085, White,https://dl.dropboxusercontent.com/s/vxfjmrg70beljrz/G1085%20White_back.jpg?dl=0,back.jp
G1087, Lavender,https://dl.dropboxusercontent.com/s/ccjl4uhj851dbjo/G1087%20Lavender.jpg?dl=0,0
G1087, White,https://dl.dropboxusercontent.com/s/aljtz56v1ikd6oz/G1087%20White.jpg?dl=0,0
G1090, Cranberry,https://dl.dropboxusercontent.com/s/iuvo9i2ynowikds/G1090%20Cranberry.jpg?dl=0,0
G1090, Navy,https://dl.dropboxusercontent.com/s/sessysde6z7d8d2/G1090%20Navy.jpg?dl=0,0
G1090, Navy,https://dl.dropboxusercontent.com/s/cg52iywbbkbne3f/G1090%20Navy_back.jpg?dl=0,back.jp
G1007, Gold,https://dl.dropboxusercontent.com/s/rrl4qdh8qn6e13a/G1007%20Gold.jpg?dl=0,0
G1086A, Pink,https://dl.dropboxusercontent.com/s/1rh4s4m36bxv6b0/G1086A%20Pink.jpg?dl=0,0
G1086A, Pink,https://dl.dropboxusercontent.com/s/4fi34c4vk4k0uzi/G1086A%20Pink_back.jpg?dl=0,back.jp
G1086A, White,https://dl.dropboxusercontent.com/s/b9suim5lauyw5a3/G1086A%20White.jpg?dl=0,0
G1093, White,https://dl.dropboxusercontent.com/s/pjvjsem1o31m8iy/G1093%20White.jpg?dl=0,0
G0842, White-yellow,https://dl.dropboxusercontent.com/s/xs1wb8hxxpm8wrh/G0842%20White-yellow.jpg?dl=0,0
G1060, Yellow Gold,https://dl.dropboxusercontent.com/s/f6yfte2jvz2ygnm/G1060%20Yellow%20Gold.jpg?dl=0,0
G1082, White-yellow,https://dl.dropboxusercontent.com/s/z268ijvdz37wlzm/G1082%20White-yellow.jpg?dl=0,0
G1082, White-yellow,https://dl.dropboxusercontent.com/s/05uwmvi4u7lgjd8/G1082%20White-yellow_cami.jpg?dl=0,cami.jp
G1086A, Pink,https://dl.dropboxusercontent.com/s/ilgy4obx7vnrvqt/G1086A%20Pink_cami.jpg?dl=0,cami.jp
G1093, Pink,https://dl.dropboxusercontent.com/s/bnh3ldj60ge8bg7/G1093%20Pink.jpg?dl=0,0
G1093, Pink,https://dl.dropboxusercontent.com/s/bq8l6ydddyjxx34/G1093%20Pink_back.jpg?dl=0,back.jp
G1094, Lilac,https://dl.dropboxusercontent.com/s/inn3xxcr47obb5v/G1094%20Lilac.jpg?dl=0,0
G1094, White,https://dl.dropboxusercontent.com/s/7y66nj8jyo1xcuw/G1094%20White.jpg?dl=0,0
G1095, Violet,https://dl.dropboxusercontent.com/s/cjjkrxor5em6h4j/G1095%20Violet.jpg?dl=0,0
G1095, Violet,https://dl.dropboxusercontent.com/s/udtwvvy8c2ajlcd/G1095%20Violet_back.jpg?dl=0,back.jp
G1096, Blue-1,https://dl.dropboxusercontent.com/s/fmorz6pulr4w5zn/G1096%20Blue-1.jpg?dl=0,0
G1096, Blue-2,https://dl.dropboxusercontent.com/s/nfo1loxr3jdv61n/G1096%20Blue-2.jpg?dl=0,0
G1096, Blue,https://dl.dropboxusercontent.com/s/6oicp6vbbz8dp1x/G1096%20Blue_back.jpg?dl=0,back.jp
G1096, Pink,https://dl.dropboxusercontent.com/s/fy2pirnpmb04is3/G1096%20Pink.jpg?dl=0,0
G1096, Yellow,https://dl.dropboxusercontent.com/s/vpgv9bglotpsygw/G1096%20Yellow.jpg?dl=0,0
G1096, Yellow,https://dl.dropboxusercontent.com/s/wyro8q2x58r0sox/G1096%20Yellow_cami.jpg?dl=0,cami.jp
G1097, Pink-gold,https://dl.dropboxusercontent.com/s/3htb3masnzjppl1/G1097%20Pink-gold.jpg?dl=0,0
G1097, Pink-gold,https://dl.dropboxusercontent.com/s/6uy2tcfomhdl48x/G1097%20Pink-gold_back.jpg?dl=0,back.jp
G1098, Champagne,https://dl.dropboxusercontent.com/s/m1dz0zm3h589nif/G1098%20Champagne.jpg?dl=0,0
G1098, Champagne,https://dl.dropboxusercontent.com/s/579kxdfic3gnu9i/G1098%20Champagne_back.jpg?dl=0,back.jp
G1098, Lime,https://dl.dropboxusercontent.com/s/gaytz4cjgkdfqa2/G1098%20Lime.jpg?dl=0,0
G1098, Yellow,https://dl.dropboxusercontent.com/s/574hpxe98rggrrj/G1098%20Yellow.jpg?dl=0,0
G1099, Blush Pink,https://dl.dropboxusercontent.com/s/k2146pv6orzs8c8/G1099%20Blush%20Pink.jpg?dl=0,0
G1099, Lime,https://dl.dropboxusercontent.com/s/fgl1dri5ozqsu27/G1099%20Lime.jpg?dl=0,0
G1102, Green,https://dl.dropboxusercontent.com/s/nw0zfkaulp633rl/G1102%20Green.jpg?dl=0,0
G1102, Green,https://dl.dropboxusercontent.com/s/zfk6b6r98jesjbt/G1102%20Green_back.jpg?dl=0,back.jp
G1102, Green,https://dl.dropboxusercontent.com/s/h8ahz154qedcsty/G1102%20Green_cami.jpg?dl=0,cami.jp
G1110, Yellow,https://dl.dropboxusercontent.com/s/l7id5suk5od0eer/G1110%20Yellow.jpg?dl=0,0
G1110, Yellow,https://dl.dropboxusercontent.com/s/sxr42mh7msxhp83/G1110%20Yellow_back.jpg?dl=0,back.jp
G1090, Navy,https://dl.dropboxusercontent.com/s/u7x51ezl5cat7oi/G1090%20Navy_dress.jpg?dl=0,dress.jp
G1092, Coral Multi,https://dl.dropboxusercontent.com/s/8jtu8fx5soc631b/G1092%20Coral%20Multi.jpg?dl=0,0
G1092, Coral Multi,https://dl.dropboxusercontent.com/s/4ymz8lqqv3o9avq/G1092%20Coral%20Multi_back.jpg?dl=0,back.jp
G1094, Lilac,https://dl.dropboxusercontent.com/s/ldnuxpfhdt8cv2s/G1094%20Lilac_back.jpg?dl=0,back.jp
P1011, Navy,https://dl.dropboxusercontent.com/s/7qmum1zc406lif2/P1011%20Navy.jpg?dl=0,0
P1011, Pink,https://dl.dropboxusercontent.com/s/w4vr0yv7l5ghota/P1011%20Pink.jpg?dl=0,0
P1011, White,https://dl.dropboxusercontent.com/s/w2yq3updju03l0f/P1011%20White.jpg?dl=0,0
P1012, Green,https://dl.dropboxusercontent.com/s/coz4iqlcxhswl2h/P1012%20Green.jpg?dl=0,0
P1012, Red-blue-yellow,https://dl.dropboxusercontent.com/s/fvw0k1fhiulik2a/P1012%20Red-blue-yellow_1.jpg?dl=0,1.jp
P1012, Red-blue-yellow,https://dl.dropboxusercontent.com/s/ylow66itdx7aeyn/P1012%20Red-blue-yellow_2.jpg?dl=0,2.jp
P1013, Black-wht,https://dl.dropboxusercontent.com/s/oplmjg8lkm5j1xu/P1013%20Black-wht_1.jpg?dl=0,1.jp
P1013, Black-wht,https://dl.dropboxusercontent.com/s/bc210z98w9ggh1y/P1013%20Black-wht_2.jpg?dl=0,2.jp
P1013, Rainbow,https://dl.dropboxusercontent.com/s/d39qmlw2rk1na2y/P1013%20Rainbow.jpg?dl=0,0
P1013, Royal,https://dl.dropboxusercontent.com/s/wwawnizgb8nj9d5/P1013%20Royal_1.jpg?dl=0,1.jp
P1014, Denim,https://dl.dropboxusercontent.com/s/2i5jnqlxmlji6t9/P1014%20Denim_Skirt%20Only.jpg?dl=0,Skirt Only.jp
P1016, Denim-orange,https://dl.dropboxusercontent.com/s/j42fw2dke8cc0z8/P1016%20Denim-orange.jpg?dl=0,0
PS1701, Pink.JP,https://dl.dropboxusercontent.com/s/0ne339hza313tt5/PS1701%20Pink.JPG?dl=0,0
SOLD, OU,https://dl.dropboxusercontent.com/sh/dmh22s9hztcaauh/AAAWPJa62a1dz6UMk8t38Uwva?dl=0,0
H0889, AquaBlue,https://dl.dropboxusercontent.com/s/frkxmlnzutmlskv/H0889%20AquaBlue.jpg?dl=0,0
H0889, White,https://dl.dropboxusercontent.com/s/d58o7lw5piefnjr/H0889%20White.jpg?dl=0,0
HD1338, Black-White,https://dl.dropboxusercontent.com/s/wr6cibclajbkq8k/HD1338%20Black-White.jpg?dl=0,0
HD1342, White-Royal,https://dl.dropboxusercontent.com/s/8jkpmgedsld87oj/HD1342%20White-Royal.jpg?dl=0,0
HD1424-58, Pink,https://dl.dropboxusercontent.com/s/u9jm7wpy7tkysbn/HD1424-58%20Pink.jpg?dl=0,0
HD1424-58, White,https://dl.dropboxusercontent.com/s/1makxh07okot6t8/HD1424-58%20White.jpg?dl=0,0
HD1491, Champ,https://dl.dropboxusercontent.com/s/okxavr6gwxcw41x/HD1491%20Champ.jpg?dl=0,0
HD1493, White,https://dl.dropboxusercontent.com/s/0e7owrw2xzryrc0/HD1493%20White.jpg?dl=0,0
HD1499, Champ,https://dl.dropboxusercontent.com/s/ulcw4ao1guqlqmt/HD1499%20Champ.jpg?dl=0,0
HD1499, White,https://dl.dropboxusercontent.com/s/inz8dt2uog5ulq1/HD1499%20White.jpg?dl=0,0
HG1007, Emerald,https://dl.dropboxusercontent.com/s/2zba12x8u93fb00/HG1007%20Emerald.jpg?dl=0,0
HG1007, Ice blue,https://dl.dropboxusercontent.com/s/d7tw3lgxff40bxa/HG1007%20Ice%20blue.jpg?dl=0,0
HG1007, Silver,https://dl.dropboxusercontent.com/s/jgt7oqarpuwuyc9/HG1007%20Silver.jpg?dl=0,0
HG1060, OffWhite,https://dl.dropboxusercontent.com/s/stzrjf2eovee3a1/HG1060%20OffWhite.jpg?dl=0,0
H0889, Coral Pink,https://dl.dropboxusercontent.com/s/ewioi1jakw7ftjn/H0889%20Coral%20Pink.jpg?dl=0,0
HD1336, White-Black,https://dl.dropboxusercontent.com/s/9v03ep07z5ou4ds/HD1336%20White-Black.jpg?dl=0,0
HD1337, Multi,https://dl.dropboxusercontent.com/s/kr148hv60un65i9/HD1337%20Multi.jpg?dl=0,0
HD1339, Gold-Royal,https://dl.dropboxusercontent.com/s/chbs9mkwgs50fl8/HD1339%20Gold-Royal.jpg?dl=0,0
HD1340, Gold-Red-Black,https://dl.dropboxusercontent.com/s/7vu4w15op5n14fc/HD1340%20Gold-Red-Black.jpg?dl=0,0
HD1341, Orange Multi-1,https://dl.dropboxusercontent.com/s/9zbf799ef5q7h9r/HD1341%20Orange%20Multi-1.jpg?dl=0,0
HD1341, Orange Multi-2,https://dl.dropboxusercontent.com/s/que3ogobxmadcow/HD1341%20Orange%20Multi-2.jpg?dl=0,0
HD1341, Sea Foam Multi-1,https://dl.dropboxusercontent.com/s/aq6acrg2ymd4wgo/HD1341%20Sea%20Foam%20Multi-1.jpg?dl=0,0
HD1341, SeaFoam Multi-2,https://dl.dropboxusercontent.com/s/b1vq6pwqec3vp8a/HD1341%20SeaFoam%20Multi-2.jpg?dl=0,0
HD1424-58, Navy,https://dl.dropboxusercontent.com/s/obya1f6666lkfxn/HD1424-58%20Navy.jpg?dl=0,0
HD1493, Silver,https://dl.dropboxusercontent.com/s/gfh0u5ww24rd6zg/HD1493%20Silver.jpg?dl=0,0
HD1494, Ivory,https://dl.dropboxusercontent.com/s/8ti481bkd1zemj3/HD1494%20Ivory.jpg?dl=0,0
HD1494, Pink,https://dl.dropboxusercontent.com/s/7oxijhixgd869cy/HD1494%20Pink.jpg?dl=0,0
HD1499, Copper,https://dl.dropboxusercontent.com/s/dkenvlsaoqjuspz/HD1499%20Copper.jpg?dl=0,0
HG1060, Lavender,https://dl.dropboxusercontent.com/s/cw5fjgcghtjdf8v/HG1060%20Lavender.jpg?dl=0,0
HG1067-68, Navy,https://dl.dropboxusercontent.com/s/al0qfismr17peba/HG1067-68%20Navy.jpg?dl=0,0
H0895, B. Orange,https://dl.dropboxusercontent.com/s/hp07r5674hrxhph/H0895%20B.%20Orange.jpg?dl=0,0
H0907-08, Emerald,https://dl.dropboxusercontent.com/s/8b7onfk69nurue2/H0907-08%20Emerald.jpg?dl=0,0
HD1326, Leopard,https://dl.dropboxusercontent.com/s/rzxv7g2df76fwoq/HD1326%20Leopard.jpg?dl=0,0
HD1335, White-blk,https://dl.dropboxusercontent.com/s/8g28vd2tqyt6iiu/HD1335%20White-blk.jpg?dl=0,0
HD1345, Gold,https://dl.dropboxusercontent.com/s/4i7s6jegmf6y59z/HD1345%20Gold.jpg?dl=0,0
HD1345, Sapphire,https://dl.dropboxusercontent.com/s/f5qgud6tedceisa/HD1345%20Sapphire.jpg?dl=0,0
HD1345, White,https://dl.dropboxusercontent.com/s/bf3ltsildqx3fnd/HD1345%20White.jpg?dl=0,0
HD1347, Multi,https://dl.dropboxusercontent.com/s/drcj84ej0iubg8c/HD1347%20Multi.jpg?dl=0,0
HD1348, Multi,https://dl.dropboxusercontent.com/s/0b6684hm7qtwjol/HD1348%20Multi.jpg?dl=0,0
HD1424-58, Burgundy,https://dl.dropboxusercontent.com/s/sv7yd3gmerymzp4/HD1424-58%20Burgundy.jpg?dl=0,0
HD1424-58, Green,https://dl.dropboxusercontent.com/s/w0ywl41p6x0689o/HD1424-58%20Green.jpg?dl=0,0
HD1468-69, Gold-blk,https://dl.dropboxusercontent.com/s/hu0dc8os8j89jh7/HD1468-69%20Gold-blk.jpg?dl=0,0
HD1492, Lime Green,https://dl.dropboxusercontent.com/s/qxw7xsa6qt0ja0e/HD1492%20Lime%20Green.jpg?dl=0,0
HD1502, Black-green,https://dl.dropboxusercontent.com/s/d3jy6zwy9kjzfnr/HD1502%20Black-green.jpg?dl=0,0
HD1502, Black-pink,https://dl.dropboxusercontent.com/s/j8vejjj6dqxiwkt/HD1502%20Black-pink.jpg?dl=0,0
HG1007, Champagne,https://dl.dropboxusercontent.com/s/w6y4n2hex9ug4az/HG1007%20Champagne.jpg?dl=0,0
HG1035, Black-royal,https://dl.dropboxusercontent.com/s/9tccea8i7108uw9/HG1035%20Black-royal.jpg?dl=0,0
HG1037-39, Gold-wht,https://dl.dropboxusercontent.com/s/xe0539r41rqp2ow/HG1037-39%20Gold-wht.jpg?dl=0,0
HG1037-39, Green-wht,https://dl.dropboxusercontent.com/s/xexlmwuhy7xhds4/HG1037-39%20Green-wht.jpg?dl=0,0
HG1040, Peacock,https://dl.dropboxusercontent.com/s/ypo363us7na5uqo/HG1040%20Peacock.jpg?dl=0,0
HG1040, Violet,https://dl.dropboxusercontent.com/s/uvdrhxfmeppzz56/HG1040%20Violet.jpg?dl=0,0
HG1046, Purple,https://dl.dropboxusercontent.com/s/0ddb90abj9umwaw/HG1046%20Purple.jpg?dl=0,0
HG1046, Turq,https://dl.dropboxusercontent.com/s/qht9bkm8wd98fi3/HG1046%20Turq.jpg?dl=0,0
HG1059, Black,https://dl.dropboxusercontent.com/s/p93ow7xrrgkstuo/HG1059%20Black.jpg?dl=0,0
HG1059, Fuchsia,https://dl.dropboxusercontent.com/s/tu0t1f3fkikb9sw/HG1059%20Fuchsia.jpg?dl=0,0
HG1061, Blue,https://dl.dropboxusercontent.com/s/djxdxl3o8lqr9na/HG1061%20Blue.jpg?dl=0,0
HG1061, Silver,https://dl.dropboxusercontent.com/s/wjkrwwbgjycwqfp/HG1061%20Silver.jpg?dl=0,0
HG1062, Mustard,https://dl.dropboxusercontent.com/s/eflzqx90vmnagof/HG1062%20Mustard.jpg?dl=0,0
HG1066, Fuchsia,https://dl.dropboxusercontent.com/s/tfejlj6ogzxzbl1/HG1066%20Fuchsia.jpg?dl=0,0
HG1067-68, Purple-gold,https://dl.dropboxusercontent.com/s/33c6ccdyri5gdpv/HG1067-68%20Purple-gold.jpg?dl=0,0
HG1069, Cinnamon,https://dl.dropboxusercontent.com/s/fcarb7tnnye741o/HG1069%20Cinnamon.jpg?dl=0,0
HG1069, Steel,https://dl.dropboxusercontent.com/s/8k2nrp4bjwt212f/HG1069%20Steel.jpg?dl=0,0
H0910, Black-wht Dot,https://dl.dropboxusercontent.com/s/g69mmerzog5zwep/H0910%20Black-wht%20Dot.jpg?dl=0,0
HD1349, Black-pink,https://dl.dropboxusercontent.com/s/m2g9rgkper9qqop/HD1349%20Black-pink.jpg?dl=0,0
HG1007, Navy,https://dl.dropboxusercontent.com/s/pz4lrmxv9tmzhw9/HG1007%20Navy.jpg?dl=0,0
HG1067-68, Red-blk,https://dl.dropboxusercontent.com/s/knw74jr34vwzvd9/HG1067-68%20Red-blk.jpg?dl=0,0
HM1020, Black,https://dl.dropboxusercontent.com/s/n4rmi4lu7qpli5h/HM1020%20Black.jpg?dl=0,0
HM1020, White,https://dl.dropboxusercontent.com/s/5bi6lnvnhozcu8p/HM1020%20White.jpg?dl=0,0
HM948, Lilac,https://dl.dropboxusercontent.com/s/bksbmymrp8mv9e0/HM948%20Lilac.jpg?dl=0,0
HM967, Black,https://dl.dropboxusercontent.com/s/docn9v2bfl7ubqz/HM967%20Black.jpg?dl=0,0
HM967, Pink,https://dl.dropboxusercontent.com/s/uh4od20zqqolm8t/HM967%20Pink.jpg?dl=0,0
HM967, White,https://dl.dropboxusercontent.com/s/dzzwr47en9lqwyo/HM967%20White.jpg?dl=0,0
HR1031, Green,https://dl.dropboxusercontent.com/s/1gmrk5vq8optqhm/HR1031%20Green.jpg?dl=0,0
HR1037, Champagne,https://dl.dropboxusercontent.com/s/zbh8uc8qiostkgs/HR1037%20Champagne.jpg?dl=0,0
HR1037, Navy,https://dl.dropboxusercontent.com/s/ps9rfdautizihy7/HR1037%20Navy.jpg?dl=0,0
HR1037, Silver,https://dl.dropboxusercontent.com/s/hlgw2w0wypyi0dq/HR1037%20Silver.jpg?dl=0,0
HM935, Black,https://dl.dropboxusercontent.com/s/9k7e5helni4qxpy/HM935%20Black.jpg?dl=0,0
HM935, Chocolate,https://dl.dropboxusercontent.com/s/bwgz0ddit87tjrp/HM935%20Chocolate.jpg?dl=0,0
HM935, Navy,https://dl.dropboxusercontent.com/s/vt0vjz5q5vc3hys/HM935%20Navy.jpg?dl=0,0
HM935, Royal,https://dl.dropboxusercontent.com/s/ag9rky59tyr0rh8/HM935%20Royal.jpg?dl=0,0
HM944, Black,https://dl.dropboxusercontent.com/s/7wpv8v40q75529o/HM944%20Black.jpg?dl=0,0
HM944, Champ,https://dl.dropboxusercontent.com/s/swb5ipcfqbraz55/HM944%20Champ.jpg?dl=0,0
HM944, Navy,https://dl.dropboxusercontent.com/s/8wrm94g9j6urr3i/HM944%20Navy.jpg?dl=0,0
HM944, White,https://dl.dropboxusercontent.com/s/tqg19udo6dhmlf7/HM944%20White.jpg?dl=0,0
HM948, Black,https://dl.dropboxusercontent.com/s/88sgz8139lil8gg/HM948%20Black.jpg?dl=0,0
HM948, Navy,https://dl.dropboxusercontent.com/s/uwwikxvqbvty695/HM948%20Navy.jpg?dl=0,0
HM948, White,https://dl.dropboxusercontent.com/s/xp25oube83w736y/HM948%20White.jpg?dl=0,0
HM949, Black,https://dl.dropboxusercontent.com/s/wzrue0uqf8fc4ih/HM949%20Black.jpg?dl=0,0
HM970, Black,https://dl.dropboxusercontent.com/s/8teer59n6av1qik/HM970%20Black.jpg?dl=0,0
HM971, Black,https://dl.dropboxusercontent.com/s/u0ipflqarft9kdx/HM971%20Black.jpg?dl=0,0
HM971, Purple,https://dl.dropboxusercontent.com/s/fsuzy213ktjg2so/HM971%20Purple.jpg?dl=0,0
HR1020, Purple,https://dl.dropboxusercontent.com/s/w7xkfr04qnpguax/HR1020%20Purple.jpg?dl=0,0
HR1020, Silver,https://dl.dropboxusercontent.com/s/0psmr7us47rf5yy/HR1020%20Silver.jpg?dl=0,0
HR1031, Purple,https://dl.dropboxusercontent.com/s/h5pzzqvinu50i4f/HR1031%20Purple.jpg?dl=0,0
HR1037, Black,https://dl.dropboxusercontent.com/s/oyvhylv1vshj0z1/HR1037%20Black.jpg?dl=0,0
HR1038, Black-wht,https://dl.dropboxusercontent.com/s/x3is0zipfaxzxlr/HR1038%20Black-wht.jpg?dl=0,0
HR1038, Cham-Choco,https://dl.dropboxusercontent.com/s/z5ycho7utrx35j8/HR1038%20Cham-Choco.jpg?dl=0,0
HR1038, Silver-Steel,https://dl.dropboxusercontent.com/s/cd1uvg51y8gr5vf/HR1038%20Silver-Steel.jpg?dl=0,0
HR1039, Purple,https://dl.dropboxusercontent.com/s/tqgngrjohw69dex/HR1039%20Purple.jpg?dl=0,0
HR1039, White,https://dl.dropboxusercontent.com/s/e8h9v7pw3x97206/HR1039%20White.jpg?dl=0,0
HR1055, Chocolate,https://dl.dropboxusercontent.com/s/8lxoefgf80w4ob5/HR1055%20Chocolate.jpg?dl=0,0
HR1056, Cranberry,https://dl.dropboxusercontent.com/s/loohnptlrr5all8/HR1056%20Cranberry.jpg?dl=0,0
HR1056, Red,https://dl.dropboxusercontent.com/s/p7lmyyphltfwelv/HR1056%20Red.jpg?dl=0,0
HR1056, Royal,https://dl.dropboxusercontent.com/s/0lxxlfqo71ny4ma/HR1056%20Royal.jpg?dl=0,0
HM967, Blue,https://dl.dropboxusercontent.com/s/rngp1bzpked2rdy/HM967%20Blue.jpg?dl=0,0
HM968, White,https://dl.dropboxusercontent.com/s/fav6t43kqk4rxwd/HM968%20White.jpg?dl=0,0
HM970, Navy,https://dl.dropboxusercontent.com/s/yiqsmq6k1helyai/HM970%20Navy.jpg?dl=0,0
HR1037, Red,https://dl.dropboxusercontent.com/s/7r2y31h7ycf4i9z/HR1037%20Red.jpg?dl=0,0
HG1081, Black,https://dl.dropboxusercontent.com/s/kxko0u9xfvyve5e/HG1081%20Black.jpg?dl=0,0
HG1081, Mustard gold,https://dl.dropboxusercontent.com/s/50ws7gx21mowzzv/HG1081%20Mustard%20gold.jpg?dl=0,0
HG1081, Red,https://dl.dropboxusercontent.com/s/toemo61eiv2f1ya/HG1081%20Red.jpg?dl=0,0
HM935, White,https://dl.dropboxusercontent.com/s/r30xa1ajfv9j1li/HM935%20White.jpg?dl=0,0
HM948, Pastel Green,https://dl.dropboxusercontent.com/s/c0qe224i0cknwht/HM948%20Pastel%20Green.jpg?dl=0,0
HM948, Pink,https://dl.dropboxusercontent.com/s/iln20glojz9ar24/HM948%20Pink.jpg?dl=0,0
HM953, Rose,https://dl.dropboxusercontent.com/s/nwu2ff7tuc255uu/HM953%20Rose.jpg?dl=0,0
HM953, Sapphire,https://dl.dropboxusercontent.com/s/q4gs5tcbw7m0dlo/HM953%20Sapphire.jpg?dl=0,0
HM954, Ice Blue,https://dl.dropboxusercontent.com/s/aiq3zhglkbv2erc/HM954%20Ice%20Blue.jpg?dl=0,0
HM954, Pink,https://dl.dropboxusercontent.com/s/fwttyl63787o2s0/HM954%20Pink.jpg?dl=0,0
HM956, Peacock,https://dl.dropboxusercontent.com/s/m7s1v2s8ia56uet/HM956%20Peacock.jpg?dl=0,0
HM957, Purple,https://dl.dropboxusercontent.com/s/ikpwkl0rn8l5965/HM957%20Purple.jpg?dl=0,0
HM957, Red,https://dl.dropboxusercontent.com/s/fqrepgnttlyjeuv/HM957%20Red.jpg?dl=0,0
HM957, Sapphire,https://dl.dropboxusercontent.com/s/0xdbnaohooj49h9/HM957%20Sapphire.jpg?dl=0,0
HM958, Blue,https://dl.dropboxusercontent.com/s/k8mgp4a4jxlas1h/HM958%20Blue.jpg?dl=0,0
HM958, Peacock,https://dl.dropboxusercontent.com/s/91ghv3oql7yayy5/HM958%20Peacock.jpg?dl=0,0
HM958, Pink,https://dl.dropboxusercontent.com/s/27x1v63rm7l3vmr/HM958%20Pink.jpg?dl=0,0
HM959, Animal,https://dl.dropboxusercontent.com/s/otybw1ddh5yle3o/HM959%20Animal.jpg?dl=0,0
HM960, Black,https://dl.dropboxusercontent.com/s/ulrhcf4cebdhmap/HM960%20Black.jpg?dl=0,0
HM960, Blue,https://dl.dropboxusercontent.com/s/3h42ui1mjno8hif/HM960%20Blue.jpg?dl=0,0
HM960, Mauve,https://dl.dropboxusercontent.com/s/7oomxb5s6ta9ap5/HM960%20Mauve.jpg?dl=0,0
HM960, Pink,https://dl.dropboxusercontent.com/s/dhklbysln5p3170/HM960%20Pink.jpg?dl=0,0
HM960, White,https://dl.dropboxusercontent.com/s/gk81aloozv0vcdw/HM960%20White.jpg?dl=0,0
HM961, Lavender,https://dl.dropboxusercontent.com/s/9osz1vemuaken4b/HM961%20Lavender.jpg?dl=0,0
HM961, Navy,https://dl.dropboxusercontent.com/s/09bvryv0ryz3215/HM961%20Navy.jpg?dl=0,0
HM961, Yellow,https://dl.dropboxusercontent.com/s/5jkqabwhlfwuw8e/HM961%20Yellow.jpg?dl=0,0
HM962, Lime Yellow,https://dl.dropboxusercontent.com/s/z91m9o858a9x3ak/HM962%20Lime%20Yellow.jpg?dl=0,0
HM962, Rose Pink,https://dl.dropboxusercontent.com/s/bvhwxxwmzinhyla/HM962%20Rose%20Pink.jpg?dl=0,0
HM962, White,https://dl.dropboxusercontent.com/s/gjz7pv1t38aod17/HM962%20White.jpg?dl=0,0
HM964, Lime,https://dl.dropboxusercontent.com/s/5ur6qh6zlyrm81n/HM964%20Lime.jpg?dl=0,0
HM964, White,https://dl.dropboxusercontent.com/s/nvpyoqrswl7dwgu/HM964%20White.jpg?dl=0,0
HM965, IceBlue,https://dl.dropboxusercontent.com/s/0r7ow8gi2s6aecf/HM965%20IceBlue.jpg?dl=0,0
HM965, Navy,https://dl.dropboxusercontent.com/s/p3ucz6c2bgujakp/HM965%20Navy.jpg?dl=0,0
HM965, Pink,https://dl.dropboxusercontent.com/s/t69u5j87nnlhie7/HM965%20Pink.jpg?dl=0,0
HM965, White,https://dl.dropboxusercontent.com/s/ss8ns9h4d8ers5j/HM965%20White.jpg?dl=0,0
HM969, White-black,https://dl.dropboxusercontent.com/s/msix2xnmb70b4x1/HM969%20White-black.jpg?dl=0,0
HM970, White,https://dl.dropboxusercontent.com/s/s4o5jep1mxp0fbv/HM970%20White.jpg?dl=0,0
HM971, Royal,https://dl.dropboxusercontent.com/s/d2178t1cxemiaum/HM971%20Royal.jpg?dl=0,0
HR1030, Navy,https://dl.dropboxusercontent.com/s/p4r7a6ii2yns4fw/HR1030%20Navy.jpg?dl=0,0
HR1031, Navy,https://dl.dropboxusercontent.com/s/txsfqcy788zfwy6/HR1031%20Navy.jpg?dl=0,0
HR1031, Silver,https://dl.dropboxusercontent.com/s/nj9jnlfjacmkldn/HR1031%20Silver.jpg?dl=0,0
HR1031, Turq,https://dl.dropboxusercontent.com/s/jfyxrrla0jievj2/HR1031%20Turq.jpg?dl=0,0
HR1031, White,https://dl.dropboxusercontent.com/s/ylt3g4zvu2ark2w/HR1031%20White.jpg?dl=0,0
HR1037, White,https://dl.dropboxusercontent.com/s/dp1bjbx61lh22iw/HR1037%20White.jpg?dl=0,0
HR1038, White-blk,https://dl.dropboxusercontent.com/s/q3bxwegwlqnwzno/HR1038%20White-blk.jpg?dl=0,0
HR1039, Ice Blue,https://dl.dropboxusercontent.com/s/5391fxyj1654cjd/HR1039%20Ice%20Blue.jpg?dl=0,0
HR1052, Black-White,https://dl.dropboxusercontent.com/s/vw102pd6ofjiaj9/HR1052%20Black-White.jpg?dl=0,0
HR1053, Black,https://dl.dropboxusercontent.com/s/hgqlfo0o5kk3g50/HR1053%20Black.jpg?dl=0,0
HR1053, Purple,https://dl.dropboxusercontent.com/s/zsdvco1abrkewi3/HR1053%20Purple.jpg?dl=0,0
HR1055, Champagne,https://dl.dropboxusercontent.com/s/40x78ho9g776osp/HR1055%20Champagne.jpg?dl=0,0
HR1055, Ivory,https://dl.dropboxusercontent.com/s/i8bjnx5cpt3d6qy/HR1055%20Ivory.jpg?dl=0,0
HR1055, Silver,https://dl.dropboxusercontent.com/s/e8i38g1txunn1o2/HR1055%20Silver.jpg?dl=0,0
HR1056, White,https://dl.dropboxusercontent.com/s/m4hndlhy9marjp8/HR1056%20White.jpg?dl=0,0
HM968, Black,https://dl.dropboxusercontent.com/s/7yusjo0xbq0dbr7/HM968%20Black.jpg?dl=0,0
HM968, Purple,https://dl.dropboxusercontent.com/s/hq5bqui6keqtybr/HM968%20Purple.jpg?dl=0,0
HM968, Red,https://dl.dropboxusercontent.com/s/8g5fqkw0cot4gc8/HM968%20Red.jpg?dl=0,0
HM968, Royal.JP,https://dl.dropboxusercontent.com/s/u15h5k2zrvsevl9/HM968%20Royal.JPG?dl=0,0
HG1037-39, Emerald-wht,https://dl.dropboxusercontent.com/s/r7ikz4re3vhkadz/HG1037-39%20Emerald-wht.jpg?dl=0,0
HG1066, Mustard,https://dl.dropboxusercontent.com/s/i2j1lrawbtp5qbu/HG1066%20Mustard.jpg?dl=0,0
HG1069, Silver-Steel,https://dl.dropboxusercontent.com/s/8mis0zjo447u5w7/HG1069%20Silver-Steel.jpg?dl=0,0
HM970, Royal,https://dl.dropboxusercontent.com/s/p959ivx8ndusw7j/HM970%20Royal.jpg?dl=0,0
