H0889,H0889-AQUA BLUE-OS,,,,OS,AQUA BLUE
H0889,H0889-CORAL PINK-OS,,,,OS,CORAL PINK
H0907/08,H0907/08-Emerald-OS,,,,OS,Emerald
H0910,H0910-BLK/WHT DOT-OS,,,,OS,BLK/WHT DOT
HD1326,HD1326-LEOPARD-OS,,,,OS,LEOPARD
HD1335,HD1335-W/B-OS,,,,OS,W/B
HD1337,HD1337-MULTI-OS,,,,OS,MULTI
HD1338,HD1338-BLACK/WHT-OS,,,,OS,BLACK/WHT
HD1339,HD1339-GOLD/RYL-OS,,,,OS,GOLD/RYL
HD1340,HD1340-GOLD/RED/BLK-OS,,,,OS,GOLD/RED/BLK
HD1341,HD1341-ORG MULTI-OS,,,,OS,ORG MULTI
HD1341,HD1341-SFM MULTI-OS,,,,OS,SFM MULTI
HD1342,HD1342-WHT/ROYAL-OS,,,,OS,WHT/ROYAL
HD1345,HD1345-GOLD-OS,,,,OS,GOLD
HD1345,HD1345-SAPPHIRE-OS,,,,OS,SAPPHIRE
HD1345,HD1345-WHT-OS,,,,OS,WHT
HD1347,HD1347-MULTI-OS,,,,OS,MULTI
HD1348,HD1348-MULTI-OS,,,,OS,MULTI
HD1349,HD1349-BLK/PNK-OS,,,,OS,BLK/PNK
HD1424/58,HD1424/58-GREEN-OS,,,,OS,GREEN
HD1424/58,HD1424/58-NAVY-OS,,,,OS,NAVY
HD1424/58,HD1424/58-PINK-OS,,,,OS,PINK
HD1468/69,HD1468/69-GLD/BLK-OS,,,,OS,GLD/BLK
HD1491,HD1491-CHAM-OS,,,,OS,CHAM
HD1492,HD1492-LIME GREEN-OS,,,,OS,LIME GREEN
HD1493,HD1493-SIL-OS,,,,OS,SIL
HD1494,HD1494-IVY-OS,,,,OS,IVY
HD1494,HD1494-PINK-OS,,,,OS,PINK
HD1499,HD1499-CHAM-OS,,,,OS,CHAM
HD1499,HD1499-COPPER-OS,,,,OS,COPPER
HD1502,HD1502-BLACK/GREEN-OS,,,,OS,BLACK/GREEN
HD1502,HD1502-BLK/PNK-OS,,,,OS,BLK/PNK
HG1007,HG1007-BLK-OS,,,,OS,BLK
HG1007,HG1007-CHAM-OS,,,,OS,CHAM
HG1007,HG1007-Emerald-OS,,,,OS,Emerald
HG1007,HG1007-ICE BLUE-OS,,,,OS,ICE BLUE
HG1007,HG1007-IVY-OS,,,,OS,IVY
HG1007,HG1007-NAVY-OS,,,,OS,NAVY
HG1007,HG1007-SIL-OS,,,,OS,SIL
HG1007,HG1007-WHT-OS,,,,OS,WHT
HG1035,HG1035-BLK/ROYAL-OS,,,,OS,BLK/ROYAL
HG1037/39,HG1037/39-EMERALD/WHT-OS,,,,OS,EMERALD/WHT
HG1037/39,HG1037/39-GOLD/WHT-OS,,,,OS,GOLD/WHT
HG1040,HG1040-PEACOCK-OS,,,,OS,PEACOCK
HG1040,HG1040-VIOLET-OS,,,,OS,VIOLET
HG1046,HG1046-PURPLE-OS,,,,OS,PURPLE
HG1046,HG1046-TURQ-OS,,,,OS,TURQ
HG1059,HG1059-BLK-OS,,,,OS,BLK
HG1059,HG1059-FUCHSIA-OS,,,,OS,FUCHSIA
HG1059,HG1059-IVY-OS,,,,OS,IVY
HG1060,HG1060-LAV-OS,,,,OS,LAV
HG1060,HG1060-OFF WHT-OS,,,,OS,OFF WHT
HG1061,HG1061-BLUE-OS,,,,OS,BLUE
HG1061,HG1061-SIL-OS,,,,OS,SIL
HG1062,HG1062-MUSTARD-OS,,,,OS,MUSTARD
HG1066,HG1066-FUCHSIA-OS,,,,OS,FUCHSIA
HG1066,HG1066-MUSTARD-OS,,,,OS,MUSTARD
HG1067/68,HG1067/68-NAVY-OS,,,,OS,NAVY
HG1067/68,HG1067/68-PURPLE-OS,,,,OS,PURPLE
HG1067/68,HG1067/68-RED-OS,,,,OS,RED
HG1069,HG1069-CINNAMON-OS,,,,OS,CINNAMON
HG1069,HG1069-IVY-OS,,,,OS,IVY
HG1069,HG1069-SIL-OS,,,,OS,SIL
HG1081,HG1081-BLK-OS,,,,OS,BLK
HG1081,HG1081-MUSTARD GLD-OS,,,,OS,MUSTARD GLD
HG1081,HG1081-RED-OS,,,,OS,RED
HM1020,HM1020-BLK-OS,,,,OS,BLK
HM1020,HM1020-WHT-OS,,,,OS,WHT
HM935,HM935-BLK-OS,,,,OS,BLK
HM935,HM935-CHOCO-OS,,,,OS,CHOCO
HM935,HM935-NAVY-OS,,,,OS,NAVY
HM935,HM935-RYL-OS,,,,OS,RYL
HM935,HM935-WHT-OS,,,,OS,WHT
HM948,HM948-LILAC-OS,,,,OS,LILAC
HM948,HM948-PASTEL GRN-OS,,,,OS,PASTEL GRN
HM948,HM948-PINK-OS,,,,OS,PINK
HM948,HM948-WHT-OS,,,,OS,WHT
HM953,HM953-ROSE-OS,,,,OS,ROSE
HM953,HM953-SAPPHIRE-OS,,,,OS,SAPPHIRE
HM953,HM953-SIL-OS,,,,OS,SIL
HM954,HM954-ICE BLUE-OS,,,,OS,ICE BLUE
HM954,HM954-PINK-OS,,,,OS,PINK
HM956,HM956-PEACOCK-OS,,,,OS,PEACOCK
HM957,HM957-PURPLE-OS,,,,OS,PURPLE
HM957,HM957-RED-OS,,,,OS,RED
HM958,HM958-BLUE-OS,,,,OS,BLUE
HM958,HM958-PEACOCK-OS,,,,OS,PEACOCK
HM958,HM958-PINK-OS,,,,OS,PINK
HM959,HM959-Animal-OS,,,,OS,Animal
HM960,HM960-BLUE-OS,,,,OS,BLUE
HM960,HM960-MAUVE-OS,,,,OS,MAUVE
HM960,HM960-PINK-OS,,,,OS,PINK
HM960,HM960-WHT-OS,,,,OS,WHT
HM961,HM961-LAV-OS,,,,OS,LAV
HM961,HM961-NAVY-OS,,,,OS,NAVY
HM961,HM961-YELLOW-OS,,,,OS,YELLOW
HM964,HM964-LIME-OS,,,,OS,LIME
HM965,HM965-ICE BLUE-OS,,,,OS,ICE BLUE
HM965,HM965-WHT-OS,,,,OS,WHT
HM967,HM967-BLK-OS,,,,OS,BLK
HM967,HM967-BLUE-OS,,,,OS,BLUE
HM967,HM967-PINK-OS,,,,OS,PINK
HM967,HM967-WHT-OS,,,,OS,WHT
HM968,HM968-RYL-OS,,,,OS,RYL
HM969,HM969-W/B-OS,,,,OS,W/B
HM970,HM970-BLK-OS,,,,OS,BLK
HM970,HM970-RYL-OS,,,,OS,RYL
HM970,HM970-WHT-OS,,,,OS,WHT
HM971,HM971-BLK-OS,,,,OS,BLK
HM971,HM971-PURPLE-OS,,,,OS,PURPLE
HM971,HM971-RYL-OS,,,,OS,RYL
HR1020,HR1020-PURPLE-OS,,,,OS,PURPLE
HR1030,HR1030-NAVY-OS,,,,OS,NAVY
HR1031,HR1031-GREEN-OS,,,,OS,GREEN
HR1031,HR1031-SIL-OS,,,,OS,SIL
HR1031,HR1031-TURQ-OS,,,,OS,TURQ
HR1031,HR1031-WHT-OS,,,,OS,WHT
HR1036,HR1036-PURPLE-OS,,,,OS,PURPLE
HR1037,HR1037-BLK-OS,,,,OS,BLK
HR1037,HR1037-CHAM-OS,,,,OS,CHAM
HR1037,HR1037-NAVY-OS,,,,OS,NAVY
HR1037,HR1037-RED-OS,,,,OS,RED
HR1037,HR1037-SIL-OS,,,,OS,SIL
HR1037,HR1037-WHT-OS,,,,OS,WHT
HR1038,HR1038-CHAMP/CHOCO-OS,,,,OS,CHAMP/CHOCO
HR1038,HR1038-SIL/ST-OS,,,,OS,SIL/ST
HR1040,HR1040-EMERALD/WHT-OS,,,,OS,EMERALD/WHT
HR1052,HR1052-BLACK/WHT-OS,,,,OS,BLACK/WHT
HR1053,HR1053-BLK-OS,,,,OS,BLK
HR1053,HR1053-PURPLE-OS,,,,OS,PURPLE
HR1055,HR1055-CHAM-OS,,,,OS,CHAM
HR1055,HR1055-CHOCO-OS,,,,OS,CHOCO
HR1055,HR1055-IVY-OS,,,,OS,IVY
HR1055,HR1055-SIL-OS,,,,OS,SIL
HR1056,HR1056-CRAN-OS,,,,OS,CRAN
HR1056,HR1056-RED-OS,,,,OS,RED
HR1056,HR1056-RYL-OS,,,,OS,RYL
HR1056,HR1056-WHT-OS,,,,OS,WHT
,,,,,,
,,,,,,
,,,,,,
,,,,,,
,,,,,,
,,,,,,
,,,,,,
,,,,,,
,,,,,,
,,,,,,
,,,,,,
,,,,,,
,,,,,,
,,,,,,
,,,,,,
,,,,,,
,,,,,,
,,,,,,
,,,,,,
,,,,,,
,,,,,,
,,,,,,
,,,,,,
,,,,,,
,,,,,,
,,,,,,
,,,,,,
,,,,,,
,,,,,,
,,,,,,
,,,,,,
,,,,,,
,,,,,,
,,,,,,
,,,,,,
,,,,,,
,,,,,,
,,,,,,
,,,,,,
,,,,,,
,,,,,,
,,,,,,
,,,,,,
,,,,,,
,,,,,,
,,,,,,
,,,,,,
,,,,,,
,,,,,,
,,,,,,
,,,,,,
,,,,,,
,,,,,,
,,,,,,
,,,,,,
,,,,,,
,,,,,,
,,,,,,
,,,,,,
,,,,,,
,,,,,,
,,,,,,
,,,,,,
,,,,,,
,,,,,,
,,,,,,
,,,,,,
,,,,,,
,,,,,,
,,,,,,
,,,,,,
,,,,,,
,,,,,,
,,,,,,
,,,,,,
,,,,,,
,,,,,,
,,,,,,
,,,,,,
,,,,,,
,,,,,,
,,,,,,
,,,,,,
,,,,,,
,,,,,,
,,,,,,
,,,,,,
,,,,,,
,,,,,,
,,,,,,
,,,,,,
,,,,,,
,,,,,,
,,,,,,
,,,,,,
,,,,,,
,,,,,,
,,,,,,
,,,,,,
,,,,,,
,,,,,,
,,,,,,
,,,,,,
,,,,,,
,,,,,,
,,,,,,
,,,,,,
,,,,,,
,,,,,,
,,,,,,
,,,,,,
,,,,,,
,,,,,,
,,,,,,
,,,,,,
,,,,,,
,,,,,,
,,,,,,
,,,,,,
,,,,,,
,,,,,,
,,,,,,
,,,,,,
,,,,,,
,,,,,,
,,,,,,
,,,,,,
,,,,,,
,,,,,,
,,,,,,
,,,,,,
,,,,,,
,,,,,,
,,,,,,
,,,,,,
,,,,,,
,,,,,,
,,,,,,
,,,,,,
,,,,,,
,,,,,,
,,,,,,
,,,,,,
,,,,,,
,,,,,,
,,,,,,
,,,,,,
,,,,,,
,,,,,,
,,,,,,
,,,,,,
,,,,,,
,,,,,,
,,,,,,
,,,,,,
,,,,,,
,,,,,,
,,,,,,
,,,,,,
,,,,,,
,,,,,,
,,,,,,
,,,,,,
,,,,,,
,,,,,,
,,,,,,
,,,,,,
,,,,,,
,,,,,,
,,,,,,
,,,,,,
,,,,,,
,,,,,,
,,,,,,
,,,,,,
,,,,,,
,,,,,,
,,,,,,
,,,,,,
,,,,,,
,,,,,,
,,,,,,
,,,,,,
,,,,,,
,,,,,,
,,,,,,
,,,,,,
,,,,,,
,,,,,,
,,,,,,
,,,,,,
,,,,,,
,,,,,,
,,,,,,
,,,,,,
,,,,,,
,,,,,,
,,,,,,
,,,,,,
,,,,,,
,,,,,,
,,,,,,
,,,,,,
,,,,,,
,,,,,,
,,,,,,
,,,,,,
,,,,,,
,,,,,,
,,,,,,
,,,,,,
,,,,,,
,,,,,,
,,,,,,
,,,,,,
,,,,,,
,,,,,,
,,,,,,
,,,,,,
,,,,,,
,,,,,,
,,,,,,
,,,,,,
,,,,,,
,,,,,,
,,,,,,
,,,,,,
,,,,,,
,,,,,,
,,,,,,
,,,,,,
,,,,,,
,,,,,,
,,,,,,
,,,,,,
,,,,,,
,,,,,,
,,,,,,
,,,,,,
,,,,,,
,,,,,,
,,,,,,
,,,,,,
,,,,,,
,,,,,,
,,,,,,
,,,,,,
,,,,,,
,,,,,,
,,,,,,
,,,,,,
,,,,,,
,,,,,,
,,,,,,
,,,,,,
,,,,,,
,,,,,,
,,,,,,
,,,,,,
,,,,,,
,,,,,,
,,,,,,
,,,,,,
,,,,,,
,,,,,,
,,,,,,
,,,,,,
,,,,,,
,,,,,,
,,,,,,
,,,,,,
,,,,,,
,,,,,,
,,,,,,
,,,,,,
,,,,,,
,,,,,,
,,,,,,
,,,,,,
,,,,,,
,,,,,,
,,,,,,
,,,,,,
,,,,,,
,,,,,,
,,,,,,
,,,,,,
,,,,,,
,,,,,,
,,,,,,
,,,,,,
,,,,,,
,,,,,,
,,,,,,
,,,,,,
,,,,,,
,,,,,,
,,,,,,
,,,,,,
,,,,,,
,,,,,,
,,,,,,
,,,,,,
,,,,,,
,,,,,,
,,,,,,
,,,,,,
,,,,,,
,,,,,,
,,,,,,
,,,,,,
,,,,,,
,,,,,,
,,,,,,
,,,,,,
,,,,,,
,,,,,,
,,,,,,
,,,,,,
,,,,,,
,,,,,,
,,,,,,
,,,,,,
,,,,,,
,,,,,,
,,,,,,
,,,,,,
,,,,,,
,,,,,,
,,,,,,
,,,,,,
,,,,,,
,,,,,,
,,,,,,
,,,,,,
,,,,,,
,,,,,,
,,,,,,
,,,,,,
,,,,,,
,,,,,,
,,,,,,
,,,,,,
,,,,,,
,,,,,,
,,,,,,
,,,,,,
,,,,,,
,,,,,,
,,,,,,
,,,,,,
,,,,,,
,,,,,,
,,,,,,
,,,,,,
,,,,,,
,,,,,,
,,,,,,
,,,,,,
,,,,,,
,,,,,,
,,,,,,
,,,,,,
,,,,,,
,,,,,,
,,,,,,
,,,,,,
,,,,,,
,,,,,,
,,,,,,
,,,,,,
,,,,,,
,,,,,,
,,,,,,
,,,,,,
,,,,,,
,,,,,,
,,,,,,
,,,,,,
,,,,,,
,,,,,,
,,,,,,
,,,,,,
,,,,,,
,,,,,,
,,,,,,
,,,,,,
,,,,,,
,,,,,,
,,,,,,
,,,,,,
,,,,,,
,,,,,,
,,,,,,
,,,,,,
,,,,,,
,,,,,,
,,,,,,
,,,,,,
,,,,,,
,,,,,,
,,,,,,
,,,,,,
,,,,,,
,,,,,,
,,,,,,
,,,,,,
,,,,,,
,,,,,,
,,,,,,
,,,,,,
,,,,,,
,,,,,,
,,,,,,
,,,,,,
,,,,,,
,,,,,,
,,,,,,
,,,,,,
,,,,,,
,,,,,,
,,,,,,
,,,,,,
,,,,,,
,,,,,,
,,,,,,
,,,,,,
,,,,,,
,,,,,,
,,,,,,
,,,,,,
,,,,,,
,,,,,,
,,,,,,
,,,,,,
,,,,,,
,,,,,,
,,,,,,
,,,,,,
,,,,,,
,,,,,,
,,,,,,
,,,,,,
,,,,,,
,,,,,,
,,,,,,
,,,,,,
,,,,,,
,,,,,,
,,,,,,
,,,,,,
,,,,,,
,,,,,,
,,,,,,
,,,,,,
,,,,,,
,,,,,,
,,,,,,
,,,,,,
,,,,,,
,,,,,,
,,,,,,
,,,,,,
,,,,,,
,,,,,,
,,,,,,
,,,,,,
,,,,,,
,,,,,,
,,,,,,
,,,,,,
,,,,,,
,,,,,,
,,,,,,
,,,,,,
,,,,,,
,,,,,,
,,,,,,
,,,,,,
,,,,,,
,,,,,,
,,,,,,
,,,,,,
,,,,,,
,,,,,,
,,,,,,
,,,,,,
,,,,,,
,,,,,,
,,,,,,
,,,,,,
,,,,,,
,,,,,,
,,,,,,
,,,,,,
,,,,,,
,,,,,,
,,,,,,
,,,,,,
,,,,,,
,,,,,,
,,,,,,
,,,,,,
,,,,,,
,,,,,,
,,,,,,
,,,,,,
,,,,,,
,,,,,,
,,,,,,
,,,,,,
,,,,,,
,,,,,,
,,,,,,
,,,,,,
,,,,,,
,,,,,,
,,,,,,
,,,,,,
,,,,,,
,,,,,,
,,,,,,
,,,,,,
,,,,,,
,,,,,,
,,,,,,
,,,,,,
,,,,,,
,,,,,,
,,,,,,
,,,,,,
,,,,,,
,,,,,,
,,,,,,
,,,,,,
,,,,,,
,,,,,,
,,,,,,
,,,,,,
,,,,,,
,,,,,,
,,,,,,
,,,,,,
,,,,,,
,,,,,,
,,,,,,
,,,,,,
,,,,,,
,,,,,,
,,,,,,
,,,,,,
,,,,,,
,,,,,,
,,,,,,
,,,,,,
,,,,,,
,,,,,,
,,,,,,
,,,,,,
,,,,,,
,,,,,,
,,,,,,
,,,,,,
,,,,,,
,,,,,,
,,,,,,
,,,,,,
,,,,,,
,,,,,,
,,,,,,
,,,,,,
,,,,,,
,,,,,,
,,,,,,
,,,,,,
,,,,,,
,,,,,,
,,,,,,
,,,,,,
,,,,,,
,,,,,,
,,,,,,
,,,,,,
,,,,,,
,,,,,,
,,,,,,
,,,,,,
,,,,,,
,,,,,,
,,,,,,
,,,,,,
,,,,,,
,,,,,,
,,,,,,
,,,,,,
,,,,,,
,,,,,,
,,,,,,
,,,,,,
,,,,,,
,,,,,,
,,,,,,
,,,,,,
,,,,,,
,,,,,,
,,,,,,
,,,,,,
,,,,,,
,,,,,,
,,,,,,
,,,,,,
,,,,,,
,,,,,,
,,,,,,
,,,,,,
,,,,,,
,,,,,,
,,,,,,
,,,,,,
,,,,,,
,,,,,,
,,,,,,
,,,,,,
,,,,,,
,,,,,,
,,,,,,
,,,,,,
,,,,,,
,,,,,,
,,,,,,
,,,,,,
,,,,,,
,,,,,,
,,,,,,
,,,,,,
,,,,,,
,,,,,,
,,,,,,
,,,,,,
,,,,,,
,,,,,,
,,,,,,
,,,,,,
,,,,,,
,,,,,,
,,,,,,
,,,,,,
,,,,,,
,,,,,,
,,,,,,
,,,,,,
,,,,,,
,,,,,,
,,,,,,
,,,,,,
,,,,,,
,,,,,,
,,,,,,
,,,,,,
,,,,,,
,,,,,,
,,,,,,
,,,,,,
,,,,,,
,,,,,,
,,,,,,
,,,,,,
,,,,,,
,,,,,,
,,,,,,
,,,,,,
,,,,,,
,,,,,,
,,,,,,
,,,,,,
,,,,,,
,,,,,,
,,,,,,
,,,,,,
,,,,,,
,,,,,,
,,,,,,
,,,,,,
,,,,,,
,,,,,,
,,,,,,
,,,,,,
,,,,,,
,,,,,,
,,,,,,
,,,,,,
,,,,,,
,,,,,,
,,,,,,
,,,,,,
,,,,,,
,,,,,,
,,,,,,
,,,,,,
,,,,,,
,,,,,,
,,,,,,
,,,,,,
,,,,,,
,,,,,,
,,,,,,
,,,,,,
,,,,,,
,,,,,,
,,,,,,
,,,,,,
,,,,,,
,,,,,,
,,,,,,
,,,,,,
,,,,,,
,,,,,,
,,,,,,
,,,,,,
,,,,,,
,,,,,,
,,,,,,
,,,,,,
,,,,,,
,,,,,,
,,,,,,
,,,,,,
,,,,,,
,,,,,,
,,,,,,
,,,,,,
,,,,,,
,,,,,,
,,,,,,
,,,,,,
,,,,,,
,,,,,,
,,,,,,
,,,,,,
,,,,,,
,,,,,,
,,,,,,
,,,,,,
,,,,,,
,,,,,,
,,,,,,
,,,,,,
,,,,,,
,,,,,,
,,,,,,
,,,,,,
,,,,,,
,,,,,,
,,,,,,
,,,,,,
,,,,,,
,,,,,,
,,,,,,
,,,,,,
,,,,,,
,,,,,,
,,,,,,
,,,,,,
,,,,,,
,,,,,,
,,,,,,
,,,,,,
,,,,,,
,,,,,,
,,,,,,
,,,,,,
,,,,,,
,,,,,,
,,,,,,
,,,,,,
,,,,,,
,,,,,,
,,,,,,
,,,,,,
,,,,,,
,,,,,,
,,,,,,
,,,,,,
,,,,,,
,,,,,,
,,,,,,
,,,,,,
,,,,,,
,,,,,,
,,,,,,
,,,,,,
,,,,,,
,,,,,,
,,,,,,
,,,,,,
,,,,,,
,,,,,,
,,,,,,
,,,,,,
,,,,,,
,,,,,,
,,,,,,
,,,,,,
,,,,,,
,,,,,,
,,,,,,
,,,,,,
,,,,,,
,,,,,,
,,,,,,
,,,,,,
,,,,,,
,,,,,,
,,,,,,
,,,,,,
,,,,,,
,,,,,,
,,,,,,
,,,,,,
,,,,,,
,,,,,,
,,,,,,
,,,,,,
,,,,,,
,,,,,,
,,,,,,
,,,,,,
,,,,,,
,,,,,,
,,,,,,
,,,,,,
,,,,,,
,,,,,,
,,,,,,
,,,,,,
,,,,,,
,,,,,,
,,,,,,
,,,,,,
,,,,,,
,,,,,,
,,,,,,
,,,,,,
,,,,,,
,,,,,,
,,,,,,
,,,,,,
,,,,,,
,,,,,,
,,,,,,
,,,,,,
,,,,,,
,,,,,,
,,,,,,
,,,,,,
,,,,,,
,,,,,,
,,,,,,
,,,,,,
,,,,,,
,,,,,,
,,,,,,
,,,,,,
,,,,,,
,,,,,,
,,,,,,
,,,,,,
,,,,,,
,,,,,,
,,,,,,
,,,,,,
,,,,,,
,,,,,,
,,,,,,
,,,,,,
,,,,,,
,,,,,,
,,,,,,
,,,,,,
,,,,,,
,,,,,,
,,,,,,
,,,,,,
,,,,,,
,,,,,,
,,,,,,
,,,,,,
,,,,,,
,,,,,,
,,,,,,
,,,,,,
,,,,,,
,,,,,,
,,,,,,
,,,,,,
,,,,,,
,,,,,,
,,,,,,
,,,,,,
,,,,,,
,,,,,,
,,,,,,
,,,,,,
,,,,,,
,,,,,,
,,,,,,
,,,,,,
,,,,,,
,,,,,,
,,,,,,
,,,,,,
,,,,,,
,,,,,,
,,,,,,
,,,,,,
,,,,,,
,,,,,,
,,,,,,
,,,,,,
,,,,,,
,,,,,,
,,,,,,
,,,,,,
,,,,,,
,,,,,,
,,,,,,
,,,,,,
,,,,,,
,,,,,,
,,,,,,
,,,,,,
,,,,,,
,,,,,,
,,,,,,
,,,,,,
,,,,,,
,,,,,,
,,,,,,
,,,,,,
,,,,,,
,,,,,,
,,,,,,
,,,,,,
,,,,,,
,,,,,,
,,,,,,
,,,,,,
,,,,,,
,,,,,,
,,,,,,
,,,,,,
,,,,,,
,,,,,,
,,,,,,
,,,,,,
,,,,,,
,,,,,,
,,,,,,
,,,,,,
,,,,,,
,,,,,,
